i,j,x1,x2,objective,radius_from_center,cumulative_minimum_energy,local_mean_energy,local_mean_energy_per_distance,local_min_energy_per_distance,smoothed_local_mean_energy_per_distance,success_rate,basin_id,predecessor_i,predecessor_j
0,0,-1.5,-1.0,3.625,7.0710678118654755,23.817546159029007,1.3674373030662537,3.2818495864849497,3.01454029221919,2.94828478191432,1.0,0,1,0
1,0,-1.0833333333333333,-1.0,3.086805582046509,6.782841915041544,21.88610604405403,1.355846683184306,3.2540321055137924,2.506279730497373,2.7898892502248955,1.0,0,2,0
2,0,-0.6666666666666666,-1.0,2.722222328186035,6.508541396588879,20.28959086537361,1.0925781925519307,2.6221875370889887,1.7275711189474525,2.499762988405508,1.0,0,2,1
3,0,-0.25,-1.0,2.53125,6.25,19.113969832658768,0.914799322684606,2.195518269752585,0.9752879869800574,2.264850406003176,1.0,0,3,1
4,0,0.16666666666666674,-1.0,2.5138888359069824,6.009252125773315,18.58131092786789,0.8944013814131418,2.146563355722059,0.8754079639717119,2.253573315165009,1.0,0,4,1
5,0,0.5833333333333335,-1.0,2.6701388359069824,5.7885183289374185,18.873459562659264,1.0489860971768696,2.517566623513589,1.5588330002387523,2.528820217573496,1.0,0,5,1
6,0,1.0,-1.0,2.999999761581421,5.5901699437494745,19.396433159708977,1.2979130347569783,3.1149913480149,2.437628629797524,3.063090726632497,1.0,0,6,1
7,0,1.416666666666667,-1.0,3.5034704208374023,5.416666666666667,19.88990943133831,1.607322136561076,3.8575728283262727,2.8945415396253145,3.7765550807282096,1.0,0,7,1
8,0,1.8333333333333335,-1.0,4.180539608001709,5.270462766947299,20.201930448412895,1.9523609479268391,4.685666177367017,3.5585159190147553,4.5780704423360055,1.0,0,8,1
9,0,2.25,-1.0,5.031123161315918,5.153882032022076,20.231301710009575,2.3166414499282837,5.559939083104157,4.33530877450073,5.355272952872846,1.0,0,9,1
10,0,2.666666666666667,-1.0,6.054538249969482,5.068968775248516,19.763389989733696,2.6889851093292236,6.453564851610199,5.173328175863614,5.954790616234711,1.0,0,10,1
11,0,3.083333333333334,-1.0,7.245336532592773,5.01733107449679,18.909969240427017,3.04335880279541,7.304061223182721,6.039308753703596,6.253417249279646,1.0,0,11,1
12,0,3.5,-1.0,8.561887741088867,5.0,17.428853183984756,3.1358443101247153,7.526025287883215,6.850920133415197,6.245138836526144,1.0,1,12,1
13,0,3.916666666666667,-1.0,9.765050888061523,5.01733107449679,16.75445106625557,2.8832366466522217,6.91976691434552,5.918603042669151,6.111872573363346,1.0,1,13,1
14,0,4.333333333333334,-1.0,10.41714859008789,5.068968775248517,18.22244867682457,2.5681493282318115,6.163558838263853,5.210464419819621,6.065312678375314,1.0,1,14,1
15,0,4.75,-1.0,10.762653350830078,5.153882032022076,20.111957758665085,2.7708612283070884,6.65006867576794,5.655102841610773,6.233044994508468,1.0,1,15,1
16,0,5.166666666666667,-1.0,11.178215980529785,5.270462766947299,22.514763683080673,2.934810479482015,7.043543883006393,6.0346375448876595,6.583866610595559,1.0,1,16,1
17,0,5.583333333333334,-1.0,11.753180503845215,5.416666666666667,25.44565638899803,3.1116087436676025,7.46786013870009,6.5207911243061485,7.053740212929077,1.0,1,17,1
18,0,6.0,-1.0,12.499963760375977,5.5901699437494745,28.826676458120346,3.3243571122487388,7.978459096706605,7.103969425965813,7.5982424489258165,1.0,1,18,1
19,0,6.416666666666667,-1.0,13.420133590698242,5.7885183289374185,32.59592041373253,3.5692528088887534,8.56620511689588,7.762883006912088,8.210363780092974,1.0,1,19,1
20,0,6.833333333333334,-1.0,14.513888359069824,6.009252125773315,36.709367364645004,3.8404574394226074,9.21709689660687,8.47983014679765,8.883628432534001,1.0,1,20,1
21,0,7.25,-1.0,15.78125,6.25,41.13559111952782,4.132863759994507,9.9188754857611,9.145866449686604,9.586388801631616,1.0,1,20,0
22,0,7.666666666666668,-1.0,17.22222137451172,6.508541396588879,45.87287053465843,4.442307154337565,10.66153980164521,9.801264114862104,10.25164669276007,1.0,1,21,0
23,0,8.083333333333334,-1.0,18.836803436279297,6.782841915041545,50.93380555510521,4.765480041503906,11.437149969834273,10.503875543165414,10.760327885409948,1.0,1,22,0
24,0,8.5,-1.0,20.625,7.0710678118654755,56.32873448729515,4.7809178829193115,11.474198350411346,11.244824413433523,10.991457781271658,1.0,1,23,0
0,1,-1.5,-0.5833333333333333,3.2951388359069824,6.782841915041544,22.09309521317482,1.4334213137626648,3.440211266821219,2.3612223492834423,2.915358044860305,1.0,0,1,1
1,1,-1.0833333333333333,-0.5833333333333333,2.756944417953491,6.481812160876685,20.3265383541584,1.2721884548664093,3.0532523873238633,1.6641359489376093,2.7532740588686098,1.0,0,2,1
2,1,-0.6666666666666666,-0.5833333333333333,2.3923611640930176,6.19419531138271,18.934014469385147,0.9884981065988541,2.3723953980773587,1.3460309817299374,2.456848186855632,1.0,0,3,1
3,1,-0.25,-0.5833333333333333,2.2013888359069824,5.921946001479957,17.895536094903946,0.7982658892869949,1.915838064491218,0.6027692415971033,2.217585113538489,1.0,0,3,2
4,1,0.16666666666666674,-0.5833333333333333,2.184027671813965,5.667279378639767,17.376118004322052,0.7717938870191574,1.852305339058561,0.4224734232400344,2.205263123749263,1.0,0,4,2
5,1,0.5833333333333335,-0.5833333333333333,2.340277671813965,5.432668671002207,17.553871616721153,0.9425522983074188,2.2621255051487035,1.357239948009486,2.4827538749583997,1.0,0,5,2
6,1,1.0,-0.5833333333333333,2.670138120651245,5.220818369225695,17.863119408488274,1.2094310075044632,2.9026345074739184,1.5588332863410337,3.0215970966254724,1.0,0,6,2
7,1,1.416666666666667,-0.5833333333333333,3.1736056804656982,5.034602488997738,18.078366801142693,1.5418567955493927,3.700456150902471,2.2059579091985615,3.738969754978928,1.0,0,7,2
8,1,1.8333333333333335,-0.5833333333333333,3.85064959526062,4.876958296133177,18.072823211550713,1.9034579694271088,4.56829916318466,3.024996752739572,4.534509902717501,1.0,0,8,2
9,1,2.25,-0.5833333333333333,4.7010297775268555,4.750730937913075,17.7606450766325,2.2778218388557434,5.466772233428426,3.9089033039954475,5.278938370023577,1.0,0,9,2
10,1,2.666666666666667,-0.5833333333333333,5.722814559936523,4.6584749531245615,16.93763391673565,2.652235269546509,6.36536521998353,4.818822895274564,5.814107362746985,1.0,0,10,2
11,1,3.083333333333334,-0.5833333333333333,6.900767803192139,4.6022337571613585,15.73424831032753,2.841295301914215,6.819109006934294,5.717613493962667,6.030846395058806,1.0,1,11,2
12,1,3.5,-0.5833333333333333,8.127822875976562,4.583333333333333,14.035312563180923,2.7417818903923035,6.580275917264747,4.811444550651984,5.961779442195153,1.0,1,12,2
13,1,3.916666666666667,-0.5833333333333333,8.99731731414795,4.6022337571613585,13.98818090558052,2.200400650501251,5.280961072248221,3.926955502219725,5.807543869314758,1.0,1,13,2
14,1,4.333333333333334,-0.5833333333333333,9.340744018554688,4.6584749531245615,15.223044246435165,2.457894444465637,5.898947026204883,4.420414201775952,5.775843995750325,1.0,1,14,2
15,1,4.75,-0.5833333333333333,9.611443519592285,4.750730937913075,16.924834221601486,2.6103703379631042,6.264890039765037,4.761280513885547,5.967056215976277,1.0,1,15,2
16,1,5.166666666666667,-0.5833333333333333,10.016534805297852,4.876958296133177,19.202801078557968,2.7609683871269226,6.626323344239125,5.192446440930027,6.337910365711945,1.0,1,16,2
17,1,5.583333333333334,-0.5833333333333333,10.590174674987793,5.034602488997738,21.97663626074791,2.947729170322418,7.074549592037847,5.749658751455188,6.823909421452779,1.0,1,17,2
18,1,6.0,-0.5833333333333333,11.336792945861816,5.220818369225695,25.164134114980698,3.173255980014801,7.615815856146302,6.403539886812199,7.385515236588495,1.0,1,18,2
19,1,6.416666666666667,-0.5833333333333333,12.256941795349121,5.432668671002207,28.708123058080673,3.4307486414909363,8.23379571810202,7.127529251816679,8.015658076857068,1.0,1,19,2
20,1,6.833333333333334,-0.5833333333333333,13.35069465637207,5.667279378639768,32.56971463561058,3.7136579751968384,8.912778680391746,7.790530936789752,8.705814141353866,1.0,1,19,1
21,1,7.25,-0.5833333333333333,14.61805534362793,5.921946001479957,36.74599513411522,4.016635179519653,9.63992634843183,8.441684319184997,9.424554382040652,1.0,1,20,1
22,1,7.666666666666668,-0.5833333333333333,16.05902671813965,6.194195311382711,41.25062331557274,4.335486829280853,10.405170464497493,9.147684916566817,10.10475245890523,1.0,1,21,1
23,1,8.083333333333334,-0.5833333333333333,17.67361068725586,6.481812160876686,46.09447965025902,4.666959166526794,11.200700671765519,9.8967959963974,10.625967892108795,1.0,1,22,1
24,1,8.5,-0.5833333333333333,19.46180534362793,6.782841915041544,51.286311239004135,4.829100767771403,11.589839282158634,10.679950195350498,10.863041150185438,1.0,1,23,1
0,2,-1.5,-0.16666666666666663,3.1388888359069824,6.508541396588879,20.922098368406296,1.3293469349543254,3.190432774456124,1.9778130510151912,2.8986706770951494,1.0,0,1,2
1,2,-1.0833333333333333,-0.16666666666666663,2.600694417953491,6.19419531138271,19.239273637533188,1.1436502858996391,2.744760812119083,1.0515353893501573,2.731739232440237,1.0,0,2,2
2,2,-0.6666666666666666,-0.16666666666666663,2.2361111640930176,5.892556509887896,17.954633682966232,0.8155495375394821,1.957318884338621,0.3849386031656931,2.4270486323272453,1.0,0,3,2
3,2,-0.25,-0.16666666666666663,2.0451388359069824,5.605676686280713,17.06603130698204,0.6684539690613747,1.6042895204457874,1.019360612899751,2.1822651691309938,1.0,0,4,2
4,2,0.16666666666666674,-0.16666666666666663,2.027777671813965,5.3359368645273735,16.566188037395477,0.6548864245414734,1.5717274829874002,1.1996229314983877,2.168223632543467,1.0,0,4,3
5,2,0.5833333333333335,-0.16666666666666663,2.1840274333953857,5.086064839889043,16.5818582624197,0.7717926539480686,1.852302379688152,0.42247446036095243,2.4472857801433716,1.0,0,5,3
6,2,1.0,-0.16666666666666663,2.5138869285583496,4.859126579037751,16.616306111216545,1.0715637877583504,2.5717532125966187,0.8754038154886333,2.9886177904292044,1.0,0,6,3
7,2,1.416666666666667,-0.16666666666666663,3.017345428466797,4.658474953124562,16.501931712031364,1.4414405524730682,3.4594571884589636,1.7895617284356813,3.7016486988650033,1.0,0,7,3
8,2,1.8333333333333335,-0.16666666666666663,3.694317579269409,4.487637339278754,16.13988821208477,1.8243850469589233,4.3785241779917214,2.7360423591532976,4.46257666972103,1.0,0,8,3
9,2,2.25,-0.16666666666666663,4.544121265411377,4.350127712046063,15.457508727908134,2.2104189693927765,5.305005363518367,3.688615101682196,5.107948934466383,1.0,0,9,3
10,2,2.666666666666667,-0.16666666666666663,5.561309337615967,4.249182927993988,14.261675998568535,2.576831668615341,6.184396579650771,4.633283017485997,5.477159762471432,1.0,1,10,3
11,2,3.083333333333334,-0.16666666666666663,6.704248905181885,4.187448175467038,12.733537822961807,2.6929628252983093,6.463111098671505,5.48459624656534,5.506776853567459,1.0,1,11,3
12,2,3.5,-0.16666666666666663,7.733800888061523,4.166666666666667,10.810396581888199,2.4686986804008484,5.924876413392049,4.387715511907792,5.31402722719432,1.0,1,12,3
13,2,3.916666666666667,-0.16666666666666663,8.212287902832031,4.187448175467038,11.521415740251541,1.885403335094452,4.524967674960821,3.0857461411597185,5.131038145956312,1.0,1,13,3
14,2,4.333333333333334,-0.16666666666666663,8.384181022644043,4.249182927993988,12.536287873983383,2.099088430404663,5.0378126460630845,3.536192153158562,5.142813151291591,1.0,1,14,3
15,2,4.75,-0.16666666666666663,8.62613296508789,4.350127712046063,14.118231743574142,2.2447283565998077,5.387349212354842,3.884951120140499,5.388964230349731,1.0,1,15,3
16,2,5.166666666666667,-0.16666666666666663,9.027485847473145,4.487637339278754,16.263921827077866,2.4084340631961823,5.780241109763841,4.398662643496388,5.804928683513391,1.0,1,16,3
17,2,5.583333333333334,-0.16666666666666663,9.600658416748047,4.658474953124562,18.86257204413414,2.619537055492401,6.286888700773145,5.044343135626644,6.32821815130006,1.0,1,17,3
18,2,6.0,-0.16666666666666663,10.347217559814453,4.859126579037751,21.83588108420372,2.8708027601242065,6.889928061281668,5.778658972804118,6.92960918519093,1.0,1,18,3
19,2,6.416666666666667,-0.16666666666666663,11.267359733581543,5.086064839889043,25.13348039984703,3.153002679347992,7.56720551478792,6.437013983541101,7.600351015630529,1.0,1,18,2
20,2,6.833333333333334,-0.16666666666666663,12.361111640930176,5.335936864527374,28.75047740340233,3.458647310733795,8.300753231175182,7.082097563096952,8.327901538193679,1.0,1,19,2
21,2,7.25,-0.16666666666666663,13.628472328186035,5.605676686280713,32.70169362425804,3.7820769548416138,9.076986556619076,7.792675320692185,9.081202699361773,1.0,1,20,2
22,2,7.666666666666668,-0.16666666666666663,15.06944465637207,5.892556509887897,36.99848946928978,4.119109690189362,9.885865282264357,8.552413388219218,9.79284069209165,1.0,1,21,2
23,2,8.083333333333334,-0.16666666666666663,16.68402671813965,6.194195311382711,41.649695962667465,4.466666758060455,10.719998969840825,9.349349918117491,10.339670689010596,1.0,1,22,2
24,2,8.5,-0.16666666666666663,18.47222137451172,6.508541396588879,46.662272065877914,4.636791229248047,11.128296578325063,10.174730549064217,10.588732428290836,1.0,1,23,2
0,3,-1.5,0.25,3.15625,6.25,20.568312793970108,1.3414452473322551,3.219468536593261,2.0240048431401103,3.002114430884695,1.0,0,1,3
1,3,-1.0833333333333333,0.25,2.618055582046509,5.921946001479957,18.87597969174385,1.1596540659666061,2.7831697708621075,1.1360344821913488,2.8365597030196255,1.0,0,2,3
2,3,-0.6666666666666666,0.25,2.253472328186035,5.605676686280713,17.578909307718277,0.8433394208550453,2.024014513539576,0.5770828210314359,2.534547003836939,1.0,0,3,3
3,3,-0.25,0.25,2.0625,5.303300858899107,16.672429472208023,0.683723159134388,1.6409355036766289,1.1063192555275319,2.292471271915831,1.0,0,4,3
4,3,0.16666666666666674,0.25,2.0451388359069824,5.01733107449679,16.141454309225082,0.6684534922242165,1.6042883760365396,1.0193608990020324,2.277718596102559,1.0,0,4,4
5,3,0.5833333333333335,0.25,2.201388120651245,4.750730937913075,15.896861180663109,0.798261970281601,1.9158286588787006,0.6027686693924589,2.55089780109285,1.0,0,5,4
6,3,1.0,0.25,2.5312445163726807,4.5069390943299865,15.577584072947502,1.0893360525369644,2.614406539868829,0.9752698910107664,3.0782750474305867,1.0,0,6,4
7,3,1.416666666666667,0.25,3.034677505493164,4.289845892077917,15.084384128451347,1.4529824256896973,3.4871575487123048,1.8403932419198268,3.7585217988297948,1.0,0,7,4
8,3,1.8333333333333335,0.25,3.711446523666382,4.103690750748377,14.334459826350212,1.8322898149490356,4.3974954535433,2.7690222227054173,4.435133011872861,1.0,0,8,4
9,3,2.25,0.25,4.559619903564453,3.952847075210474,13.262193366885185,2.2101563811302185,5.304374955831136,3.709523745491385,4.911980756272489,1.0,0,9,4
10,3,2.666666666666667,0.25,5.563962936401367,3.84147685720537,11.692862913012505,2.3690665662288666,5.685759934721136,4.624075102982501,5.039056211858641,1.0,1,10,4
11,3,3.083333333333334,0.25,6.617405891418457,3.77307714089059,9.957012802362442,2.1830880641937256,5.239411487321666,3.593982525158762,4.83027237643263,1.0,1,12,3
12,3,3.5,0.25,7.313289642333984,3.75,8.933144003152847,1.3162589967250824,3.1590212160820936,1.8273604475326324,4.495454861663201,1.0,1,12,4
13,3,3.916666666666667,0.25,7.483105659484863,3.77307714089059,9.388978272676468,1.6179896742105484,3.8831747451821155,2.368524486135269,4.289735780964357,1.0,1,13,4
14,3,4.333333333333334,0.25,7.580193996429443,3.84147685720537,10.215147584676743,1.7491092383861542,4.197862328801053,2.625105160469763,4.353218247869838,1.0,1,14,4
15,3,4.75,0.25,7.811673641204834,3.952847075210474,11.693748205900192,1.8840952515602112,4.521829376610408,3.0552230331791383,4.661333681552721,1.0,1,15,4
16,3,5.166666666666667,0.25,8.211702346801758,4.103690750748377,13.690557807683945,2.072939485311508,4.9750539350085035,3.685513225292529,5.132655477728948,1.0,1,16,4
17,3,5.583333333333334,0.25,8.784709930419922,4.289845892077917,16.091038078069687,2.314315974712372,5.554357962101518,4.436354902441268,5.708537567568443,1.0,1,17,4
18,3,6.0,0.25,9.531248092651367,4.5069390943299865,18.825687259435654,2.595044732093811,6.228108393813414,5.086729082767136,6.366473266533134,1.0,1,17,3
19,3,6.416666666666667,0.25,10.451388359069824,4.750730937913075,21.886055320501328,2.9040201902389526,6.969647278168772,5.722520150192318,7.091885361782862,1.0,1,18,3
20,3,6.833333333333334,0.25,11.54513931274414,5.0173310744967905,25.28816470503807,3.2332261204719543,7.759742134643975,6.439586685495998,7.8682597948703785,1.0,1,19,3
21,3,7.25,0.25,12.8125,5.303300858899107,29.043667167425156,3.5770739316940308,8.584978860885924,7.213730512134747,8.664706438438913,1.0,1,20,3
22,3,7.666666666666668,0.25,14.253471374511719,5.605676686280714,33.16120848059654,3.9317190647125244,9.436127321865706,8.028452884083894,9.413403678880064,1.0,1,21,3
23,3,8.083333333333334,0.25,15.868054389953613,5.921946001479957,37.647347778081894,4.294470489025116,10.306727548524435,8.872575139074378,9.988430503102713,1.0,1,22,3
24,3,8.5,0.25,17.65625,6.25,42.507144302129745,4.472093423207601,10.73302138208402,9.738435181857923,10.250265365560415,1.0,1,23,3
0,4,-1.5,0.6666666666666667,3.347222328186035,6.009252125773315,21.082009240984917,1.4661008914311726,3.5186420897113337,2.475865123354447,3.3024005422030136,1.0,0,1,4
1,4,-1.0833333333333333,0.6666666666666667,2.809027671813965,5.667279378639767,19.288410112261772,1.310189351439476,3.1444544474613325,1.8231534565375587,3.1474783730957867,1.0,0,2,4
2,4,-0.6666666666666666,0.6666666666666667,2.444444417953491,5.3359368645273735,17.861736699938774,1.0338139832019806,2.481153441374138,1.5382909994940281,2.864620004894169,1.0,0,3,4
3,4,-0.25,0.6666666666666667,2.253472328186035,5.01733107449679,16.777895614504814,0.8433391638100147,2.0240138966315318,0.5770830713709321,2.6378825039748492,1.0,0,4,4
4,4,0.16666666666666674,0.6666666666666667,2.2361109256744385,4.714045207910316,15.981063827872276,0.8155480436980724,1.9573152991190301,0.38493713689150155,2.623831930521788,1.0,0,5,4
5,4,0.5833333333333335,0.6666666666666667,2.3923592567443848,4.42922742197277,15.336018785834312,0.9884869754314423,2.3723686832767727,1.3460216834057959,2.8785917758643027,1.0,0,6,4
6,4,1.0,0.6666666666666667,2.7222065925598145,4.166666666666666,14.616213724017143,1.2491018921136856,2.9978445456508482,1.727532065986058,3.3637807750429585,1.0,0,6,5
7,4,1.416666666666667,0.6666666666666667,3.225567579269409,3.9308254716902513,13.722617074847221,1.5727435052394867,3.7745841360642247,2.327941353601585,3.9615111523108957,1.0,0,7,5
8,4,1.8333333333333335,0.6666666666666667,3.9017601013183594,3.726779962499649,12.573297902941704,1.9246166944503784,4.619079947106023,3.1129992269517466,4.47781174696847,1.0,0,8,5
9,4,2.25,0.6666666666666667,4.745337009429932,3.560001560548971,11.108803436160088,2.2667668163776398,5.440240002220673,3.9627955401225603,4.702954293030605,1.0,1,9,5
10,4,2.666666666666667,0.6666666666666667,5.714666366577148,3.4359213546813834,9.210990831255913,2.3235012590885162,5.576403115587333,4.740118171669355,4.529216693685861,1.0,1,10,5
11,4,3.083333333333334,0.6666666666666667,6.570606231689453,3.359274061791062,7.646327763795853,1.9986302554607391,4.796712755334779,3.5658786980686807,4.079947416078937,1.0,1,11,5
12,4,3.5,0.6666666666666667,6.875482559204102,3.333333333333333,7.3211490213871,1.0487315133213997,2.5169553283943316,1.0663450447871663,3.6343684390912707,1.0,1,12,5
13,4,3.916666666666667,0.6666666666666667,6.873764991760254,3.359274061791062,7.541996151208878,1.2738799005746841,3.057311390670322,1.5071311708864608,3.440191224407163,1.0,1,13,5
14,4,4.333333333333334,0.6666666666666667,6.942104816436768,3.4359213546813834,8.278970569372177,1.3878237903118134,3.3307772385711196,1.7352689869275577,3.5637237082418034,1.0,1,14,5
15,4,4.75,0.6666666666666667,7.169847011566162,3.560001560548971,9.647321432828903,1.541022926568985,3.698455657942758,2.3276806675109545,3.933760761996805,1.0,1,15,5
16,4,5.166666666666667,0.6666666666666667,7.569407939910889,3.7267799624996494,11.470796436071396,1.7650633454322815,4.236151247396213,3.109149307768378,4.462920435652742,1.0,1,16,5
17,4,5.583333333333334,0.6666666666666667,8.142355918884277,3.9308254716902518,13.644347995519638,2.0422328114509583,4.90135849026819,3.7431695990222176,5.101067115318953,1.0,1,16,4
18,4,6.0,0.6666666666666667,8.888888359069824,4.166666666666666,16.152508825063705,2.3552036583423615,5.652489714960477,4.36295437353301,5.823990563371297,1.0,1,17,4
19,4,6.416666666666667,0.6666666666666667,9.809027671813965,4.4292274219727705,19.01230964064598,2.6917194724082947,6.4601255887226525,5.089980922691697,6.608681241350514,1.0,1,18,4
20,4,6.833333333333334,0.6666666666666667,10.902778625488281,4.714045207910317,22.235192388296127,3.0439484119415283,7.3054757134642685,5.884638492860036,7.43585269709856,1.0,1,19,4
21,4,7.25,0.6666666666666667,12.17013931274414,5.01733107449679,25.8291355073452,3.4069623947143555,8.176711101151323,6.722991074749403,8.275209879297147,1.0,1,20,4
22,4,7.666666666666668,0.6666666666666667,13.61111068725586,5.335936864527374,29.799874395132065,3.7776251435279846,9.066301847082565,7.590566288210407,9.058918411861518,1.0,1,21,4
23,4,8.083333333333334,0.6666666666666667,15.225692749023438,5.667279378639768,34.15166100859642,4.153870224952698,9.969286941653264,8.478397551878949,9.659021825701826,1.0,1,22,4
24,4,8.5,0.6666666666666667,17.01388931274414,6.009252125773315,38.88771876692772,4.338120619455974,10.411486753697607,9.38072175543079,9.931866521981634,1.0,1,23,4
0,5,-1.5,1.0833333333333335,3.711805582046509,5.7885183289374185,21.83006326854229,1.6757890383402507,4.021893904072418,3.1641271747710396,3.8011820996939583,1.0,0,1,5
1,5,-1.0833333333333333,1.0833333333333335,3.1736111640930176,5.432668671002207,19.857521936297417,1.5455078780651093,3.7092190690960973,2.684338346274455,3.6643579812037887,1.0,0,2,5
2,5,-0.6666666666666666,1.0833333333333335,2.809027671813965,5.086064839889043,18.211521193385124,1.3101893961429596,3.1444545547496987,1.8231535995886994,3.4142957563622685,1.0,0,3,5
3,5,-0.25,1.0833333333333335,2.618055582046509,4.750730937913075,16.85187678039074,1.1596539616584778,2.7831695205226317,1.1360349113447707,3.213629647726545,1.0,0,4,5
4,5,0.16666666666666674,1.0833333333333335,2.600693702697754,4.42922742197277,15.707821652293205,1.1436471343040466,2.7447532482889883,1.0515331720574774,3.201325776585906,1.0,0,5,5
5,5,0.5833333333333335,1.0833333333333335,2.756938934326172,4.1247895569215265,14.663791462779045,1.2721594721078873,3.0531828287041693,1.6641080539651845,3.425425750300018,1.0,0,6,5
6,5,1.0,1.0833333333333335,3.0867607593536377,3.8414768572053695,13.57201199233532,1.4929059147834778,3.5829743538466796,2.506084036536978,3.840604844004689,1.0,0,7,5
7,5,1.416666666666667,1.0833333333333335,3.589918613433838,3.584302194601094,12.301500603556633,1.7739907801151276,4.25757777059547,3.0492276238658547,4.307005681761302,1.0,0,8,5
8,5,1.8333333333333335,1.0833333333333335,4.264481067657471,3.359274061791062,10.768167182803154,2.085230976343155,5.0045544023453905,3.6799995079041468,4.603664920262743,1.0,0,9,5
9,5,2.25,1.0833333333333335,5.095212459564209,3.1732387941099613,8.93694369494915,2.1758094429969788,5.2219426196617,4.3949367899834435,4.534674345892885,1.0,1,10,5
10,5,2.666666666666667,1.0833333333333335,5.975045680999756,3.033379120533549,6.864496156573296,1.9164386093616486,4.599452854293796,3.4533688977593324,4.066850457269246,1.0,1,11,5
11,5,3.083333333333334,1.0833333333333335,6.497317314147949,2.9462782549439477,6.64612141251564,0.5640510506927967,1.353722474854637,0.5240995856664984,3.425008762802859,1.0,1,11,6
12,5,3.5,1.0833333333333335,6.4935221672058105,2.9166666666666665,6.0162573158741,0.9199422970414162,2.2078612724666185,0.9602661810175115,2.9138597460454148,1.0,1,12,6
13,5,3.916666666666667,1.0833333333333335,6.416999816894531,2.9462782549439477,6.051290184259415,0.9537177719175816,2.2889223865835304,0.5957354517684413,2.7407219276515584,1.0,1,13,6
14,5,4.333333333333334,1.0833333333333335,6.474868297576904,3.033379120533549,6.732452005147934,1.0440320894122124,2.5056771852336746,0.9745040630821288,2.9028043737402913,1.0,1,14,6
15,5,4.75,1.0833333333333335,6.7012858390808105,3.1732387941099613,7.969557970762253,1.2353510856628418,2.9648431736686183,1.8302454786534765,3.3148967604408006,1.0,1,15,6
16,5,5.166666666666667,1.0833333333333335,7.100681304931641,3.359274061791062,9.585811704397202,1.501264065504074,3.6030331004623424,2.4175661726250355,3.8941230166338223,1.0,1,15,5
17,5,5.583333333333334,1.0833333333333335,7.673609733581543,3.5843021946010944,11.549927562475204,1.8175523281097412,4.362125574485498,3.0033957455476794,4.595117348074908,1.0,1,16,5
18,5,6.0,1.0833333333333335,8.42013931274414,3.8414768572053695,13.87895855307579,2.1630097031593323,5.191224304787285,3.747590159450592,5.3812304732810725,1.0,1,17,5
19,5,6.416666666666667,1.0833333333333335,9.340277671813965,4.124789556921527,16.583026260137558,2.525305598974228,6.060732515599738,4.573511437801909,6.220680109355845,1.0,1,18,5
20,5,6.833333333333334,1.0833333333333335,10.434028625488281,4.4292274219727705,19.66855677962303,2.897904932498932,6.954971661469878,5.444089359978211,7.092792977310322,1.0,1,19,5
21,5,7.25,1.0833333333333335,11.70138931274414,4.750730937913075,23.139861434698105,3.2771912217140198,7.8652605003374685,6.340957962401567,7.9685330411185005,1.0,1,20,5
22,5,7.666666666666668,1.0833333333333335,13.14236068725586,5.086064839889044,26.99995192885399,3.66105318069458,8.786529390919403,7.2543667809931875,8.78062796831504,1.0,1,21,5
23,5,8.083333333333334,1.0833333333333335,14.756943702697754,5.432668671002207,31.251020520925522,4.048170268535614,9.715607403452646,8.178776809225772,9.400036497371788,1.0,1,22,5
24,5,8.5,1.0833333333333335,16.54513931274414,5.7885183289374185,35.894702047109604,4.2377283573150635,10.170545896297106,9.11082736142932,9.681117051223763,1.0,1,23,5
0,6,-1.5,1.5,4.25,5.5901699437494745,24.040437266230583,1.9446149667104085,4.667076365192067,3.967611500512266,4.456372076747868,1.0,0,1,6
1,6,-1.0833333333333333,1.5,3.711805582046509,5.220818369225695,21.830063149333,1.8374354839324951,4.4098454533672475,3.1641257442594286,4.340264795178175,1.0,0,1,5
2,6,-0.6666666666666666,1.5,3.347222328186035,4.859126579037751,20.00512044131756,1.642686516046524,3.9424477255272983,2.4758648372521246,4.128061742366194,1.0,0,2,5
3,6,-0.25,1.5,3.156249761581421,4.5069390943299865,18.443664103746414,1.5284873992204666,3.6683698349450093,2.0240035556796605,3.957674168617165,1.0,0,4,6
4,6,0.16666666666666674,1.5,3.1388869285583496,4.166666666666666,16.925871044397354,1.517483115196228,3.6419596935220726,1.9778070428664247,3.9465097160029816,1.0,0,5,6
5,6,0.5833333333333335,1.5,3.2951231002807617,3.8414768572053695,15.481981307268143,1.6125362068414688,3.8700871047960326,2.3611574040563017,4.1296052730639685,1.0,0,6,6
6,6,1.0,1.5,3.624873161315918,3.5355339059327378,14.003253728151321,1.792614758014679,4.302275702612013,3.014036466029784,4.447858659143954,1.0,0,7,6
7,6,1.416666666666667,1.5,4.12745475769043,3.254270698294439,12.388541966676712,2.0317444801330566,4.8761867964858565,3.797405795803623,4.7344072630687135,1.0,0,8,6
8,6,1.8333333333333335,1.5,4.797420024871826,3.0046260628866577,10.563630849123001,2.289058119058609,5.493739696397812,4.3797858467510515,4.764424239161291,1.0,0,9,6
9,6,2.25,1.5,5.593138217926025,2.7950849718747373,8.518181830644608,2.2631495594978333,5.4315591400282095,4.484555914963548,4.389095421729056,1.0,1,10,6
10,6,2.666666666666667,1.5,6.275467395782471,2.6352313834736494,6.492271929979324,1.8757691383361816,4.501846264011977,3.501489449115543,3.6795128319369805,1.0,1,11,6
11,6,3.083333333333334,1.5,6.406732559204102,2.534484387624258,5.799539893865585,0.6189691424369812,1.4855261426817719,0.835409958761223,2.9240664722236724,1.0,1,11,7
12,6,3.5,1.5,6.231403827667236,2.5,4.91689458489418,0.7446183636784554,1.787084001627286,1.1316243058800035,2.40810201800996,1.0,1,12,7
13,6,3.916666666666667,1.5,6.126132965087891,2.5344843876242584,4.944436818361282,0.7085591927170753,1.7005419578211551,0.4145205654640737,2.264857975861085,1.0,1,13,7
14,6,4.333333333333334,1.5,6.180263996124268,2.63523138347365,5.573449224233627,0.7881297171115875,1.8915115873005315,0.8545678953712363,2.4478260742430438,1.0,1,14,7
15,6,4.75,1.5,6.406213760375977,2.7950849718747373,6.64221116900444,0.9976056665182114,2.394254158572867,1.1719691455723364,2.8811447962475913,1.0,1,14,6
16,6,5.166666666666667,1.5,6.805551052093506,3.0046260628866577,8.079747289419174,1.3044999539852142,3.130799368485715,1.6438932014057928,3.4966889701091075,1.0,1,15,6
17,6,5.583333333333334,1.5,7.378471851348877,3.2542706982944396,9.899679511785507,1.6588310301303864,3.981194710928656,2.424434147312815,4.248064668918961,1.0,1,16,6
18,6,6.0,1.5,8.125,3.5355339059327378,12.108483880758286,2.032037764787674,4.876891783283328,3.301818295218771,5.083152606986244,1.0,1,17,6
19,6,6.416666666666667,1.5,9.045138359069824,3.84147685720537,14.709719270467758,2.414393365383148,5.794543388282622,4.215993009946064,5.963550178231578,1.0,1,18,6
20,6,6.833333333333334,1.5,10.13888931274414,4.166666666666667,17.705540031194687,2.801940083503723,6.724656319454674,5.147392923436795,6.868030007089582,1.0,1,19,6
21,6,7.25,1.5,11.40625,4.5069390943299865,21.097351402044296,3.192728877067566,7.662551121561323,6.088125262498956,7.769254030499194,1.0,1,20,6
22,6,7.666666666666668,1.5,12.847221374511719,4.859126579037752,24.88611540198326,3.5856886506080627,8.605654803946432,7.03444615724417,8.600857430142817,1.0,1,21,6
23,6,8.083333333333334,1.5,14.461804389953613,5.220818369225696,29.07252487540245,3.9801663756370544,9.552398422626915,7.984358209365162,9.233381602589894,1.0,1,22,6
24,6,8.5,1.5,16.25,5.5901699437494745,33.65708813071251,4.173298994700114,10.015915985659973,8.93670735419666,9.520025532972896,1.0,1,23,6
0,7,-1.5,1.916666666666667,4.96180534362793,5.416666666666667,25.946388691663742,2.2531726360321045,5.40761484218739,4.51624131357587,5.214144770250492,1.0,0,1,7
1,7,-1.0833333333333333,1.916666666666667,4.423611164093018,5.034602488997738,23.4561068713665,2.1649001240730286,5.195760631300905,3.8296446637768424,5.117180736298914,1.0,0,2,7
2,7,-0.6666666666666666,1.916666666666667,4.059027671813965,4.658474953124562,21.215592831373215,2.002347022294998,4.805632961348877,3.2839597019157125,4.940074300834272,1.0,0,3,7
3,7,-0.25,1.916666666666667,3.8680546283721924,4.289845892077917,19.176176756620407,1.9110252261161804,4.586460643316455,2.9582210500927975,4.797598387241335,1.0,0,4,7
4,7,0.16666666666666674,1.916666666666667,3.8506884574890137,3.9308254716902513,17.273693650960922,1.9024471938610077,4.565873537410624,2.9267975737378666,4.7850929147666745,1.0,0,5,7
5,7,0.5833333333333335,1.916666666666667,4.006899833679199,3.584302194601094,15.42964681982994,1.9777404963970184,4.746577455584743,3.1982608984242344,4.920428612213553,1.0,0,6,7
6,7,1.0,1.916666666666667,4.3364458084106445,3.254270698294439,13.558334082365036,2.12595397233963,5.102289859591339,3.7057623582613335,5.12366745331298,1.0,0,7,7
7,7,1.416666666666667,1.916666666666667,4.83739709854126,2.9462782549439477,11.57898935675621,2.3249728083610535,5.579934810742328,4.361239944576258,5.209305086387186,1.0,0,8,7
8,7,1.8333333333333335,1.916666666666667,5.494517803192139,2.6679684322636867,9.434424966573715,2.3302804827690125,5.592673323865716,5.056951814360792,4.978481976896628,1.0,1,9,7
9,7,2.25,1.916666666666667,6.200738430023193,2.429563289518875,7.1497131288051605,2.038600653409958,4.892641728760903,4.278493065167796,4.355987241108913,1.0,1,10,7
10,7,2.666666666666667,1.916666666666667,6.5493998527526855,2.2438186696393765,6.342476695775986,0.6405602991580963,1.5373447904030086,0.6845736918042843,3.5052523714674195,1.0,1,11,7
11,7,3.083333333333334,1.916666666666667,6.3719940185546875,2.1245914639969934,5.119296044111252,0.7632215209305286,1.8317320049608428,0.4184930837644417,2.7184244912257967,1.0,1,12,7
12,7,3.5,1.916666666666667,6.121860980987549,2.083333333333333,4.103696197271347,0.684338703751564,1.6424128404716138,0.43097311382806514,2.2272327763360638,1.0,1,12,8
13,7,3.916666666666667,1.916666666666667,6.006118297576904,2.1245914639969934,4.230370074510574,0.6346567273139954,1.523176073763448,1.3443435997336959,2.092776402067981,1.0,1,13,8
14,7,4.333333333333334,1.916666666666667,6.058924674987793,2.2438186696393765,4.791054159402847,0.6753019541501999,1.6207249537968806,0.7707695921383682,2.2669390899920066,1.0,1,13,7
15,7,4.75,1.916666666666667,6.284709453582764,2.429563289518875,5.748763471841812,0.8498680274933577,2.039683713831912,0.28470434678243517,2.694575098043286,1.0,1,14,7
16,7,5.166666666666667,1.916666666666667,6.68402624130249,2.6679684322636867,7.105881363153458,1.2079702615737915,2.8991280842498144,1.186748194407728,3.323185785350502,1.0,1,15,7
17,7,5.583333333333334,1.916666666666667,7.25694465637207,2.946278254943948,8.863009721040726,1.5875948071479797,3.8102278114511243,2.1410062667798866,4.0977823483402185,1.0,1,16,7
18,7,6.0,1.916666666666667,8.003472328186035,3.254270698294439,11.020363360643387,1.9752596318721771,4.740624229358172,3.0996869467494763,4.955448470828327,1.0,1,17,7
19,7,6.416666666666667,1.916666666666667,8.92361068725586,3.5843021946010944,13.57805421948433,2.367113173007965,5.681070924007388,4.05963919053619,5.854431457563255,1.0,1,18,7
20,7,6.833333333333334,1.916666666666667,10.017361640930176,3.9308254716902518,16.536145478487015,2.7614210844039917,6.627410733935481,5.020134147541697,6.77332024112178,1.0,1,19,7
21,7,7.25,1.916666666666667,11.284722328186035,4.289845892077917,19.894678860902786,3.1572829484939575,7.577480872095547,5.980924408311618,7.685701804564423,1.0,1,20,7
22,7,7.666666666666668,1.916666666666667,12.72569465637207,4.658474953124563,23.653683215379715,3.5541839003562927,8.530043384888595,6.941863419289939,8.525749298045294,1.0,1,21,7
23,7,8.083333333333334,1.916666666666667,14.340276718139648,5.034602488997739,27.813175231218338,3.9518192410469055,9.484365299948863,7.9029088603625715,9.163911500294047,1.0,1,22,7
24,7,8.5,1.916666666666667,16.12847137451172,5.416666666666667,32.3731704056263,4.146483739217122,9.951559387159868,8.864017971788046,9.45293882848022,1.0,1,23,7
0,8,-1.5,2.3333333333333335,5.847221851348877,5.270462766947299,28.81199476122856,2.587834676106771,6.210803078405969,5.186460608144818,6.031775298116119,1.0,0,0,7
1,8,-1.0833333333333333,2.3333333333333335,5.309027194976807,4.876958296133177,26.142528265714645,2.5140788853168488,6.033789179281559,4.600992546176199,5.948477313788174,1.0,0,1,7
2,8,-0.6666666666666666,2.3333333333333335,4.944443702697754,4.487637339278754,23.725304454565048,2.3757651150226593,5.70183589988668,4.157804599552593,5.795657039384082,1.0,0,3,8
3,8,-0.25,2.3333333333333335,4.753468990325928,4.103690750748377,21.317843049764633,2.2997739911079407,5.51945720736427,3.905637159885136,5.671401528910483,1.0,0,4,8
4,8,0.16666666666666674,2.3333333333333335,4.736093044281006,3.726779962499649,19.025230020284653,2.292676329612732,5.502423024445831,3.881863201319046,5.648736071914164,1.0,0,5,8
5,8,0.5833333333333335,2.3333333333333335,4.89223051071167,3.359274061791062,16.780910819768906,2.3548232913017273,5.651575717014837,4.090198334712824,5.723282907614254,1.0,0,6,8
6,8,1.0,2.3333333333333335,5.2211995124816895,3.0046260628866577,14.51448330283165,2.4781583845615387,5.947579975561973,4.4963443275780035,5.788816411773668,1.0,0,7,8
7,8,1.416666666666667,2.3333333333333335,5.717549800872803,2.6679684322636867,12.161027759313583,2.6328076124191284,6.318737828821793,5.036268905283824,5.662174168629651,1.0,1,8,8
8,8,1.8333333333333335,2.3333333333333335,6.339651107788086,2.357022603955158,9.69702085852623,2.539184033870697,6.094041272105828,5.012976170823686,5.200958398801691,1.0,1,9,8
9,8,2.25,2.3333333333333335,6.848368167877197,2.083333333333333,7.315644830465317,2.147292345762253,5.153501466125163,3.928620638156769,4.421147270136632,1.0,1,10,8
10,8,2.666666666666667,2.3333333333333335,6.806030750274658,1.8633899812498245,6.00205072760582,1.0045914947986603,2.411019445013049,1.4230423156899703,3.5386547546690483,1.0,1,11,8
11,8,3.083333333333334,2.3333333333333335,6.457096576690674,1.7179606773406917,4.68014857172966,0.9474395215511322,2.2738550059770715,0.9604073123154998,2.800638418449832,1.0,1,12,8
12,8,3.5,2.3333333333333335,6.178215980529785,1.6666666666666665,3.550488203763962,0.7774376794695854,1.865850169808783,0.8603891877385735,2.3609035937951903,1.0,1,12,9
13,8,3.916666666666667,2.3333333333333335,6.0587358474731445,1.7179606773406917,3.9089837670326233,0.6745636984705925,1.6189526227083362,0.7713272115065777,2.230815474760211,1.0,1,12,8
14,8,4.333333333333334,2.3333333333333335,6.111074924468994,1.863389981249825,4.549246549606323,0.7273413613438606,1.7456193568182463,1.0748697376499676,2.3829904784589284,1.0,1,13,8
15,8,4.75,2.3333333333333335,6.336801052093506,2.083333333333333,5.555863380432129,0.9266198575496674,2.223887960908476,0.797340363441606,2.786159300497129,1.0,1,14,8
16,8,5.166666666666667,2.3333333333333335,6.736110210418701,2.3570226039551585,6.947984218597412,1.251283809542656,3.0030803578357204,1.4010027030955137,3.399946012559356,1.0,1,15,8
17,8,5.583333333333334,2.3333333333333335,7.309028148651123,2.667968432263687,8.732293963432312,1.6186562031507492,3.8847748373942945,2.2668074956455264,4.162939229752287,1.0,1,16,8
18,8,6.0,2.3333333333333335,8.05555534362793,3.0046260628866577,10.911846995353699,1.9998207986354828,4.799570676272443,3.187879443313386,5.0105770146217425,1.0,1,17,8
19,8,6.416666666666667,2.3333333333333335,8.97569465637207,3.3592740617910626,13.488288283348083,2.3875001072883606,5.729999136287199,4.127374506902506,5.9014385662807705,1.0,1,18,8
20,8,6.833333333333334,2.3333333333333335,10.06944465637207,3.72677996249965,16.46260893344879,2.7788641452789307,6.669273579252187,5.075069179482132,6.8140708397161776,1.0,1,19,8
21,8,7.25,2.3333333333333335,11.33680534362793,4.103690750748377,19.835447192192078,3.1725242137908936,7.614059356993649,6.027102480736725,7.7216207397680865,1.0,1,20,8
22,8,7.666666666666668,2.3333333333333335,12.777776718139648,4.487637339278755,23.607235074043274,3.5677226185798645,8.562535689670424,6.981696312597776,8.55801847057857,1.0,1,21,8
23,8,8.083333333333334,2.3333333333333335,14.392359733581543,4.876958296133178,27.778286576271057,3.9639946818351746,9.513585664206657,7.9379226447764,9.19374642396621,1.0,1,22,8
24,8,8.5,2.3333333333333335,16.18055534362793,5.270462766947299,32.34882891178131,4.157996654510498,9.97918936358677,8.895243152432897,9.481745273632603,1.0,1,23,8
0,9,-1.5,2.75,6.906244277954102,5.153882032022076,28.678473070263863,2.939666668574015,7.055199291666664,5.937230885080169,6.825522365251234,1.0,0,1,9
1,9,-1.0833333333333333,2.75,6.368045806884766,4.750730937913075,25.548669174313545,2.8768615126609802,6.904467080328018,5.433268655153531,6.742118356920242,1.0,0,2,9
2,9,-0.6666666666666666,2.75,6.003455638885498,4.350127712046063,22.61370213329792,2.7569193840026855,6.616605738412352,5.063451754865311,6.578817506863796,1.0,0,3,9
3,9,-0.25,2.75,5.8124680519104,3.952847075210474,19.829235151410103,2.6918190717697144,6.460365008427227,4.858499553966607,6.423703311734304,1.0,0,3,10
4,9,0.16666666666666674,2.75,5.79504919052124,3.560001560548971,18.40739007294178,2.6855819821357727,6.445396232052551,4.8393226930002795,6.3296145396414785,1.0,0,4,10
5,9,0.5833333333333335,2.75,5.950954437255859,3.1732387941099613,16.754829064011574,2.7377816438674927,6.5706753947069725,5.007389448663817,6.28703928116132,1.0,0,5,10
6,9,1.0,2.75,6.278243541717529,2.7950849718747373,15.04077297449112,2.8384692668914795,6.812325695463003,5.339709789331477,6.189966193202707,1.0,1,7,9
7,9,1.416666666666667,2.75,6.761672019958496,2.429563289518875,12.311692774295807,2.7780861258506775,6.667405898812583,5.763245246268226,5.898912210124966,1.0,2,8,9
8,9,1.8333333333333335,2.75,7.294198036193848,2.083333333333333,9.528477489948273,2.4840208888053894,5.961649367857321,5.198403091278371,5.335137395762652,1.0,1,9,9
9,9,2.25,2.75,7.469328880310059,1.7677669529663689,7.8385061621665955,1.4239140152931213,3.4173932749902844,2.101088504583644,4.570404373982776,1.0,1,10,9
10,9,2.666666666666667,2.75,7.1184587478637695,1.5023130314433286,5.999370276927948,1.3817442953586578,3.3161860024988674,2.182826198038826,3.7927363362932645,1.0,1,11,9
11,9,3.083333333333334,2.75,6.69476318359375,1.3176156917368245,4.387616693973541,1.20732681453228,2.8975843555590064,1.8333727677587952,3.1710519498107583,1.0,1,12,9
12,9,3.5,2.75,6.405420780181885,1.25,3.068168580532074,0.9944008514285088,2.3865615882279227,1.1575668749681711,2.789533689487607,1.0,1,12,10
13,9,3.916666666666667,2.75,6.284618854522705,1.317615691736825,3.8062641620635986,0.8496431261301041,2.0391431137765665,0.283696692715322,2.6578084391163883,1.0,1,12,9
14,9,4.333333333333334,2.75,6.336792945861816,1.5023130314433293,4.7155051827430725,0.926643043756485,2.223943291439332,0.7975317387520334,2.7793666295676482,1.0,1,13,9
15,9,4.75,2.75,6.562498569488525,1.7677669529663689,5.911485135555267,1.130489706993103,2.7131755555325814,1.7431688798582305,3.144239214174841,1.0,1,14,9
16,9,5.166666666666667,2.75,6.96180534362793,2.0833333333333335,7.446142137050629,1.412994310259819,3.3911853452092338,2.089438615584799,3.7164896255093214,1.0,1,15,9
17,9,5.583333333333334,2.75,7.534722328186035,2.429563289518876,9.343756377696991,1.74496790766716,4.187922567233262,2.74616451556052,4.435526458558004,1.0,1,16,9
18,9,6.0,2.75,8.28125,2.7950849718747373,11.617000997066498,2.102489948272705,5.0459763324228195,3.5447982005303196,5.243084878861571,1.0,1,17,9
19,9,6.416666666666667,2.75,9.201388359069824,3.1732387941099622,14.273172557353973,2.473765045404434,5.937034562315343,4.408879531432927,6.101014076763069,1.0,1,18,9
20,9,6.833333333333334,2.75,10.29513931274414,3.560001560548972,17.316815555095673,2.8531591296195984,6.847581024922626,5.306531481528106,6.987920435517474,1.0,1,19,9
21,9,7.25,2.75,11.5625,3.952847075210474,20.750939786434174,3.237727403640747,7.770546490660521,6.223265160852494,7.87538183583569,1.0,1,20,9
22,9,7.666666666666668,2.75,13.003471374511719,4.3501277120460635,24.577633798122406,3.6257851123809814,8.701885082107616,7.151717243849657,8.696487316766401,1.0,1,21,9
23,9,8.083333333333334,2.75,14.618054389953613,4.750730937913075,28.798397481441498,4.016313254833221,9.639149545295412,8.087868342540109,9.321968760139738,1.0,1,22,9
24,9,8.5,2.75,16.40625,5.153882032022076,33.4143528342247,4.207528432210286,10.09806458904871,9.029303719098115,9.605628511183907,1.0,1,23,9
0,10,-1.5,3.166666666666667,8.138762474060059,5.068968775248516,27.348095253109932,3.3022964000701904,7.925512376787247,6.7415861622646025,7.360248513032071,1.0,0,1,10
1,10,-1.0833333333333333,3.166666666666667,7.600481033325195,4.6584749531245615,23.873528078198433,3.247549831867218,7.794120280962377,6.302186336100323,7.259540275474963,1.0,0,2,10
2,10,-0.6666666666666666,3.166666666666667,7.235750675201416,4.249182927993988,20.573541238904,3.1410927772521973,7.53862305146141,5.9861297633877255,7.042837572227301,1.0,0,3,10
3,10,-0.25,3.166666666666667,7.044518947601318,3.84147685720537,17.40694411098957,3.082853674888611,7.398849205181039,5.813497388172648,6.7948707181145735,1.0,2,3,11
4,10,0.16666666666666674,3.166666666666667,7.026634216308594,3.4359213546813834,15.992036059498787,3.0750421285629272,7.380101762128539,5.796848526602073,6.557699573931967,1.0,2,4,11
5,10,0.5833333333333335,3.166666666666667,7.181300640106201,3.033379120533549,14.281615391373634,3.1147069334983826,7.4752972815473875,5.935711682183898,6.340731064812506,1.0,2,5,11
6,10,1.0,3.166666666666667,7.502903461456299,2.6352313834736494,13.264331236481667,3.180605471134186,7.63345379107958,6.205990752031183,6.074759062118687,1.0,2,6,11
7,10,1.416666666666667,3.166666666666667,7.949773788452148,2.2438186696393765,12.99120557308197,3.045238733291626,7.308573418437225,6.120071388231013,5.692356033284525,1.0,2,8,10
8,10,1.8333333333333335,3.166666666666667,8.284443855285645,1.8633899812498245,10.021071314811707,2.6833627223968506,6.440070665241888,5.234309504919959,5.174933371548601,1.0,2,9,10
9,10,2.25,3.166666666666667,8.071215629577637,1.5023130314433286,7.893263220787048,1.8100892007350922,4.3442144114293715,3.1851985578158266,4.600642432050794,1.0,1,10,10
10,10,2.666666666666667,3.166666666666667,7.550315856933594,1.1785113019775788,5.829013705253601,1.6970564126968384,4.072935799104126,3.050421514430711,4.072762757542945,1.0,1,11,10
11,10,3.083333333333334,3.166666666666667,7.098241329193115,0.9316949906249119,3.963227391242981,1.4933950453996658,3.5841487397337746,2.389509746645022,3.660411303371785,1.0,1,12,10
12,10,3.5,3.166666666666667,6.805240154266357,0.833333333333333,2.384196162223816,1.303778812289238,3.1290691774509094,1.6415334908421535,3.389004330962358,1.0,1,12,11
13,10,3.916666666666667,3.166666666666667,6.683986186981201,0.9316949906249122,3.516506791114807,1.2079651951789856,2.8991165187254615,1.1869454980954175,3.288531614176236,1.0,1,12,10
14,10,4.333333333333334,3.166666666666667,6.736105442047119,1.1785113019775795,4.767350554466248,1.2512953281402588,3.003109332895105,1.4010870168519942,3.3927992962984854,1.0,1,13,10
15,10,4.75,3.166666666666667,6.9618048667907715,1.5023130314433286,6.23990797996521,1.4129957407712936,3.3911907725904418,2.0894434281457084,3.7157520459496944,1.0,1,14,10
16,10,5.166666666666667,3.166666666666667,7.361110687255859,1.8633899812498247,7.998675107955933,1.6530837416648865,3.9674006432027875,2.9355085495932483,4.2291158466724745,1.0,1,15,10
17,10,5.583333333333334,3.166666666666667,7.934028148651123,2.243818669639377,10.081714153289795,1.9457188248634338,4.669725429746427,3.4340803649289207,4.883727411218415,1.0,1,16,10
18,10,6.0,3.166666666666667,8.68055534362793,2.6352313834736494,12.511889696121216,2.2718726992607117,5.452495877145056,4.100865402551805,5.631543474024275,1.0,1,17,10
19,10,6.416666666666667,3.166666666666667,9.60069465637207,3.03337912053355,15.303547382354736,2.619103968143463,6.285848934793735,4.867211291203038,6.439103061487999,1.0,1,18,10
20,10,6.833333333333334,3.166666666666667,10.69444465637207,3.4359213546813843,18.4661226272583,2.979942739009857,7.1518627229927265,5.693049665031689,7.285371039195891,1.0,1,19,10
21,10,7.25,3.166666666666667,11.96180534362793,3.84147685720537,22.00608468055725,3.3499175310134888,8.039804055677157,6.555950758343032,8.140331731445025,1.0,1,20,10
22,10,7.666666666666668,3.166666666666667,13.402777671813965,4.249182927993989,25.92803382873535,3.7262712717056274,8.943053241837692,7.443021561821579,8.936289976045366,1.0,1,21,10
23,10,8.083333333333334,3.166666666666667,15.017359733581543,4.658474953124562,30.23534870147705,4.107230722904205,9.857352913181243,8.346560991882702,9.544755491945025,1.0,1,22,10
24,10,8.5,3.166666666666667,16.80555534362793,5.068968775248516,34.930574893951416,4.293786366780599,10.305085685361549,9.261738768204674,9.821174313654058,1.0,1,23,10
0,11,-1.5,3.583333333333334,9.542259216308594,5.01733107449679,25.621696069836617,3.6555563608805337,8.77333584700139,7.580172760075668,7.404967751457732,1.0,2,1,11
1,11,-1.0833333333333333,3.583333333333334,9.00210189819336,4.6022337571613585,21.795861557126045,3.6094290614128113,8.662630077289199,7.190331913121,7.271543647403121,1.0,2,2,11
2,11,-0.6666666666666666,3.583333333333334,8.634220123291016,4.187448175467038,18.131087616086006,3.4546411633491516,8.29113880805526,6.911699642829759,6.961184134893538,1.0,2,3,11
3,11,-0.25,3.583333333333334,8.437697410583496,3.77307714089059,14.591553047299385,3.140310287475586,7.536744817641449,6.651078290733664,6.556062405631552,1.0,2,3,12
4,11,0.16666666666666674,3.583333333333334,8.410836219787598,3.359274061791062,13.186929181218147,3.4500641226768494,8.280154171044812,6.732259076026564,6.105547038978262,1.0,2,4,12
5,11,0.5833333333333335,3.583333333333334,8.549444198608398,2.9462782549439477,11.435179606080055,3.256336033344269,7.815206782515759,6.5190710773910965,5.676641142212393,1.0,2,5,12
6,11,1.0,3.583333333333334,8.835894584655762,2.534484387624258,10.352233543992043,3.111445903778076,7.467470618650204,6.72714582790633,5.279362128569468,1.0,2,6,12
7,11,1.416666666666667,3.583333333333334,9.171290397644043,2.1245914639969934,10.02187955379486,2.9553621411323547,7.092869374480154,6.173420300785008,4.926441202925101,1.0,2,7,12
8,11,1.8333333333333335,3.583333333333334,9.195347785949707,1.7179606773406917,9.518192648887634,1.8641556203365326,4.473973548626666,3.1536094372540595,4.619215739731572,1.0,2,8,12
9,11,2.25,3.583333333333334,8.713766098022461,1.3176156917368245,7.766146183013916,2.300842136144638,5.522021077557387,3.9732600110092204,4.386517024180402,1.0,2,10,11
10,11,2.666666666666667,3.583333333333334,8.131420135498047,0.9316949906249119,5.394549369812012,2.002879798412323,4.80691169114879,3.671917217985999,4.21883857900931,1.0,1,11,11
11,11,3.083333333333334,3.583333333333334,7.671868801116943,0.5892556509887887,3.2587788105010986,1.8111499845981598,4.346760295690017,2.995252130604603,4.099255962687187,1.0,1,12,11
12,11,3.5,3.583333333333334,7.378177165985107,0.4166666666666661,1.374280571937561,1.6577275395393372,3.9785456827741763,2.423798341292702,4.0112388118224285,1.0,1,12,12
13,11,3.916666666666667,3.583333333333334,7.256891250610352,0.5892556509887894,2.9040472507476807,1.5874002426862717,3.809760162070467,2.1410348953380187,4.005260250622212,1.0,1,12,11
14,11,4.333333333333334,3.583333333333334,7.309017658233643,0.9316949906249127,4.523746609687805,1.6186208426952362,3.884690222574807,2.2668319766357334,4.131876282518685,1.0,1,13,11
15,11,4.75,3.583333333333334,7.534720420837402,1.3176156917368245,6.3202455043792725,1.7449594140052795,4.187903410720479,2.746167372195195,4.428157702611174,1.0,1,14,11
16,11,5.166666666666667,3.583333333333334,7.934027194976807,1.717960677340692,8.3579580783844,1.9457155466079712,4.669716663549353,3.4340797172850483,4.882209637132708,1.0,1,15,11
17,11,5.583333333333334,3.583333333333334,8.50694465637207,2.1245914639969943,10.681331396102905,2.2007890343666077,5.281893581097022,4.22998544312634,5.466686223155836,1.0,1,16,11
18,11,6.0,3.583333333333334,9.253472328186035,2.534484387624258,13.320413827896118,2.4941918551921844,5.986061744199614,4.7871767185885306,6.146968117967534,1.0,1,17,11
19,11,6.416666666666667,3.583333333333334,10.17361068725586,2.946278254943948,16.295708656311035,2.8142077326774597,6.7540977631191526,5.457993300626106,6.895480277826655,1.0,1,18,11
20,11,6.833333333333334,3.583333333333334,11.267361640930176,3.3592740617910626,19.62150239944458,3.1527868509292603,7.566688360592121,6.205701098860856,7.692128598991169,1.0,1,19,11
21,11,7.25,3.583333333333334,12.534722328186035,3.77307714089059,23.308010816574097,3.50453644990921,8.410889385012236,7.00574207524951,8.506121265574746,1.0,1,20,11
22,11,7.666666666666668,3.583333333333334,13.975693702697754,4.187448175467039,27.362724542617798,3.8658437728881836,9.278027175602244,7.842099510993771,9.269670215473049,1.0,1,21,11
23,11,8.083333333333334,3.583333333333334,15.590276718139648,4.602233757161359,31.791266202926636,4.234244704246521,10.162186328664182,8.704306298944969,9.855907336063765,1.0,1,22,11
24,11,8.5,3.583333333333334,17.37847137451172,5.01733107449679,36.59794354438782,4.414654890696208,10.595169910230512,9.585398036653109,10.12280283023041,1.0,1,23,11
0,12,-1.5,4.0,11.061887741088867,5.0,23.283359989523888,4.123029470443726,9.895272015071589,8.38480350784235,6.863163856919027,1.0,2,0,13
1,12,-1.0833333333333333,4.0,10.483256340026855,4.583333333333333,19.671596363186836,2.771389663219452,6.651335844437823,3.2609405869989114,6.698490549241159,1.0,2,2,12
2,12,-0.6666666666666666,4.0,10.054893493652344,4.166666666666667,16.657688930630684,3.1581064462661743,7.579455964772318,5.6728457606866,6.308305318805782,1.0,2,3,12
3,12,-0.25,4.0,9.766792297363281,3.75,12.979410484433174,3.008589446544647,7.220615148534397,3.869141412898748,5.777186905893823,1.0,2,4,12
4,12,0.16666666666666674,4.0,9.608187675476074,3.333333333333333,11.492968037724495,1.8050711750984192,4.3321713770367,1.8380743825983412,5.182641728545073,1.0,2,5,12
5,12,0.5833333333333335,4.0,9.56900405883789,2.9166666666666665,10.613312259316444,0.7356085851788521,1.7654606489933686,1.1537859788078226,4.639221158418332,1.0,2,6,12
6,12,1.0,4.0,9.634466171264648,2.5,9.91499151289463,0.5980365350842476,1.4352877233142065,0.5204741317650344,4.215552790297924,1.0,2,7,12
7,12,1.416666666666667,4.0,9.747862815856934,2.083333333333333,9.852929592132568,0.23702847585082054,0.5688683948775137,0.1489486240337967,3.957662710997265,1.0,2,8,12
8,12,1.8333333333333335,4.0,9.720511436462402,1.6666666666666665,8.530300498008728,1.072985216975212,2.575164541713531,2.35048693184728,3.8667607890190903,1.0,2,9,12
9,12,2.25,4.0,9.363606452941895,1.25,7.24311089515686,1.803592026233673,4.328620642365139,2.6847909678615447,3.9391545541606896,1.0,2,10,12
10,12,2.666666666666667,4.0,8.852249145507812,0.833333333333333,4.603072881698608,2.300997942686081,5.522395652021815,4.268868871904588,4.109647217385338,1.0,2,11,12
11,12,3.083333333333334,4.0,8.412516593933105,0.4166666666666661,2.210820436477661,2.125945895910263,5.102270899856004,3.7299581089099676,4.315311765065035,1.0,2,12,12
12,12,3.5,4.0,8.123420715332031,0.0,0.0,2.0246700644493103,4.859208115746087,3.298272743554546,4.4954558321260105,1.0,1,-1,-1
13,12,3.916666666666667,4.0,8.003144264221191,0.41666666666666696,1.92741858959198,1.9737003445625305,4.736880800488046,3.099010830114206,4.679095993501879,1.0,1,12,12
14,12,4.333333333333334,4.0,8.055486679077148,0.8333333333333339,3.9280065298080444,1.9995067119598389,4.798816814653112,3.1877651810140266,4.901001059526692,1.0,1,13,12
15,12,4.75,4.0,8.281235694885254,1.25,6.074433922767639,2.102428674697876,5.045830237021802,3.5447781477397635,5.211279118120014,1.0,1,14,12
16,12,5.166666666666667,4.0,8.68055248260498,1.666666666666667,8.426491379737854,2.2718616127967834,5.45246757637943,4.100860767200324,5.624632681120973,1.0,1,15,12
17,12,5.583333333333334,4.0,9.253471374511719,2.083333333333334,11.029949307441711,2.4941892325878143,5.986054302521151,4.787173407140082,6.146071011218085,1.0,1,16,12
18,12,6.0,4.0,10.0,2.5,13.918667912483215,2.756830334663391,6.616394532401375,5.555670060029972,6.760450266624351,1.0,1,17,12
19,12,6.416666666666667,4.0,10.920138359069824,2.916666666666667,17.117466807365417,3.049548923969269,7.318916875372265,6.14313646054705,7.448508466155427,1.0,1,18,12
20,12,6.833333333333334,4.0,12.01388931274414,3.333333333333334,20.64462411403656,3.364577054977417,8.074985027606184,6.816089007500452,8.191962363900636,1.0,1,19,12
21,12,7.25,4.0,13.28125,3.75,24.513766884803772,3.6962387561798096,8.870975238436326,7.551742764184099,8.960452598556518,1.0,1,20,12
22,12,7.666666666666668,4.0,14.722221374511719,4.166666666666668,28.735215306282043,4.04043585062027,9.69704845201687,8.333478673354596,9.687090153129699,1.0,1,21,12
23,12,8.083333333333334,4.0,16.336803436279297,4.583333333333334,33.3169070482254,4.394218444824219,10.546123474441568,9.149501094627798,10.247614367953412,1.0,1,22,12
24,12,8.5,4.0,18.125,5.0,38.26504623889923,4.567422072092692,10.961811276798942,9.991403204801022,10.503406543703166,1.0,1,23,12
0,13,-1.5,4.416666666666667,12.035511016845703,5.01733107449679,21.248950228095055,2.149568756421407,5.15896397589687,3.6137570012814524,6.080406496962247,1.0,2,1,13
1,13,-1.0833333333333333,4.416666666666667,11.202742576599121,4.6022337571613585,18.765207275748253,1.799161285161972,4.317986685175165,2.655054919478659,5.8904548662000105,1.0,2,2,13
2,13,-0.6666666666666666,4.416666666666667,10.503948211669922,4.187448175467038,16.191179499030113,1.7173698246479034,4.121687088704874,3.059222053231069,5.44529870563088,1.0,2,3,13
3,13,-0.25,4.416666666666667,9.949616432189941,3.77307714089059,14.571805700659752,1.7098682224750519,4.103683513399849,3.4549689636467256,4.83932066052282,1.0,2,4,13
4,13,0.16666666666666674,4.416666666666667,9.548897743225098,3.359274061791062,12.875123009085655,0.962797574698925,2.3107137407530076,1.0844390475994292,4.185510096239994,1.0,2,5,13
5,13,0.5833333333333335,4.416666666666667,9.308334350585938,2.9462782549439477,11.094056233763695,1.1498972475528717,2.7597532350171363,2.095322454575521,3.6290721590896453,1.0,2,5,12
6,13,1.0,4.416666666666667,9.230610847473145,2.5344843876242584,10.13185565173626,1.2008382976055145,2.8820117558154945,2.022237452406865,3.266410603008074,1.0,2,6,12
7,13,1.416666666666667,4.416666666666667,9.308847427368164,2.1245914639969934,9.853616774082184,1.2904190868139267,3.097005501675311,2.254235598193666,3.13754729426739,1.0,2,8,13
8,13,1.8333333333333335,4.416666666666667,9.500931739807129,1.7179606773406917,8.760205924510956,0.9296120554208755,2.231068554294083,1.5918441383213175,3.2191997115485385,1.0,2,9,13
9,13,2.25,4.416666666666667,9.659241676330566,1.317615691736825,8.323114514350891,0.49209269881248474,1.1810222933129322,0.9484446328905612,3.486332078168415,1.0,2,10,13
10,13,2.666666666666667,4.416666666666667,9.56663703918457,0.9316949906249122,6.102133631706238,1.5792783796787262,3.790267171059775,1.3746654032384504,3.873499523619259,1.0,2,11,13
11,13,3.083333333333334,4.416666666666667,9.283096313476562,0.5892556509887894,4.836737155914307,1.791268527507782,4.299044103165013,3.036952700406151,4.326884116777348,1.0,2,11,12
12,13,3.5,4.416666666666667,9.032817840576172,0.41666666666666696,2.586160659790039,2.37752628326416,5.706061574449668,4.1904423486489675,4.772895524785536,1.0,2,12,12
13,13,3.916666666666667,4.416666666666667,8.921013832092285,0.5892556509887901,4.481941819190979,2.355820894241333,5.653968640223879,4.054525396165999,5.197252723821906,1.0,1,13,12
14,13,4.333333333333334,4.416666666666667,8.975150108337402,0.931694990624913,6.503813624382019,2.3852038979530334,5.724488696122991,4.12641949707775,5.58953820022678,1.0,1,14,12
15,13,4.75,4.416666666666667,9.201273918151855,1.317615691736825,8.73048222064972,2.4733105897903442,5.935945590608613,4.408719600189056,5.9804956744064235,1.0,1,15,12
16,13,5.166666666666667,4.416666666666667,9.600669860839844,1.7179606773406921,11.218126654624939,2.6190174221992493,6.285640040217272,4.867184969781864,6.400449146053556,1.0,1,16,12
17,13,5.583333333333334,4.416666666666667,10.173605918884277,2.1245914639969943,14.005239367485046,2.814190924167633,6.754056802910595,5.45798929519245,6.885416239756086,1.0,1,17,12
18,13,6.0,4.416666666666667,10.920137405395508,2.5344843876242584,17.117465376853943,3.0495453476905823,7.3189092044992385,6.1431347439326265,7.446058465960387,1.0,1,18,12
19,13,6.416666666666667,4.416666666666667,11.840276718139648,2.946278254943948,20.571903824806213,3.316636383533478,7.959925192637492,6.894556958983215,8.078262310392432,1.0,1,18,13
20,13,6.833333333333334,4.416666666666667,12.934027671813965,3.3592740617910626,24.33244550228119,3.608483850955963,8.660359639506535,7.5003965374782275,8.76897341188751,1.0,1,19,13
21,13,7.25,4.416666666666667,14.201388359069824,3.77307714089059,28.415472388267517,3.9195892810821533,9.407014909227932,8.174700994377515,9.49065833643315,1.0,1,20,13
22,13,7.666666666666668,4.416666666666667,15.64236068725586,4.187448175467039,32.833783984184265,4.245726764202118,10.189744961873853,8.901894341237771,10.178327971090338,1.0,1,21,13
23,13,8.083333333333334,4.416666666666667,17.256942749023438,4.602233757161359,37.59747302532196,4.583693265914917,11.000861146399084,9.670066707636531,10.711264613439658,1.0,1,22,13
24,13,8.5,4.416666666666667,19.04513931274414,5.01733107449679,42.71459186077118,4.74906063079834,11.39774107021359,10.47019045243038,10.955045151485995,1.0,1,23,13
0,14,-1.5,4.833333333333334,11.786958694458008,5.068968775248517,22.82436130940914,2.2623960971832275,5.429750144365568,4.943199819869978,5.3961796956291215,1.0,2,1,14
1,14,-1.0833333333333333,4.833333333333334,10.839595794677734,4.6584749531245615,19.990164503455162,2.142660140991211,5.142384036904096,4.192680445066431,5.18620425772907,1.0,2,2,14
2,14,-0.6666666666666666,4.833333333333334,10.06283187866211,4.249182927993988,17.50837467610836,1.9998430907726288,4.799622598699605,3.5204041709707177,4.712507434010977,1.0,2,3,14
3,14,-0.25,4.833333333333334,9.457866668701172,3.84147685720537,15.370102152228355,1.6690273880958557,4.00566501725276,2.9925068382021505,4.092610386787038,1.0,2,4,14
4,14,0.16666666666666674,4.833333333333334,9.02541446685791,3.4359213546813834,13.557711943984032,1.4309058338403702,3.4341733824401537,2.2474855890219074,3.472842764606812,1.0,2,5,14
5,14,0.5833333333333335,4.833333333333334,8.76585578918457,3.033379120533549,12.038214311003685,1.2600322663784027,3.024076836675867,1.5118895576055746,2.992506583767875,1.0,2,5,13
6,14,1.0,4.833333333333334,8.679184913635254,2.63523138347365,10.997554525732994,1.1924068182706833,2.861775724772647,1.1672507447245577,2.734959711716002,1.0,2,6,13
7,14,1.416666666666667,4.833333333333334,8.764275550842285,2.2438186696393765,10.692118287086487,1.254167452454567,3.010001122214421,1.5056386492304417,2.7074348436903444,1.0,2,8,14
8,14,1.8333333333333335,4.833333333333334,9.015182495117188,1.863389981249825,9.576602935791016,1.3404950052499771,3.2171874513595897,2.2159636844496475,2.8762483481849266,1.0,2,9,14
9,14,2.25,4.833333333333334,9.404558181762695,1.5023130314433293,8.425176978111267,1.2255918085575104,2.941420023223933,2.6217613244923976,3.212277842470809,1.0,2,10,14
10,14,2.666666666666667,4.833333333333334,9.827588081359863,1.1785113019775795,7.437122166156769,1.156740054488182,2.7761765383844765,1.0911930342155196,3.687153201330588,1.0,2,11,14
11,14,3.083333333333334,4.833333333333334,10.060996055603027,0.9316949906249127,6.617373466491699,1.4459058791399002,3.470173624882688,1.967397629698803,4.27049986385472,1.0,2,11,13
12,14,3.5,4.833333333333334,10.045003890991211,0.8333333333333339,5.546895980834961,1.9994648396968842,4.7987151105873265,3.11683293012014,4.908165720531335,1.0,2,12,13
13,14,3.916666666666667,4.833333333333334,9.996748924255371,0.931694990624913,7.416648745536804,2.457283139228821,5.897478684283442,4.982834447605555,5.54670423404034,1.0,2,13,13
14,14,4.333333333333334,4.833333333333334,10.065079689025879,1.1785113019775801,9.473498940467834,2.7617282271385193,6.628147891809097,5.067955537448473,6.134627243806291,1.0,1,14,13
15,14,4.75,4.833333333333334,10.294222831726074,1.5023130314433293,11.773207068443298,2.849812865257263,6.839551967861217,5.305229144875225,6.659009416812935,1.0,1,15,13
16,14,5.166666666666667,4.833333333333334,10.694252014160156,1.8633899812498254,14.380525469779968,2.9792802333831787,7.150271434019779,5.692819638962067,7.143701868117323,1.0,1,16,13
17,14,5.583333333333334,4.833333333333334,11.267321586608887,2.2438186696393774,17.330999493598938,3.1526594758033752,7.566381885643041,6.205662188978432,7.637832940528671,1.0,1,17,13
18,14,6.0,4.833333333333334,12.013880729675293,2.63523138347365,20.64461624622345,3.3645573258399963,8.074938712260964,6.816092440725372,8.17321782283857,1.0,1,18,13
19,14,6.416666666666667,4.833333333333334,12.934025764465332,3.03337912053355,24.332444310188293,3.6084808111190796,8.660352343894413,7.500397109682381,8.764368204939837,1.0,1,19,13
20,14,6.833333333333334,4.833333333333334,14.027778625488281,3.4359213546813843,28.35282289981842,3.878479301929474,9.308349160387758,8.240226753061865,9.408182771295676,1.0,1,19,14
21,14,7.25,4.833333333333334,15.29513931274414,3.84147685720537,32.67635118961334,4.1695138812065125,10.006834551007234,8.858390754085828,10.084750758992222,1.0,1,20,14
22,14,7.666666666666668,4.833333333333334,16.73611068725586,4.249182927993989,37.31782114505768,4.477502226829529,10.746006629702588,9.533583272393521,10.733334425389863,1.0,1,21,14
23,14,8.083333333333334,4.833333333333334,18.350692749023438,4.658474953124562,42.289191365242004,4.799181818962097,11.518034058747375,10.254544164483706,11.238137244121923,1.0,1,22,14
24,14,8.5,4.833333333333334,20.13888931274414,5.068968775248517,47.600189328193665,4.956442832946777,11.895458737196087,11.012280645537837,11.46956651649011,1.0,1,23,14
0,15,-1.5,5.25,11.405424118041992,5.153882032022076,22.36176000535488,2.351616462071737,5.643881224852334,4.583217294999819,5.059761792881278,1.0,2,1,15
1,15,-1.0833333333333333,5.25,10.450898170471191,4.750730937913075,19.629551276564598,2.17232209444046,5.213574148254669,3.7115711349691805,4.82623466721863,1.0,2,2,15
2,15,-0.6666666666666666,5.25,9.66984748840332,4.350127712046063,17.280969962477684,1.8125058114528656,4.350014691397775,2.8963718940557532,4.313892747720477,1.0,2,3,15
3,15,-0.25,5.25,9.062326431274414,3.952847075210474,15.309549316763878,1.47473905980587,3.539374349854145,2.2017202757968772,3.6675770823277705,1.0,2,4,15
4,15,0.16666666666666674,5.25,8.628366470336914,3.560001560548971,13.704110249876976,1.1803060472011566,2.832735053496765,1.775600936470121,3.0553761280780156,1.0,2,5,15
5,15,0.5833333333333335,5.25,8.367980003356934,3.1732387941099613,12.44359539449215,0.9594947397708893,2.302787842486375,0.9839127479220382,2.614371092103146,1.0,2,6,15
6,15,1.0,5.25,8.281146049499512,2.7950849718747373,11.48390881717205,0.8395484238862991,2.014916574218474,0.2092575871496533,2.422747069095363,1.0,2,6,14
7,15,1.416666666666667,5.25,8.36771011352539,2.429563289518875,11.237605631351471,0.9578371271491051,2.29880942039947,0.9830317670943325,2.4786474243631775,1.0,2,8,15
8,15,1.8333333333333335,5.25,8.626916885375977,2.083333333333333,10.499920785427094,1.1714195162057877,2.811407384796915,1.7704432925332465,2.740292142594441,1.0,2,8,14
9,15,2.25,5.25,9.055158615112305,1.7677669529663689,9.651741981506348,1.4300954788923264,3.4322296468945237,2.1748607325421077,3.1509965922641485,1.0,2,9,14
10,15,2.666666666666667,5.25,9.635735511779785,1.5023130314433286,8.801329433918,1.3233190774917603,3.1759666014732284,2.4277062140297754,3.6826312339197336,1.0,2,10,14
11,15,3.083333333333334,5.25,10.299147605895996,1.3176156917368245,8.120537638664246,1.754258155822754,4.210220327115771,1.8407027590571439,4.309821750200456,1.0,2,11,14
12,15,3.5,5.25,10.851731300354004,1.25,8.041526079177856,1.6338364779949188,3.9212079290595003,2.8481635383294033,5.020509812311612,1.0,2,12,14
13,15,3.916666666666667,5.25,11.132482528686523,1.317615691736825,10.099407434463501,2.6673470735549927,6.401633656338321,4.101675014176366,5.769419080164405,1.0,2,12,15
14,15,4.333333333333334,5.25,11.302406311035156,1.5023130314433293,12.811379790306091,3.1341859102249146,7.522047994898268,5.970404995119093,6.5051506609819585,1.0,2,14,14
15,15,4.75,5.25,11.555166244506836,1.7677669529663689,15.200541615486145,3.2112783193588257,7.707070906475412,6.213240704818994,7.17889788882019,1.0,1,15,14
16,15,5.166666666666667,5.25,11.960262298583984,2.0833333333333335,17.91913664340973,3.345016658306122,8.028040582158534,6.554111119884918,7.784464607298219,1.0,1,16,14
17,15,5.583333333333334,5.25,12.534399032592773,2.429563289518876,21.01724660396576,3.503562271595001,8.408550430093346,7.005413629689648,8.350787668402312,1.0,1,17,14
18,15,6.0,5.25,13.281182289123535,2.7950849718747373,24.513713479042053,3.6960537433624268,8.87053236790938,7.551692410160984,8.908975249897638,1.0,1,18,14
19,15,6.416666666666667,5.25,14.201374053955078,3.1732387941099622,28.415464520454407,3.919555187225342,9.406933083942334,8.174694127919818,9.486587724785233,1.0,1,19,14
20,15,6.833333333333334,5.25,15.295136451721191,3.560001560548972,32.67634975910187,4.1695064306259155,10.006816669614512,8.858387893061789,10.095912521256777,1.0,1,20,14
21,15,7.25,5.25,16.5625,3.952847075210474,37.26280128955841,4.441542446613312,10.65970593822706,9.589832149441586,10.731799367974862,1.0,1,20,15
22,15,7.666666666666668,5.25,18.00347137451172,4.3501277120460635,42.150123715400696,4.7318713665008545,11.356495611761325,10.216799246520708,11.342712279296297,1.0,1,21,15
23,15,8.083333333333334,5.25,19.618053436279297,4.750730937913075,47.35177528858185,5.037343740463257,12.089625793749443,10.892637211851964,11.819893650352153,1.0,1,22,15
24,15,8.5,5.25,21.40625,5.153882032022076,52.878923535346985,5.1865105628967285,12.447625670940042,11.608796608889305,12.039078595631851,1.0,1,23,15
0,16,-1.5,5.666666666666667,11.180519104003906,5.270462766947299,21.612015590071678,2.2691133419672647,5.445871467510403,4.316321879989803,4.944208249807717,1.0,2,1,16
1,16,-1.0833333333333333,5.666666666666667,10.225672721862793,4.876958296133177,18.956103190779686,2.076810747385025,4.984345485147167,3.3747168839112813,4.689445225126206,1.0,2,2,16
2,16,-0.6666666666666666,5.666666666666667,9.444432258605957,4.487637339278754,16.697304114699364,1.694030374288559,4.065672483878664,2.448485639167517,4.139942693690652,1.0,2,3,16
3,16,-0.25,5.666666666666667,8.836797714233398,4.103690750748377,14.834149107336998,1.3228433430194855,3.1748237339496894,1.565183755627453,3.4630109617889153,1.0,2,4,16
4,16,0.16666666666666674,5.666666666666667,8.402772903442383,3.7267799624996494,13.363974675536156,0.9844074249267578,2.362577689799523,0.867712866565024,2.8413074266200176,1.0,2,5,16
5,16,0.5833333333333335,5.666666666666667,8.142356872558594,3.359274061791062,12.281208857893944,0.7555507123470306,1.813321764296042,0.9509931110862202,2.4100568024194717,1.0,2,6,16
6,16,1.0,5.666666666666667,8.055545806884766,3.0046260628866577,11.571099445223808,0.6718277409672737,1.6123866735749974,0.7518112407217097,2.2477541522566007,1.0,2,6,15
7,16,1.416666666666667,5.666666666666667,8.142319679260254,2.6679684322636867,11.647202044725418,0.755300834774971,1.812721906174176,0.9509939623826945,2.3581960993807556,1.0,2,7,15
8,16,1.8333333333333335,5.666666666666667,8.40258502960205,2.3570226039551585,11.304319858551025,0.9831445589661598,2.359546874924159,0.8668442264853999,2.7047145199733342,1.0,2,8,15
9,16,2.25,5.666666666666667,8.835887908935547,2.0833333333333335,10.850388765335083,1.3174138367176056,3.1617928128629105,1.5616197167987553,3.20991197162032,1.0,2,9,15
10,16,2.666666666666667,5.666666666666667,9.440079689025879,1.8633899812498247,10.377203166484833,1.6703738868236542,4.008897390092355,2.4345312243402053,3.821165783749591,1.0,2,10,15
11,16,3.083333333333334,5.666666666666667,10.205082893371582,1.717960677340692,9.78171455860138,2.0357366800308228,4.885767611983495,3.3165494219014824,4.490536031826211,1.0,2,11,15
12,16,3.5,5.666666666666667,11.086673736572266,1.666666666666667,10.061108112335205,1.9734162092208862,4.736197701704027,3.579418594138563,5.221543857879464,1.0,2,12,15
13,16,3.916666666666667,5.666666666666667,11.936017990112305,1.7179606773406921,12.38681697845459,2.0597580671310425,4.94341815354798,3.710774667592112,5.995128694522586,1.0,2,12,16
14,16,4.333333333333334,5.666666666666667,12.53599739074707,1.8633899812498254,14.96460223197937,2.721975803375244,6.532741329207358,5.03231869976757,6.7923404826441764,1.0,2,13,16
15,16,4.75,5.666666666666667,12.946385383605957,2.0833333333333335,17.93632936477661,3.1904590129852295,7.657102230186791,6.481785576547843,7.566327827563078,1.0,2,14,16
16,16,5.166666666666667,5.666666666666667,13.39046859741211,2.357022603955159,21.673317670822144,3.7007428407669067,8.881780565442138,7.428523608598178,8.292758776892573,1.0,1,15,16
17,16,5.583333333333334,5.666666666666667,13.973098754882812,2.6679684322636876,25.06995379924774,3.8584314584732056,9.260233514651006,7.839435897611961,8.96734906112125,1.0,1,17,15
18,16,6.0,5.666666666666667,14.72167682647705,3.0046260628866577,28.734774231910706,4.0389915108680725,9.693580179959143,8.333006032183087,9.598115230137463,1.0,1,18,15
19,16,6.416666666666667,5.666666666666667,15.64224624633789,3.3592740617910626,32.83370268344879,4.245449125766754,10.189075358837314,8.901817665793482,10.20474361646631,1.0,1,19,15
20,16,6.833333333333334,5.666666666666667,16.736085891723633,3.72677996249965,37.31780397891998,4.477449178695679,10.745875900702568,9.533569539478126,10.807744826434053,1.0,1,20,15
21,16,7.25,5.666666666666667,18.00346565246582,4.103690750748377,42.15012228488922,4.731861352920532,11.356468007483814,10.216794668882244,11.417588565906247,1.0,1,21,15
22,16,7.666666666666668,5.666666666666667,19.444440841674805,4.487637339278755,47.30274260044098,5.005398988723755,12.01295841215336,10.941897179373619,11.996944554805484,1.0,1,21,16
23,16,8.083333333333334,5.666666666666667,21.05902671813965,4.876958296133178,52.75441896915436,5.295123934745789,12.708294407216219,11.575477819625023,12.448789335540715,1.0,1,22,16
24,16,8.5,5.666666666666667,22.84722137451172,5.270462766947299,58.51748716831207,5.436406930287679,13.047371442206014,12.251790426795633,12.656222403807723,1.0,1,23,16
0,17,-1.5,6.083333333333334,11.128470420837402,5.416666666666667,21.709866419434547,2.248353123664856,5.396046891761678,4.251707959337994,4.977936963005212,1.0,2,1,17
1,17,-1.0833333333333333,6.083333333333334,10.17361068725586,5.034602488997738,19.072100296616554,2.053364008665085,4.928073267951181,3.291607604426975,4.713066785478784,1.0,2,2,17
2,17,-0.6666666666666666,6.083333333333334,9.39236068725586,4.658474953124562,16.834686651825905,1.6646526008844376,3.9951657757810106,2.3325554212305346,4.144096016039194,1.0,2,3,17
3,17,-0.25,6.083333333333334,8.784722328186035,4.289845892077917,14.997530713677406,1.2829009592533112,3.078961947490839,1.3767387687330832,3.447532207992285,1.0,2,4,17
4,17,0.16666666666666674,6.083333333333334,8.35069465637207,3.9308254716902518,13.560458913445473,0.9173749200999737,2.20169957757419,0.4455059118753349,2.810004960298687,1.0,2,5,17
5,17,0.5833333333333335,6.083333333333334,8.090277671813965,3.5843021946010944,12.523094788193703,0.6964230425655842,1.6714152290200226,0.5916117743677247,2.3697479650204154,1.0,2,6,17
6,17,1.0,6.083333333333334,8.003471374511719,3.2542706982944396,11.884354367852211,0.636209636926651,1.5269030568761508,1.3285431739477738,2.2115181287463113,1.0,2,6,16
7,17,1.416666666666667,6.083333333333334,8.090272903442383,2.946278254943948,12.155708104372025,0.6963928118348122,1.6713425183967405,0.5916367856632982,2.3532967366580424,1.0,2,7,16
8,17,1.8333333333333335,6.083333333333334,8.35067081451416,2.667968432263687,12.164438903331757,0.9172278083860874,2.201346601122323,0.44548053589238434,2.7627929104381574,1.0,2,8,16
9,17,2.25,6.083333333333334,8.784607887268066,2.429563289518876,12.091748714447021,1.282259002327919,3.077421143265431,1.376465308805972,3.3547443404052197,1.0,2,9,16
10,17,2.666666666666667,6.083333333333334,9.391817092895508,2.243818669639377,12.007295787334442,1.6619268953800201,3.9886245776868914,2.33126462340076,4.047834778660339,1.0,2,10,16
11,17,3.083333333333334,6.083333333333334,10.171014785766602,2.1245914639969943,11.796807885169983,2.0415916442871094,4.899819508080477,3.285841478668777,4.771366037989292,1.0,2,11,16
12,17,3.5,6.083333333333334,11.116164207458496,2.083333333333334,12.417807817459106,2.3819317519664764,5.716635184729258,4.225920920196358,5.5162599440959825,1.0,2,12,16
13,17,3.916666666666667,6.083333333333334,12.199858665466309,2.1245914639969943,14.829838037490845,2.548369288444519,6.11608535994225,5.0709407671087705,6.28202080231182,1.0,2,13,16
14,17,4.333333333333334,6.083333333333334,13.317248344421387,2.2438186696393774,17.867470026016235,2.8236265778541565,6.776703931432936,5.575864872767473,7.081730419633812,1.0,2,13,17
15,17,4.75,6.083333333333334,14.24504566192627,2.429563289518876,21.311203956604004,3.137710392475128,7.5305056898776614,6.068142153984891,7.895157511160317,1.0,2,14,17
16,17,5.166666666666667,6.083333333333334,14.923480987548828,2.6679684322636876,24.84836769104004,3.6136961579322815,8.672869079456493,7.277205446468012,8.703196547038267,1.0,2,15,17
17,17,5.583333333333334,6.083333333333334,15.569666862487793,2.946278254943949,29.109656810760498,4.0346503257751465,9.683159541772529,8.562468671822607,9.47841225157035,1.0,1,16,17
18,17,6.0,6.083333333333334,16.332443237304688,3.2542706982944396,33.31345999240875,4.382834732532501,10.51880475412143,9.145547565042445,10.202974857676141,1.0,1,18,16
19,17,6.416666666666667,6.083333333333334,17.256027221679688,3.5843021946010953,37.59680616855621,4.581520438194275,10.995647105326691,9.66934610798179,10.873400421709862,1.0,1,19,16
20,17,6.833333333333334,6.083333333333334,18.35050392150879,3.930825471690252,42.289061188697815,4.79875636100769,11.517013672701864,10.25440311095954,11.505608308103085,1.0,1,20,16
21,17,7.25,6.083333333333334,19.618017196655273,4.289845892077917,47.35175383090973,5.0372631549835205,12.08943306731446,10.892603002469633,12.11647126777807,1.0,1,21,16
22,17,7.666666666666668,6.083333333333334,21.05902099609375,4.658474953124563,52.75441515445709,5.295108675956726,12.70826235834686,11.575463428143747,12.680711510989106,1.0,1,22,16
23,17,8.083333333333334,6.083333333333334,22.673608779907227,5.034602488997739,58.47326481342316,5.569803476333618,13.367525793547927,12.295618976120776,13.115369125955425,1.0,1,22,17
24,17,8.5,6.083333333333334,24.461807250976562,5.416666666666667,64.48969900608063,5.703550974527995,13.688517649568917,12.934339573410359,13.313536731072825,1.0,1,23,17
0,18,-1.5,6.5,11.25,5.5901699437494745,22.859726801514626,2.2971174716949463,5.513083615406906,4.401245346188102,5.115520673149841,1.0,2,1,18
1,18,-1.0833333333333333,6.5,10.29513931274414,5.220818369225695,20.179715767502785,2.10794860124588,5.059077739176579,3.482615495557046,4.855847093380831,1.0,2,2,18
2,18,-0.6666666666666666,6.5,9.51388931274414,4.859126579037751,17.892652168869972,1.7324124872684479,4.157790688186877,2.595136804812584,4.3001098382828475,1.0,2,3,18
3,18,-0.25,6.5,8.90625,4.5069390943299865,15.99534322321415,1.3729316890239716,3.295036630469041,1.7858716113151736,3.622969068733131,1.0,2,4,18
4,18,0.16666666666666674,6.5,8.472222328186035,4.166666666666666,14.482129350304604,1.0525807291269302,2.5261942365521954,1.2216401788368396,3.00649224193439,1.0,2,5,18
5,18,0.5833333333333335,6.5,8.21180534362793,3.8414768572053695,13.341619744896889,0.8219316899776459,1.9726364751056327,1.0291212192997816,2.5826355994505144,1.0,2,5,17
6,18,1.0,6.5,8.125,3.5355339059327378,12.598162487149239,0.7145350761711597,1.7148844956483977,0.367219623935556,2.433014993215835,1.0,2,6,17
7,18,1.416666666666667,6.5,8.211804389953613,3.254270698294439,12.974234193563461,0.8219297975301743,1.972631783301745,1.029091607700961,2.5798267623362383,1.0,2,7,17
8,18,1.8333333333333335,6.5,8.472219467163086,3.0046260628866577,13.237454950809479,1.0525671541690826,2.5261616991436324,1.2216495567990195,2.9970827215572666,1.0,2,8,17
9,18,2.25,6.5,8.906235694885254,2.7950849718747373,13.489453673362732,1.3728676587343216,3.294882858759977,1.7858754430652086,3.611312330086755,1.0,2,9,17
10,18,2.666666666666667,6.5,9.513821601867676,2.6352313834736494,13.76120525598526,1.7321224808692932,4.157095168663693,2.595075779900402,4.339996121256387,1.0,2,10,17
11,18,3.083333333333334,6.5,10.294816017150879,2.534484387624258,13.92200767993927,2.106648325920105,5.055956991337049,3.482169525974093,5.1083977797274915,1.0,2,11,17
12,18,3.5,6.5,11.248456954956055,2.5,14.919581651687622,2.4858530163764954,5.966047832664737,4.398878021454235,5.886268869615609,1.0,2,12,17
13,18,3.916666666666667,6.5,12.371138572692871,2.5344843876242584,17.692429542541504,2.8526856303215027,6.846446182946863,5.323459182079471,6.663347554478063,1.0,2,13,17
14,18,4.333333333333334,6.5,13.646157264709473,2.63523138347365,21.00233030319214,3.010458767414093,7.225102908411663,6.218336635906861,7.4547358577239,1.0,2,14,17
15,18,4.75,6.5,15.004010200500488,2.7950849718747373,24.444487810134888,3.4516072273254395,8.283860505623057,6.4635402540360465,8.259320538084214,1.0,2,14,18
16,18,5.166666666666667,6.5,16.25103759765625,3.0046260628866577,28.555500745773315,3.553039252758026,8.52729469108143,7.342232262509255,9.081289158374137,1.0,2,15,18
17,18,5.583333333333334,6.5,17.226232528686523,3.2542706982944396,32.58734059333801,4.2946948409080505,10.307269155602746,8.369341187026071,9.900919914185444,1.0,2,16,18
18,18,6.0,6.5,18.090600967407227,3.5355339059327378,37.58914351463318,4.729516983032227,11.350845089281115,9.957318098952522,10.696765682796958,1.0,1,17,18
19,18,6.416666666666667,6.5,19.037805557250977,3.84147685720537,42.59872794151306,4.913077354431152,11.791386552403267,10.464259515479856,11.445233172598185,1.0,1,18,18
20,18,6.833333333333334,6.5,20.137346267700195,4.166666666666667,47.599159359931946,5.128686308860779,12.308848541266228,11.011204914552655,12.14348172151192,1.0,1,20,17
21,18,7.25,6.5,21.405925750732422,4.5069390943299865,52.87873041629791,5.354718804359436,12.851330032856,11.608616488882634,12.795363957913091,1.0,1,21,17
22,18,7.666666666666668,6.5,22.847152709960938,4.859126579037752,58.51745045185089,5.598408222198486,13.43618485877413,12.251776982031625,13.374615072145485,1.0,1,22,17
23,18,8.083333333333334,6.5,24.461790084838867,5.220818369225696,64.48969185352325,5.858989715576172,14.061576365793861,12.934353231183332,13.808639364640827,1.0,1,23,17
24,18,8.5,6.5,26.249996185302734,5.5901699437494745,70.77482426166534,5.985634962717692,14.3655241832856,13.650491981130996,14.003287107820261,1.0,1,23,18
0,19,-1.5,6.916666666666667,11.54513931274414,5.7885183289374185,24.757771387696266,2.4114005168279014,5.78736039453378,4.744826483233116,5.401762099914477,1.0,2,1,19
1,19,-1.0833333333333333,6.916666666666667,10.590278625488281,5.432668671002207,21.977841034531593,2.234390676021576,5.362537047271487,3.907814983948947,5.158776628059564,1.0,2,2,19
2,19,-0.6666666666666666,6.916666666666667,9.809027671813965,5.086064839889043,19.574464932084084,1.8848134577274323,4.52355155399869,3.1427915028194664,4.64090650730778,1.0,2,3,19
3,19,-0.25,6.916666666666667,9.201388359069824,4.750730937913075,17.53845490515232,1.5612788498401642,3.74706854701841,2.5162950269558415,4.01406058848545,1.0,2,4,19
4,19,0.16666666666666674,6.916666666666667,8.76736068725586,4.4292274219727705,15.854599013924599,1.283285677433014,3.079885036426064,2.012449889163929,3.4474095701405365,1.0,2,4,18
5,19,0.5833333333333335,6.916666666666667,8.50694465637207,4.124789556921527,14.52580513060093,1.0770688652992249,2.5849647188467615,1.1301548500651741,3.060150737372707,1.0,2,5,18
6,19,1.0,6.916666666666667,8.420138359069824,3.84147685720537,13.712539985775948,0.9833500869572163,2.360039602925194,0.5941536189665294,2.924075368209412,1.0,2,6,18
7,19,1.416666666666667,6.916666666666667,8.50694465637207,3.5843021946010944,14.158422321081161,1.077069841325283,2.5849669062971636,1.1301556368467853,3.059928694627686,1.0,2,7,18
8,19,1.8333333333333335,6.916666666666667,8.76736068725586,3.3592740617910626,14.609926044940948,1.2832843512296677,3.0798818440796962,2.012442450501423,3.4465950086120696,1.0,2,8,18
9,19,2.25,6.916666666666667,9.201386451721191,3.1732387941099622,15.128345251083374,1.5612740814685822,3.7470570181609633,2.5162985340403115,4.026418679155114,1.0,2,9,18
10,19,2.666666666666667,6.916666666666667,9.809019088745117,3.03337912053355,15.712908804416656,1.8847866654396057,4.523487758937139,3.142795344773227,4.731380952092248,1.0,2,10,18
11,19,3.083333333333334,6.916666666666667,10.590237617492676,2.946278254943948,16.21394169330597,2.2342593669891357,5.362221847584525,3.9078006392672116,5.499058797122526,1.0,2,11,18
12,19,3.5,6.916666666666667,11.544946670532227,2.916666666666667,17.5683376789093,2.598529726266861,6.236470007106183,4.744656325405821,6.292308438458921,1.0,2,12,18
13,19,3.916666666666667,6.916666666666667,12.672694206237793,2.946278254943948,20.70727038383484,2.9704715609550476,7.129130256359234,5.620749736642888,7.08778097552651,1.0,2,13,18
14,19,4.333333333333334,6.916666666666667,13.971329689025879,3.03337912053355,24.252530336380005,3.340392768383026,8.016942336935042,6.517287155668801,7.885168390596003,1.0,2,13,19
15,19,4.75,6.916666666666667,15.430777549743652,3.1732387941099622,28.047271013259888,3.7144466638565063,8.914672713099272,7.412254109288829,8.68124463012579,1.0,2,15,18
16,19,5.166666666666667,6.916666666666667,17.006811141967773,3.3592740617910626,32.356036901474,3.847321629524231,9.233569574394764,8.187511515621763,9.49018963582037,1.0,2,15,19
17,19,5.583333333333334,6.916666666666667,18.550600051879883,3.5843021946010953,36.643494844436646,4.058623671531677,9.74069504231964,8.51469935249378,10.308201350117933,1.0,2,16,19
18,19,6.0,6.916666666666667,19.84502410888672,3.84147685720537,41.21539616584778,4.571555852890015,10.971734787682,9.71486919970291,11.1290253452493,1.0,2,17,19
19,19,6.416666666666667,6.916666666666667,20.949857711791992,4.124789556921527,46.150389432907104,4.993918180465698,11.985400778545076,10.744608972400274,11.929804285625245,1.0,1,18,19
20,19,6.833333333333334,6.916666666666667,22.0883846282959,4.429227421972771,51.69926047325134,5.456299781799316,13.095116837054391,11.790624538659873,12.697018708526363,1.0,1,19,19
21,19,7.25,6.916666666666667,23.36545753479004,4.750730937913075,57.492921113967896,5.678689002990723,13.628854553480963,12.356627791072002,13.414236811530095,1.0,1,20,19
22,19,7.666666666666668,6.916666666666667,24.808481216430664,5.086064839889044,63.53081250190735,5.912515878677368,14.190039118121128,12.963889298969,14.040687574989427,1.0,1,21,19
23,19,8.083333333333334,6.916666666666667,26.423494338989258,5.432668671002208,69.82646203041077,6.160503149032593,14.785204126536492,13.611010593799817,14.499640297381124,1.0,1,22,19
24,19,8.5,6.916666666666667,28.21177864074707,5.7885183289374185,76.39371943473816,6.280618508656819,15.0734783731075,14.293355672209042,14.702306189226631,1.0,1,23,19
0,20,-1.5,7.333333333333334,12.01388931274414,6.009252125773315,27.21983851492405,2.582618474960327,6.198283925206201,5.244447826809676,5.830202206715211,1.0,2,1,20
1,20,-1.0833333333333333,7.333333333333334,11.059028625488281,5.667279378639768,24.28820289671421,2.4209257662296295,5.810221623719563,4.501321864065082,5.608775623810528,1.0,2,2,20
2,20,-0.6666666666666666,7.333333333333334,10.277778625488281,5.335936864527374,21.71086086332798,2.102421671152115,5.045811671447448,3.8559077331586966,5.1395223817678435,1.0,2,3,20
3,20,-0.25,7.333333333333334,9.67013931274414,5.0173310744967905,19.47215522825718,1.8168427050113678,4.360422280419401,3.276845816157672,4.576919160337958,1.0,2,3,19
4,20,0.16666666666666674,7.333333333333334,9.236111640930176,4.714045207910317,17.568340554833412,1.5808827877044678,3.794118712923826,2.47316934725239,4.074131707590589,1.0,2,4,19
5,20,0.5833333333333335,7.333333333333334,8.97569465637207,4.4292274219727705,16.092819944024086,1.4171989858150482,3.4012777220559594,1.8286262866010388,3.7341553932802847,1.0,2,5,19
6,20,1.0,7.333333333333334,8.88888931274414,4.166666666666667,15.227492645382881,1.3558694124221802,3.254086772460323,1.5555161052580984,3.6154026504071015,1.0,2,6,19
7,20,1.416666666666667,7.333333333333334,8.97569465637207,3.9308254716902518,15.725438326597214,1.4171965420246124,3.4012716860487107,1.8286205645595057,3.7341309357783197,1.0,2,7,19
8,20,1.8333333333333335,7.333333333333334,9.236111640930176,3.72677996249965,16.323666751384735,1.580883651971817,3.7941207303951185,2.47317106386485,4.074018117546379,1.0,2,8,19
9,20,2.25,7.333333333333334,9.67013931274414,3.560001560548972,17.06204605102539,1.8168432116508484,4.360423424543308,3.2768449578514423,4.592113464078914,1.0,2,9,19
10,20,2.666666666666667,7.333333333333334,10.277777671813965,3.4359213546813843,17.917994558811188,2.1024178862571716,5.045803113449256,3.85590231782869,5.2383161697610054,1.0,2,10,19
11,20,3.083333333333334,7.333333333333334,11.059022903442383,3.3592740617910626,18.725219130516052,2.4209140837192535,5.81019356540311,4.501325512438016,5.966529086240701,1.0,2,11,19
12,20,3.5,7.333333333333334,12.01386547088623,3.333333333333334,20.409358501434326,2.7610411643981934,6.626497731243965,5.244447470770365,6.744050084450632,1.0,2,12,19
13,20,3.916666666666667,7.333333333333334,13.142247200012207,3.3592740617910626,23.705827713012695,3.115512192249298,7.477228013300646,6.0493228818277585,7.542896408594909,1.0,2,12,20
14,20,4.333333333333334,7.333333333333334,14.443901062011719,3.4359213546813843,27.374351024627686,3.4791463017463684,8.349951080736982,6.89407293432752,8.347282340129503,1.0,2,13,20
15,20,4.75,7.333333333333334,15.917543411254883,3.560001560548972,31.41917848587036,3.845821797847748,9.229973332045562,7.7642928177996895,9.143142499782336,1.0,2,14,20
16,20,5.166666666666667,7.333333333333334,17.55713653564453,3.72677996249965,35.839112281799316,4.191442012786865,10.059458676060933,8.64521241959092,9.93808234497413,1.0,2,15,20
17,20,5.583333333333334,7.333333333333334,19.335277557373047,3.930825471690252,40.60857105255127,4.43379008769989,10.641094773408264,9.4862808332208,10.737295334902036,1.0,2,16,20
18,20,6.0,7.333333333333334,21.147109985351562,4.166666666666667,45.55298566818237,4.737871289253235,11.37089246786871,10.13711743817041,11.550840118554222,1.0,2,17,20
19,20,6.416666666666667,7.333333333333334,22.769351959228516,4.429227421972771,50.88235855102539,5.058344721794128,12.140024832944086,10.763941484047502,12.369684917960969,1.0,2,18,20
20,20,6.833333333333334,7.333333333333334,24.142230987548828,4.714045207910318,56.3867449760437,5.489466905593872,13.174718795699192,11.849491997152713,13.183753860245213,1.0,1,19,20
21,20,7.25,7.333333333333334,25.482860565185547,5.0173310744967905,62.488383293151855,5.8813183307647705,14.11516562433356,12.929320117691084,13.962649915746432,1.0,1,20,20
22,20,7.666666666666668,7.333333333333334,26.940080642700195,5.335936864527375,68.838876247406,6.230179667472839,14.952432984985386,13.704363857754625,14.649153761566108,1.0,1,21,20
23,20,8.083333333333334,7.333333333333334,28.5581111907959,5.667279378639769,75.439462184906,6.471561789512634,15.53174541170365,14.319872421361984,15.150111525536971,1.0,1,22,20
24,20,8.5,7.333333333333334,30.347030639648438,6.009252125773315,82.30045890808105,6.586498578389485,15.807591123217707,14.970271705420146,15.370517666525728,1.0,1,23,20
0,21,-1.5,7.75,12.65625,6.25,30.133994713425636,2.8006149927775064,6.721474931995657,5.860338579210146,6.355394081800384,1.0,2,1,21
1,21,-1.0833333333333333,7.75,11.70138931274414,5.921946001479957,27.006396666169167,2.654874265193939,6.371697469162747,5.205883350091774,6.157340855303449,1.0,2,2,21
2,21,-0.6666666666666666,7.75,10.92013931274414,5.605676686280713,24.208168879151344,2.367702007293701,5.682483831002779,4.595925844545687,5.739843860184079,1.0,2,2,20
3,21,-0.25,7.75,10.3125,5.303300858899107,21.733423843979836,2.117443025112152,5.081862308850693,3.827906542933099,5.243728929188525,1.0,2,3,20
4,21,0.16666666666666674,7.75,9.878472328186035,5.01733107449679,19.6446483284235,1.9180775880813599,4.603385425074269,3.167284075654631,4.805961764015569,1.0,2,4,20
5,21,0.5833333333333335,7.75,9.61805534362793,4.750730937913075,18.04977811872959,1.7866100668907166,4.287863405928798,2.6942495133398108,4.513726974614244,1.0,2,5,20
6,21,1.0,7.75,9.53125,4.5069390943299865,17.143013551831245,1.7400939762592316,4.176224774263726,2.516895491369435,4.412476801235468,1.0,2,6,20
7,21,1.416666666666667,7.75,9.61805534362793,4.289845892077917,17.68239364027977,1.7866118252277374,4.287867432706992,2.6942540909782755,4.513724782981109,1.0,2,7,20
8,21,1.8333333333333335,7.75,9.878472328186035,4.103690750748377,18.39997547864914,1.9180784225463867,4.603387327345628,3.1672863644738634,4.805950494973946,1.0,2,8,20
9,21,2.25,7.75,10.3125,3.952847075210474,19.323315620422363,2.11744424700737,5.081865180105966,3.8279096900595437,5.259034936210339,1.0,2,9,20
10,21,2.666666666666667,7.75,10.92013931274414,3.84147685720537,20.415301144123077,2.367700517177582,5.682480808622959,4.595922125214433,5.83681336231484,1.0,2,10,20
11,21,3.083333333333334,7.75,11.701388359069824,3.77307714089059,21.496620774269104,2.6548744440078735,6.371697919958948,5.205889589649044,6.5054097216164495,1.0,2,11,20
12,21,3.5,7.75,12.65624713897705,3.75,23.48274517059326,2.968450605869293,7.124279849580375,5.860342624598956,7.23847187208969,1.0,2,12,20
13,21,3.916666666666667,7.75,13.784708023071289,3.77307714089059,26.954711198806763,3.300939917564392,7.92225407026741,6.590472108750895,8.012707960190347,1.0,2,12,21
14,21,4.333333333333334,7.75,15.086738586425781,3.84147685720537,30.78197193145752,3.647097647190094,8.753033922493149,7.37383034251588,8.809258736038554,1.0,2,13,21
15,21,4.75,7.75,16.562175750732422,3.952847075210474,34.97257852554321,4.002979040145874,9.607150418928878,8.195018842704332,9.609487616903053,1.0,2,14,21
16,21,5.166666666666667,7.75,18.210262298583984,4.103690750748377,39.53215265274048,4.364445686340332,10.474667080425924,9.043053834172758,10.40839419094878,1.0,2,15,21
17,21,5.583333333333334,7.75,20.027389526367188,4.289845892077917,44.4627423286438,4.720897912979126,11.3301530616586,9.907555841403319,11.203875212335861,1.0,2,16,21
18,21,6.0,7.75,21.996850967407227,4.5069390943299865,49.75388860702515,4.947558879852295,11.874142183406942,10.764858156150115,12.005820598270931,1.0,2,17,21
19,21,6.416666666666667,7.75,24.049150466918945,4.750730937913075,55.1680645942688,5.353762269020081,12.849026410553293,11.242042633835844,12.814353291034505,1.0,2,18,21
20,21,6.833333333333334,7.75,25.99062156677246,5.0173310744967905,61.13891410827637,5.533775329589844,13.281058332930188,12.079276596621249,13.633389915564983,1.0,2,19,21
21,21,7.25,7.75,27.660261154174805,5.303300858899107,67.1628532409668,6.144605755805969,14.747055008756524,13.01266403681337,14.437153480811775,1.0,1,20,21
22,21,7.666666666666668,7.75,29.219072341918945,5.605676686280714,73.96994590759277,6.552649617195129,15.726360224503907,14.45207956393416,15.164833412766248,1.0,1,21,21
23,21,8.083333333333334,7.75,30.860719680786133,5.921946001479957,80.87627172470093,6.781585335731506,16.275801098805502,15.053527470980633,15.705276306356312,1.0,1,22,21
24,21,8.5,7.75,32.65470886230469,6.25,88.03980302810669,6.89971383412679,16.55930654821533,15.67636668257396,15.945821878198464,1.0,1,23,21
0,22,-1.5,8.166666666666668,13.472223281860352,6.508541396588879,33.42846097052097,3.0556853612264,7.33364779024382,6.559828430159419,6.898014955808662,1.0,2,1,22
1,22,-1.0833333333333333,8.166666666666668,12.517362594604492,6.194195311382711,30.068377628922462,2.925028622150421,7.020070772477002,5.9333027394846045,6.7223039692190945,1.0,2,1,21
2,22,-0.6666666666666666,8.166666666666668,11.736111640930176,5.892556509887897,27.024481907486916,2.6668737530708313,6.400498752782571,5.185169269432626,6.3530406241800454,1.0,2,2,21
3,22,-0.25,8.166666666666668,11.128473281860352,5.605676686280714,24.342716827988625,2.4471365809440613,5.873129510898049,4.518451867331033,5.916093649459922,1.0,2,3,21
4,22,0.16666666666666674,8.166666666666668,10.69444465637207,5.335936864527374,22.095386996865273,2.2768288254737854,5.4643910633827595,3.97431661657973,5.534171667773311,1.0,2,4,21
5,22,0.5833333333333335,8.166666666666668,10.434028625488281,5.086064839889044,20.400256291031837,2.1678099930286407,5.20274588215156,3.6086727266901195,5.281853721530741,1.0,2,5,21
6,22,1.0,8.166666666666668,10.347223281860352,4.859126579037752,19.459108665585518,2.1300984025001526,5.112238052049403,3.478253953358495,5.195180677502091,1.0,2,6,21
7,22,1.416666666666667,8.166666666666668,10.434028625488281,4.658474953124563,20.03287348151207,2.167809247970581,5.2027438746929855,3.608670723975583,5.281853613062332,1.0,2,7,21
8,22,1.8333333333333335,8.166666666666668,10.69444465637207,4.487637339278755,20.85071486234665,2.276829719543457,5.46439306752575,3.974318905396343,5.534170960830039,1.0,2,8,21
9,22,2.25,8.166666666666668,11.128473281860352,4.3501277120460635,21.93260955810547,2.4471355676651,5.873127026052966,4.518449578514421,5.931786417361473,1.0,2,9,21
10,22,2.666666666666667,8.166666666666668,11.736111640930176,4.249182927993989,23.231612741947174,2.6668760180473328,6.400504778424995,5.1851732748616985,6.448669464768097,1.0,2,10,21
11,22,3.083333333333334,8.166666666666668,12.517361640930176,4.187448175467039,24.558602929115295,2.9250283241271973,7.020070122265954,5.933301022872144,7.059161292298029,1.0,2,11,21
12,22,3.5,8.166666666666668,13.472223281860352,4.166666666666668,26.8205246925354,3.212460219860077,7.70990582948449,6.559830558809174,7.741356116996673,1.0,2,12,21
13,22,3.916666666666667,8.166666666666668,14.600692749023438,4.187448175467039,30.503305673599243,3.5220595002174377,8.452944125787068,7.219568019949337,8.47672721328941,1.0,2,12,22
14,22,4.333333333333334,8.166666666666668,15.902770042419434,4.249182927993989,34.52281832695007,3.8484941124916077,9.236388727147043,7.94112244775344,9.248769707097187,1.0,2,13,22
15,22,4.75,8.166666666666668,17.378433227539062,4.3501277120460635,38.88984036445618,4.187792897224426,10.050707219125478,8.70913971295918,10.04112512284113,1.0,2,14,22
16,22,5.166666666666667,8.166666666666668,19.027585983276367,4.487637339278755,43.61272358894348,4.536868572235107,10.888485634374595,9.512301831169827,10.843306361286094,1.0,2,15,22
17,22,5.583333333333334,8.166666666666668,20.84977912902832,4.658474953124563,48.697800397872925,4.892706274986267,11.742496952752507,10.342084242184264,11.64551258183616,1.0,2,16,22
18,22,6.0,8.166666666666668,22.842859268188477,4.859126579037752,54.14891743659973,5.249358654022217,12.598465933299998,11.190839458785804,12.448232609382455,1.0,2,17,22
19,22,6.416666666666667,8.166666666666668,24.996747970581055,5.086064839889044,59.96309447288513,5.610609173774719,13.465463250243896,12.045548647136172,13.248423073469453,1.0,2,18,22
20,22,6.833333333333334,8.166666666666668,27.267230987548828,5.335936864527375,66.15006232261658,5.810495853424072,13.945192239858757,12.88099870224098,14.055061462037306,1.0,2,19,22
21,22,7.25,8.166666666666668,29.505464553833008,5.605676686280714,72.4253261089325,6.059974193572998,14.543944137615942,13.320702484398836,14.85065280142976,1.0,2,20,22
22,22,7.666666666666668,8.166666666666668,31.49433135986328,5.892556509887898,78.99674725532532,6.514533042907715,15.634885893927713,14.479594055485492,15.582366227639552,1.0,1,21,22
23,22,8.083333333333334,8.166666666666668,33.293609619140625,6.194195311382712,85.91883254051208,6.908877491950989,16.581307625992057,15.321908692134357,16.133665175206865,1.0,1,22,22
24,22,8.5,8.166666666666668,35.1265869140625,6.508541396588879,93.37790274620056,7.210812250773112,17.305950565968896,16.403219678329712,16.382224193894427,1.0,1,23,22
0,23,-1.5,8.583333333333334,14.461804389953613,6.782841915041545,37.05568064749241,3.339552958806356,8.014928633598766,7.278938146878276,7.3316946599891395,1.0,2,0,22
1,23,-1.0833333333333333,8.583333333333334,13.506943702697754,6.481812160876686,33.44353522360325,3.222411572933197,7.73378870116585,6.543420667145793,7.174096226555793,1.0,2,1,22
2,23,-0.6666666666666666,8.583333333333334,12.725693702697754,6.194195311382711,30.17845882475376,2.9899380803108215,7.175851857014158,5.873521421083711,6.842851547609559,1.0,2,2,22
3,23,-0.25,8.583333333333334,12.118054389953613,5.921946001479957,27.313303843140602,2.795647978782654,6.70955547809478,5.294201727602734,6.449894707338594,1.0,2,3,22
4,23,0.16666666666666674,8.583333333333334,11.684026718139648,5.667279378639768,24.927715554833412,2.647955298423767,6.355093148853804,4.838113347035747,6.107437898938061,1.0,2,4,22
5,23,0.5833333333333335,8.583333333333334,11.42361068725586,5.432668671002207,23.14629377424717,2.5550880432128906,6.132211680436306,4.542544620582001,5.882114317435452,1.0,2,5,22
6,23,1.0,8.583333333333334,11.336804389953613,5.220818369225696,22.175770834088326,2.5233262479305267,6.0559833349963945,4.439638904020544,5.8052156590622515,1.0,2,6,22
7,23,1.416666666666667,8.583333333333334,11.42361068725586,5.034602488997739,22.778910011053085,2.5550872087478638,6.132209430001102,4.54254233176015,5.882114215121213,1.0,2,7,22
8,23,1.8333333333333335,8.583333333333334,11.684026718139648,4.876958296133178,23.683044373989105,2.6479547023773193,6.355091537228308,4.838112202624821,6.107438027315943,1.0,2,8,22
9,23,2.25,8.583333333333334,12.118054389953613,4.750730937913075,24.90319561958313,2.795648694038391,6.709557148318758,5.294203444219122,6.466703129957248,1.0,2,9,22
10,23,2.666666666666667,8.583333333333334,12.725693702697754,4.658474953124562,26.38559228181839,2.9899359941482544,7.175847481907659,5.873517987850934,6.940269097825353,1.0,2,10,22
11,23,3.083333333333334,8.583333333333334,13.506943702697754,4.602233757161359,27.933760285377502,3.2224157452583313,7.733798823212573,6.5434298224332,7.50744689986632,1.0,2,11,22
12,23,3.5,8.583333333333334,14.461804389953613,4.583333333333334,30.44774603843689,3.4854859113693237,8.365166364155947,7.27894272452198,8.149283236545505,1.0,2,12,22
13,23,3.916666666666667,8.583333333333334,15.590276718139648,4.602233757161359,34.371023178100586,3.7727964520454407,9.054711778270612,7.915705696925031,8.84968021848244,1.0,2,12,23
14,23,4.333333333333334,8.583333333333334,16.892358779907227,4.658474953124562,38.611979484558105,4.079250693321228,9.790203642388528,8.57890900060482,9.59509533313513,1.0,2,13,23
15,23,4.75,8.583333333333334,18.3680477142334,4.750730937913075,43.18365669250488,4.400855481624603,10.562056694795062,9.294385068658855,10.372990493785043,1.0,2,14,23
16,23,5.166666666666667,8.583333333333334,20.017335891723633,4.876958296133178,48.096457958221436,4.73450493812561,11.362812117108032,10.050954838163314,11.173331191720026,1.0,2,15,23
17,23,5.583333333333334,8.583333333333334,21.840164184570312,5.034602488997739,53.35873746871948,5.077723264694214,12.186536957635951,10.839988830574928,11.983476861531916,1.0,2,16,23
18,23,6.0,8.583333333333334,23.836257934570312,5.220818369225696,58.97715187072754,5.428211569786072,13.027712338346163,11.65476709547695,12.794024417048814,1.0,2,17,23
19,23,6.416666666666667,8.583333333333334,26.00434684753418,5.432668671002208,64.9565200805664,5.782290697097778,13.877498232614068,12.489324374894858,13.59338651804242,1.0,2,18,23
20,23,6.833333333333334,8.583333333333334,28.33838653564453,5.667279378639769,71.29778671264648,6.123305320739746,14.695934163955064,13.335384875957583,14.3854758481476,1.0,2,19,23
21,23,7.25,8.583333333333334,30.810970306396484,5.921946001479957,77.98413467407227,6.392645001411438,15.342353343305197,14.158974517431075,15.157844499146803,1.0,2,20,23
22,23,7.666666666666668,8.583333333333334,33.31724548339844,6.194195311382712,84.89001321792603,6.705055594444275,16.092139040648686,14.853983632653668,15.868805742711588,1.0,2,21,23
23,23,8.083333333333334,8.583333333333334,35.63393020629883,6.481812160876687,92.16527032852173,7.025573372840881,16.86137699485788,15.531064426828166,16.407296414156082,1.0,1,22,23
24,23,8.5,8.583333333333334,37.701255798339844,6.782841915041545,99.65563154220581,7.235247294108073,17.364592977000886,16.52849347801706,16.652311113481677,1.0,1,23,23
0,24,-1.5,9.0,15.625,7.0710678118654755,40.99187459051609,3.3381704092025757,8.011606354918158,7.902102163618345,7.532870839037358,1.0,2,0,23
1,24,-1.0833333333333333,9.0,14.67013931274414,6.782841915041544,37.148747101426125,3.3709460894266763,8.09026895221361,7.230260101119918,7.383682728547765,1.0,2,1,23
2,24,-0.6666666666666666,9.0,13.88888931274414,6.508541396588879,33.68338264524937,3.1514357725779214,7.56344391279016,6.630119796661532,7.069841594138626,1.0,2,2,23
3,24,-0.25,9.0,13.28125,6.25,30.654154673218727,2.9697611331939697,7.12742492001179,6.122809888603295,6.696390048340896,1.0,2,3,23
4,24,0.16666666666666674,9.0,12.847222328186035,6.009252125773315,28.146252885460854,2.8330162366231284,6.799237607436592,5.733035863467512,6.3708906769135965,1.0,2,4,23
5,24,0.5833333333333335,9.0,12.58680534362793,5.7885183289374185,26.289164200425148,2.7477571169535318,6.594615808934269,5.485899745254711,6.156821534781462,1.0,2,5,23
6,24,1.0,9.0,12.5,5.5901699437494745,25.293006017804146,2.7187472184499106,6.524992063378497,5.401002387235727,6.083967847421601,1.0,2,6,23
7,24,1.416666666666667,9.0,12.58680534362793,5.416666666666667,25.921779721975327,2.747753699620565,6.594607237191023,5.485891162192412,6.156821356681294,1.0,2,7,23
8,24,1.8333333333333335,9.0,12.847222328186035,5.270462766947299,26.90158122777939,2.833017031351725,6.799239222202414,5.733037580079971,6.370890812203016,1.0,2,8,23
9,24,2.25,9.0,13.28125,5.153882032022076,28.244047164916992,2.969764232635498,7.127432303842542,6.122817327257288,6.713900558071033,1.0,2,9,23
10,24,2.666666666666667,9.0,13.88888931274414,5.068968775248516,29.890513479709625,3.1514370441436768,7.56344786927393,6.630123229886451,7.1687546511706435,1.0,2,10,23
11,24,3.083333333333334,9.0,14.67013931274414,5.01733107449679,31.63897693157196,3.370943307876587,8.090262478204528,7.2302549512825385,7.716844993801263,1.0,2,11,23
12,24,3.5,9.0,15.625,5.0,34.38394284248352,3.621558904647827,8.69173820613222,7.902095297168505,8.34055592764057,1.0,2,12,23
13,24,3.916666666666667,9.0,16.75347137451172,5.01733107449679,38.563823223114014,3.8973871866861978,9.353725818129734,8.62891816793963,9.0245834958672,1.0,2,13,23
14,24,4.333333333333334,9.0,18.055557250976562,5.068968775248517,43.0511212348938,4.1935047308603925,10.064409839673994,9.272668595758706,9.756255883066233,1.0,2,13,24
15,24,4.75,9.0,19.53125,5.153882032022076,47.85220289230347,4.505936463673909,10.814247747254269,9.938323188142085,10.524612930500043,1.0,2,14,24
16,24,5.166666666666667,9.0,21.180551528930664,5.270462766947299,52.97917366027832,4.831518650054932,11.595639975729243,10.649255618765114,11.320815558987858,1.0,2,15,24
17,24,5.583333333333334,9.0,23.003459930419922,5.416666666666667,58.44197416305542,5.167738755544026,12.4025688672058,11.396966631342597,12.133235395935314,1.0,2,16,24
18,24,6.0,9.0,24.99993133544922,5.5901699437494745,64.24879932403564,5.512578010559082,13.230187413260424,12.174729604617921,12.949268289606351,1.0,2,17,24
19,24,6.416666666666667,9.0,27.169815063476562,5.7885183289374185,70.40640640258789,5.864161491394043,14.073981792086606,12.977011099628868,13.752650828257709,1.0,2,18,24
20,24,6.833333333333334,9.0,29.512346267700195,6.009252125773315,76.92010831832886,6.219749291737874,14.927393203550777,13.799087677698,14.541227045398351,1.0,2,19,24
21,24,7.25,9.0,32.0239143371582,6.25,83.79273176193237,6.570036729176839,15.768088317640228,14.635310987591167,15.301345847744626,1.0,2,20,24
22,24,7.666666666666668,9.0,34.68782043457031,6.508541396588879,91.01783752441406,6.79594612121582,16.310270925933725,15.469597041930024,15.996186131087129,1.0,2,21,24
23,24,8.083333333333334,9.0,37.43456268310547,6.782841915041545,98.4207615852356,7.217311859130859,17.321541364477195,16.037577834159023,16.52053650134904,1.0,2,22,24
24,24,8.5,9.0,40.07048034667969,7.0710678118654755,106.32165718078613,7.084409713745117,17.00257034105656,16.85630237098513,16.759556663527878,1.0,1,23,24
