source_i,source_j,source_x1,source_x2,target_i,target_j,target_x1,target_x2,minimum_energy_control_energy,energy_per_distance,terminal_error,failed
0,0,-1.5,-1.0,1,0,-1.0833333333333333,-1.0,1.2560583353042603,3.01454029221919,1.6858739115832577e-07,False
0,0,-1.5,-1.0,0,1,-1.5,-0.5833333333333333,1.478816270828247,3.5491588807507095,7.372687491624674e-07,False
1,0,-1.0833333333333333,-1.0,2,0,-0.6666666666666666,-1.0,1.0442832708358765,2.506279730497373,5.092622927804769e-07,False
1,0,-1.0833333333333333,-1.0,0,0,-1.5,-1.0,1.9314401149749756,4.635456718011543,9.078709126697504e-07,False
1,0,-1.0833333333333333,-1.0,1,1,-1.0833333333333333,-0.5833333333333333,1.0918166637420654,2.6203598680324616,1.0745379768195562e-06,False
2,0,-0.6666666666666666,-1.0,3,0,-0.25,-1.0,0.9613980650901794,2.307355246193159,5.78656454308657e-07,False
2,0,-0.6666666666666666,-1.0,1,0,-1.0833333333333333,-1.0,1.59651517868042,3.831636246126354,5.331201577973843e-07,False
2,0,-0.6666666666666666,-1.0,2,1,-0.6666666666666666,-0.5833333333333333,0.7198213338851929,1.7275711189474525,3.475518042250769e-07,False
3,0,-0.25,-1.0,4,0,0.16666666666666674,-1.0,1.0387299060821533,2.4929516557239695,3.725290298461914e-07,False
3,0,-0.25,-1.0,2,0,-0.6666666666666666,-1.0,1.2992980480194092,3.1183151665537276,2.0509542082436383e-06,False
3,0,-0.25,-1.0,3,1,-0.25,-0.5833333333333333,0.40637001395225525,0.9752879869800574,2.980232238769531e-07,False
4,0,0.16666666666666674,-1.0,5,0,0.5833333333333335,-1.0,1.2468147277832031,2.9923556320529587,7.177349630183016e-07,False
4,0,0.16666666666666674,-1.0,3,0,-0.25,-1.0,1.0716360807418823,2.5719264711415066,4.470348358154297e-07,False
4,0,0.16666666666666674,-1.0,4,1,0.16666666666666674,-0.5833333333333333,0.3647533357143402,0.8754079639717119,1.2287812012345967e-07,False
5,0,0.5833333333333335,-1.0,6,0,1.0,-1.0,1.5333136320114136,3.679952541353581,2.1490759536391124e-06,False
5,0,0.5833333333333335,-1.0,4,0,0.16666666666666674,-1.0,0.9641308784484863,2.313914328948434,1.3197416137700202e-06,False
5,0,0.5833333333333335,-1.0,5,1,0.5833333333333335,-0.5833333333333333,0.6495137810707092,1.5588330002387523,3.998401041371835e-07,False
6,0,1.0,-1.0,7,0,1.416666666666667,-1.0,1.8623801469802856,4.469712779017714,8.596304041930125e-07,False
6,0,1.0,-1.0,5,0,0.5833333333333335,-1.0,1.0156803131103516,2.4376326352294617,8.365910275642818e-07,False
6,0,1.0,-1.0,6,1,1.0,-0.5833333333333333,1.0156786441802979,2.437628629797524,3.5762786865234375e-07,False
7,0,1.416666666666667,-1.0,8,0,1.8333333333333335,-1.0,2.2151119709014893,5.316267716165978,1.3953089137430652e-06,False
7,0,1.416666666666667,-1.0,6,0,1.0,-1.0,1.2060588598251343,2.8945415396253145,5.331201577973843e-07,False
7,0,1.416666666666667,-1.0,7,1,1.416666666666667,-0.5833333333333333,1.400795578956604,3.361909229187525,6.078504952711228e-07,False
8,0,1.8333333333333335,-1.0,9,0,2.25,-1.0,2.5817322731018066,6.196158046356015,1.5497207641601562e-06,False
8,0,1.8333333333333335,-1.0,7,0,1.416666666666667,-1.0,1.4827152490615845,3.5585159190147553,5.057621592641226e-07,False
8,0,1.8333333333333335,-1.0,8,1,1.8333333333333335,-0.5833333333333333,1.7926353216171265,4.302324566730282,1.4317527075036196e-06,False
9,0,2.25,-1.0,10,0,2.666666666666667,-1.0,2.956362724304199,7.09526918501488,3.339988097650348e-06,False
9,0,2.25,-1.0,8,0,1.8333333333333335,-1.0,1.8063784837722778,4.33530877450073,4.2981520209650625e-07,False
9,0,2.25,-1.0,9,1,2.25,-0.5833333333333333,2.187183141708374,5.249239289796863,2.1589721654891036e-06,False
10,0,2.666666666666667,-1.0,11,0,3.083333333333334,-1.0,3.3310728073120117,7.994577787238231,0.00012135505676269531,False
10,0,2.666666666666667,-1.0,9,0,2.25,-1.0,2.1555538177490234,5.173328175863614,2.8808226488763466e-06,False
10,0,2.666666666666667,-1.0,10,1,2.666666666666667,-0.5833333333333333,2.5803287029266357,6.192788591728754,2.7378977392800152e-05,False
11,0,3.083333333333334,-1.0,12,0,3.5,-1.0,3.6627774238586426,8.79066414057462,0.0005455689388327301,False
11,0,3.083333333333334,-1.0,10,0,2.666666666666667,-1.0,2.5163776874542236,6.039308753703596,3.3171043469337747e-05,False
11,0,3.083333333333334,-1.0,11,1,3.083333333333334,-0.5833333333333333,2.9509212970733643,7.082210775269949,0.0002589435607660562,False
12,0,3.5,-1.0,13,0,3.916666666666667,-1.0,3.2407114505767822,7.7777059979045875,0.8230127096176147,False
12,0,3.5,-1.0,11,0,3.083333333333334,-1.0,2.85455060005188,6.850920133415197,0.00039206293877214193,False
12,0,3.5,-1.0,12,1,3.5,-0.5833333333333333,3.3122708797454834,7.9494497323298585,0.4384140074253082,False
13,0,3.916666666666667,-1.0,14,0,4.333333333333334,-1.0,3.1783523559570312,7.628044199362908,1.0069751739501953,False
13,0,3.916666666666667,-1.0,12,0,3.5,-1.0,3.00527286529541,7.212653501004505,2.206261396408081,False
13,0,3.916666666666667,-1.0,13,1,3.916666666666667,-0.5833333333333333,2.4660847187042236,5.918603042669151,1.1991931200027466,False
14,0,4.333333333333334,-1.0,15,0,4.75,-1.0,3.009540319442749,7.2228995219801035,0.00041909172432497144,False
14,0,4.333333333333334,-1.0,13,0,3.916666666666667,-1.0,2.52388072013855,6.057312572991834,1.6526964902877808,False
14,0,4.333333333333334,-1.0,14,1,4.333333333333334,-0.5833333333333333,2.1710269451141357,5.210464419819621,0.0791485607624054,False
15,0,4.75,-1.0,16,0,5.166666666666667,-1.0,3.1858339309692383,7.646004351045361,3.0181381589500234e-06,False
15,0,4.75,-1.0,14,0,4.333333333333334,-1.0,2.7704567909240723,6.649098834647687,0.0002493414212949574,False
15,0,4.75,-1.0,15,1,4.75,-0.5833333333333333,2.356292963027954,5.655102841610773,7.413881394313648e-05,False
16,0,5.166666666666667,-1.0,17,0,5.583333333333334,-1.0,3.376621961593628,8.103886525049953,2.1324806311895372e-06,False
16,0,5.166666666666667,-1.0,15,0,4.75,-1.0,2.913377046585083,6.992107579081566,0.0002178937429562211,False
16,0,5.166666666666667,-1.0,16,1,5.166666666666667,-0.5833333333333333,2.514432430267334,6.0346375448876595,1.719260808386025e-06,False
17,0,5.583333333333334,-1.0,18,0,6.0,-1.0,3.600923538208008,8.642219788444438,6.743495646333031e-07,False
17,0,5.583333333333334,-1.0,16,0,5.166666666666667,-1.0,3.016906261444092,7.2405695033496835,1.17407535071834e-06,False
17,0,5.583333333333334,-1.0,17,1,5.583333333333334,-0.5833333333333333,2.716996431350708,6.5207911243061485,7.152557373046875e-07,False
18,0,6.0,-1.0,19,0,6.416666666666667,-1.0,3.8540446758270264,9.249710750469495,7.633119025740598e-07,False
18,0,6.0,-1.0,17,0,5.583333333333334,-1.0,3.159039258956909,7.581697113684507,2.384185791015625e-06,False
18,0,6.0,-1.0,18,1,6.0,-0.5833333333333333,2.9599874019622803,7.103969425965813,2.4437904357910156e-06,False
19,0,6.416666666666667,-1.0,20,0,6.833333333333334,-1.0,4.1306233406066895,9.913488454064595,4.629251634469256e-06,False
19,0,6.416666666666667,-1.0,18,0,6.0,-1.0,3.3426003456115723,8.022243889710957,1.9660499219753547e-06,False
19,0,6.416666666666667,-1.0,19,1,6.416666666666667,-0.5833333333333333,3.234534740447998,7.762883006912088,2.159794576073182e-06,False
20,0,6.833333333333334,-1.0,21,0,7.25,-1.0,4.4262237548828125,10.622941064049172,1.0728836059570312e-06,False
20,0,6.833333333333334,-1.0,19,0,6.416666666666667,-1.0,3.5618858337402344,8.548519478973786,2.8435852073016576e-06,False
20,0,6.833333333333334,-1.0,20,1,6.833333333333334,-0.5833333333333333,3.5332627296447754,8.47983014679765,5.092622927804769e-07,False
21,0,7.25,-1.0,22,0,7.666666666666668,-1.0,4.737279415130615,11.369474933423971,2.9802322387695312e-06,False
21,0,7.25,-1.0,20,0,6.833333333333334,-1.0,3.8107762336730957,9.145866449686604,1.9405865714361425e-06,False
21,0,7.25,-1.0,21,1,7.25,-0.5833333333333333,3.8505356311798096,9.241285074172731,3.564836106306757e-06,False
22,0,7.666666666666668,-1.0,23,0,8.083333333333334,-1.0,5.060935020446777,12.14624868249843,3.339988097650348e-06,False
22,0,7.666666666666668,-1.0,21,0,7.25,-1.0,4.083858489990234,9.801264114862104,1.17407535071834e-06,False
22,0,7.666666666666668,-1.0,22,1,7.666666666666668,-0.5833333333333333,4.182127952575684,10.037106607575101,1.6214216884691268e-06,False
23,0,8.083333333333334,-1.0,24,0,8.5,-1.0,5.394928932189941,12.947819558853485,2.1883915906073526e-06,False
23,0,8.083333333333334,-1.0,22,0,7.666666666666668,-1.0,4.376613140106201,10.503875543165414,1.2839233249906101e-06,False
23,0,8.083333333333334,-1.0,23,1,8.083333333333334,-0.5833333333333333,4.524898052215576,10.85975480748392,1.4354699260366033e-06,False
24,0,8.5,-1.0,23,0,8.083333333333334,-1.0,4.685347080230713,11.244824413433523,1.2672121556533966e-06,False
24,0,8.5,-1.0,24,1,8.5,-0.5833333333333333,4.87648868560791,11.70357228738917,5.928190603299299e-06,False
0,1,-1.5,-0.5833333333333333,1,1,-1.0833333333333333,-0.5833333333333333,0.9838425517082214,2.3612223492834423,1.1387451195332687e-06,False
0,1,-1.5,-0.5833333333333333,0,2,-1.5,-0.16666666666666663,1.4438979625701904,3.465355440650505,7.208220154097944e-07,False
0,1,-1.5,-0.5833333333333333,0,0,-1.5,-1.0,1.8725234270095825,4.494056010529708,2.4459700398438144e-06,False
1,1,-1.0833333333333333,-0.5833333333333333,2,1,-0.6666666666666666,-0.5833333333333333,0.6933900117874146,1.6641359489376093,2.384185791015625e-07,False
1,1,-1.0833333333333333,-0.5833333333333333,0,1,-1.5,-0.5833333333333333,1.7665568590164185,4.23973686597222,2.431401981084491e-06,False
1,1,-1.0833333333333333,-0.5833333333333333,1,2,-1.0833333333333333,-0.16666666666666663,1.044033169746399,2.505679846351609,1.0532496617088327e-06,False
1,1,-1.0833333333333333,-0.5833333333333333,1,0,-1.0833333333333333,-1.0,1.5847737789154053,3.8034568880340154,4.2981520209650625e-07,False
2,1,-0.6666666666666666,-0.5833333333333333,3,1,-0.25,-0.5833333333333333,0.5608462691307068,1.3460309817299374,1.072987060979358e-06,False
2,1,-0.6666666666666666,-0.5833333333333333,1,1,-1.0833333333333333,-0.5833333333333333,1.3925238847732544,3.3420571640941064,1.8848643321689451e-06,False
2,1,-0.6666666666666666,-0.5833333333333333,2,2,-0.6666666666666666,-0.16666666666666663,0.6450458765029907,1.5481102512464764,4.7520455837002373e-07,False
2,1,-0.6666666666666666,-0.5833333333333333,2,0,-0.6666666666666666,-1.0,1.3555763959884644,3.2533831952389147,1.8157418253395008e-06,False
3,1,-0.25,-0.5833333333333333,4,1,0.16666666666666674,-0.5833333333333333,0.6849976181983948,1.643994205284395,9.5413986400672e-07,False
3,1,-0.25,-0.5833333333333333,2,1,-0.6666666666666666,-0.5833333333333333,1.0384783744812012,2.49234797991047,1.8706745095187216e-06,False
3,1,-0.25,-0.5833333333333333,3,2,-0.25,-0.16666666666666663,0.251153826713562,0.6027692415971033,4.712160830422363e-07,False
3,1,-0.25,-0.5833333333333333,3,0,-0.25,-1.0,1.2184337377548218,2.9242408311729036,4.915124804938387e-07,False
4,1,0.16666666666666674,-0.5833333333333333,5,1,0.5833333333333335,-0.5833333333333333,0.9720130562782288,2.332831557543903,7.177349630183016e-07,False
4,1,0.16666666666666674,-0.5833333333333333,3,1,-0.25,-0.5833333333333333,0.733938992023468,1.7614534968636752,3.1680303891334916e-07,False
4,1,0.16666666666666674,-0.5833333333333333,4,2,0.16666666666666674,-0.16666666666666663,0.17603057622909546,0.4224734232400344,3.199415061772015e-07,False
4,1,0.16666666666666674,-0.5833333333333333,4,0,0.16666666666666674,-1.0,1.2051929235458374,2.892462878586632,1.5497923868679209e-06,False
5,1,0.5833333333333335,-0.5833333333333333,6,1,1.0,-0.5833333333333333,1.3195871114730835,3.1670089165206474,6.078504952711228e-07,False
5,1,0.5833333333333335,-0.5833333333333333,4,1,0.16666666666666674,-0.5833333333333333,0.5655175447463989,1.3572422368280637,1.0132789611816406e-06,False
5,1,0.5833333333333335,-0.5833333333333333,5,2,0.5833333333333335,-0.16666666666666663,0.5655165910720825,1.357239948009486,6.143906006172983e-08,False
5,1,0.5833333333333335,-0.5833333333333333,5,0,0.5833333333333335,-1.0,1.3195879459381104,3.167010919236616,8.678567269271298e-07,False
6,1,1.0,-0.5833333333333333,7,1,1.416666666666667,-0.5833333333333333,1.6907703876495361,4.057849317345554,2.3030852389638312e-06,False
6,1,1.0,-0.5833333333333333,5,1,0.5833333333333335,-0.5833333333333333,0.6495139002799988,1.5588332863410337,7.177349630183016e-07,False
6,1,1.0,-0.5833333333333333,6,2,1.0,-0.16666666666666663,0.9641259908676147,2.313902598753223,1.390287138747226e-06,False
6,1,1.0,-0.5833333333333333,6,0,1.0,-1.0,1.5333137512207031,3.6799528274558626,2.4805847260722658e-06,False
7,1,1.416666666666667,-0.5833333333333333,8,1,1.8333333333333335,-0.5833333333333333,2.07287859916687,4.97490768911215,1.9045526187255746e-06,False
7,1,1.416666666666667,-0.5833333333333333,6,1,1.0,-0.5833333333333333,0.9191490411758423,2.2059579091985615,2.4575624024691933e-07,False
7,1,1.416666666666667,-0.5833333333333333,7,2,1.416666666666667,-0.16666666666666663,1.3638569116592407,3.2732569001442813,1.6258662753898534e-06,False
7,1,1.416666666666667,-0.5833333333333333,7,0,1.416666666666667,-1.0,1.8115426301956177,4.347702105154891,1.6942823322096956e-06,False
8,1,1.8333333333333335,-0.5833333333333333,9,1,2.25,-0.5833333333333333,2.4605321884155273,5.905277815368444,2.17536535274121e-06,False
8,1,1.8333333333333335,-0.5833333333333333,7,1,1.416666666666667,-0.5833333333333333,1.2604155540466309,3.024996752739572,8.107108442345634e-07,False
8,1,1.8333333333333335,-0.5833333333333333,8,2,1.8333333333333335,-0.16666666666666663,1.7637768983840942,4.23306495981836,1.9624892502179136e-06,False
8,1,1.8333333333333335,-0.5833333333333333,8,0,1.8333333333333335,-1.0,2.1291072368621826,5.1098571248122635,1.0990553391820868e-06,False
9,1,2.25,-0.5833333333333333,10,1,2.666666666666667,-0.5833333333333333,2.8493266105651855,6.8383825610384825,1.6075584426289424e-05,False
9,1,2.25,-0.5833333333333333,8,1,1.8333333333333335,-0.5833333333333333,1.6287095546722412,3.9089033039954475,1.4901161193847656e-06,False
9,1,2.25,-0.5833333333333333,9,2,2.25,-0.16666666666666663,2.1625945568084717,5.190227431318992,4.6321524678205606e-06,False
9,1,2.25,-0.5833333333333333,9,0,2.25,-1.0,2.470656633377075,5.929575637360781,8.596304041930125e-07,False
10,1,2.666666666666667,-0.5833333333333333,11,1,3.083333333333334,-0.5833333333333333,3.2227914333343506,7.734702390557247,9.551610128255561e-05,False
10,1,2.666666666666667,-0.5833333333333333,9,1,2.25,-0.5833333333333333,2.007843255996704,4.818822895274564,5.07585264131194e-06,False
10,1,2.666666666666667,-0.5833333333333333,10,2,2.666666666666667,-0.16666666666666663,2.5525503158569336,6.126121342289099,0.00020831022993661463,False
10,1,2.666666666666667,-0.5833333333333333,10,0,2.666666666666667,-1.0,2.825756072998047,6.781814251813209,1.5050733054522425e-05,False
11,1,3.083333333333334,-0.5833333333333333,12,1,3.5,-0.5833333333333333,2.938122272491455,7.0514921090141085,0.8655142188072205,False
11,1,3.083333333333334,-0.5833333333333333,10,1,2.666666666666667,-0.5833333333333333,2.382338047027588,5.717613493962667,0.00030532394885085523,False
11,1,3.083333333333334,-0.5833333333333333,11,2,3.083333333333334,-0.16666666666666663,2.86899995803833,6.885600555954032,0.017287466675043106,False
11,1,3.083333333333334,-0.5833333333333333,11,0,3.083333333333334,-1.0,3.1757209300994873,7.621729868806368,0.00012500095181167126,False
12,1,3.5,-0.5833333333333333,13,1,3.916666666666667,-0.5833333333333333,2.8745603561401367,6.898943538867275,0.9316118955612183,False
12,1,3.5,-0.5833333333333333,11,1,3.083333333333334,-0.5833333333333333,2.694258213043213,6.466218477970414,0.15850797295570374,False
12,1,3.5,-0.5833333333333333,12,2,3.5,-0.16666666666666663,2.0047683715820312,4.811444550651984,1.0215874910354614,False
12,1,3.5,-0.5833333333333333,12,0,3.5,-1.0,3.393540620803833,8.144497101569314,1.7996115684509277,False
13,1,3.916666666666667,-0.5833333333333333,14,1,4.333333333333334,-0.5833333333333333,2.487687587738037,5.970449071798502,0.18866382539272308,False
13,1,3.916666666666667,-0.5833333333333333,12,1,3.5,-0.5833333333333333,1.911413550376892,4.5873916459290225,0.5342854857444763,False
13,1,3.916666666666667,-0.5833333333333333,13,2,3.916666666666667,-0.16666666666666663,1.6362313032150269,3.926955502219725,0.09040672332048416,False
13,1,3.916666666666667,-0.5833333333333333,13,0,3.916666666666667,-1.0,2.766270160675049,6.639048069045636,0.6597902774810791,False
14,1,4.333333333333334,-0.5833333333333333,15,1,4.75,-0.5833333333333333,2.653503894805908,6.368411776890479,6.826605385867879e-05,False
14,1,4.333333333333334,-0.5833333333333333,13,1,3.916666666666667,-0.5833333333333333,2.3368303775787354,5.608391836473115,1.538069248199463,False
14,1,4.333333333333334,-0.5833333333333333,14,2,4.333333333333334,-0.16666666666666663,1.841839075088501,4.420414201775952,0.00021943988394923508,False
14,1,4.333333333333334,-0.5833333333333333,14,0,4.333333333333334,-1.0,2.9994044303894043,7.19857028967999,0.0385940857231617,False
15,1,4.75,-0.5833333333333333,16,1,5.166666666666667,-0.5833333333333333,2.8294286727905273,6.790631405117571,1.119869580179511e-06,False
15,1,4.75,-0.5833333333333333,14,1,4.333333333333334,-0.5833333333333333,2.4410624504089355,5.858552115841719,0.0002639744780026376,False
15,1,4.75,-0.5833333333333333,15,2,4.75,-0.16666666666666663,1.9838666915893555,4.761280513885547,1.8323581798540545e-06,False
15,1,4.75,-0.5833333333333333,15,0,4.75,-1.0,3.1871235370635986,7.649096124215311,0.0004689355846494436,False
16,1,5.166666666666667,-0.5833333333333333,17,1,5.583333333333334,-0.5833333333333333,3.041470527648926,7.299523697262805,2.0370491711219074e-06,False
16,1,5.166666666666667,-0.5833333333333333,15,1,4.75,-0.5833333333333333,2.526921272277832,6.0646133669332,1.4845266377960797e-05,False
16,1,5.166666666666667,-0.5833333333333333,16,2,5.166666666666667,-0.16666666666666663,2.1635191440582275,5.192446440930027,1.657783514019684e-06,False
16,1,5.166666666666667,-0.5833333333333333,16,0,5.166666666666667,-1.0,3.311962604522705,7.948709871830469,1.1246181657043053e-06,False
17,1,5.583333333333334,-0.5833333333333333,18,1,6.0,-0.5833333333333333,3.288787841796875,7.893093831288845,3.6800740872422466e-06,False
17,1,5.583333333333334,-0.5833333333333333,16,1,5.166666666666667,-0.5833333333333333,2.637417793273926,6.329797874604893,1.451467937840789e-06,False
17,1,5.583333333333334,-0.5833333333333333,17,2,5.583333333333334,-0.16666666666666663,2.39569091796875,5.749658751455188,1.657783514019684e-06,False
17,1,5.583333333333334,-0.5833333333333333,17,0,5.583333333333334,-1.0,3.469020128250122,8.325647910802465,1.9405865714361425e-06,False
18,1,6.0,-0.5833333333333333,19,1,6.416666666666667,-0.5833333333333333,3.56418776512146,8.554053899404106,2.546311634432641e-06,False
18,1,6.0,-0.5833333333333333,17,1,5.583333333333334,-0.5833333333333333,2.798152446746826,6.715568433978437,4.804371201316826e-06,False
18,1,6.0,-0.5833333333333333,18,2,6.0,-0.16666666666666663,2.6681413650512695,6.403539886812199,1.228781229656306e-06,False
18,1,6.0,-0.5833333333333333,18,0,6.0,-1.0,3.6625423431396484,8.790101204390469,4.244921910867561e-06,False
19,1,6.416666666666667,-0.5833333333333333,20,1,6.833333333333334,-0.5833333333333333,3.8615915775299072,9.267812715291813,2.6394832275400404e-06,False
19,1,6.416666666666667,-0.5833333333333333,18,1,6.0,-0.5833333333333333,3.0038020610809326,7.20912769665821,1.7930994999915129e-06,False
19,1,6.416666666666667,-0.5833333333333333,19,2,6.416666666666667,-0.16666666666666663,2.96980357170105,7.127529251816679,5.960464477539062e-07,False
19,1,6.416666666666667,-0.5833333333333333,19,0,6.416666666666667,-1.0,3.8877973556518555,9.330713208641376,2.7906178274861304e-06,False
20,1,6.833333333333334,-0.5833333333333333,21,1,7.25,-0.5833333333333333,4.176280498504639,10.023077019911582,5.0607818593562115e-06,False
20,1,6.833333333333334,-0.5833333333333333,19,1,6.416666666666667,-0.5833333333333333,3.2460570335388184,7.790530936789752,9.5367431640625e-07,False
20,1,6.833333333333334,-0.5833333333333333,20,2,6.833333333333334,-0.16666666666666663,3.2926416397094727,7.90234068892867,3.932099843950709e-06,False
20,1,6.833333333333334,-0.5833333333333333,20,0,6.833333333333334,-1.0,4.139652729034424,9.935166075936982,3.43852161677205e-06,False
21,1,7.25,-0.5833333333333333,22,1,7.666666666666668,-0.5833333333333333,4.5046281814575195,10.811111759609894,8.596304041930125e-07,False
21,1,7.25,-0.5833333333333333,20,1,6.833333333333334,-0.5833333333333333,3.517367124557495,8.441684319184997,2.623281716296333e-06,False
21,1,7.25,-0.5833333333333333,21,2,7.25,-0.16666666666666663,3.630999803543091,8.714400359573398,1.2425281283867662e-06,False
21,1,7.25,-0.5833333333333333,21,0,7.25,-1.0,4.413545608520508,10.592508955359031,3.5222260521550197e-06,False
22,1,7.666666666666668,-0.5833333333333333,23,1,8.083333333333334,-0.5833333333333333,4.843856334686279,11.625259637931686,2.081900674966164e-06,False
22,1,7.666666666666668,-0.5833333333333333,21,1,7.25,-0.5833333333333333,3.8115339279174805,9.147684916566817,1.8621086610437487e-06,False
22,1,7.666666666666668,-0.5833333333333333,22,2,7.666666666666668,-0.16666666666666663,3.980923891067505,9.554218249723268,2.6083844204549678e-06,False
22,1,7.666666666666668,-0.5833333333333333,22,0,7.666666666666668,-1.0,4.705633163452148,11.293519053768202,2.9610973797389306e-06,False
23,1,8.083333333333334,-0.5833333333333333,24,1,8.5,-0.5833333333333333,5.191831588745117,12.460386306467967,6.345025667542359e-06,False
23,1,8.083333333333334,-0.5833333333333333,22,1,7.666666666666668,-0.5833333333333333,4.123663425445557,9.8967959963974,2.281386741742608e-06,False
23,1,8.083333333333334,-0.5833333333333333,23,2,8.083333333333334,-0.16666666666666663,4.339612007141113,10.41506981039713,3.011103899552836e-06,False
23,1,8.083333333333334,-0.5833333333333333,23,0,8.083333333333334,-1.0,5.012729644775391,12.030550573799582,3.312216676931712e-06,False
24,1,8.5,-0.5833333333333333,23,1,8.083333333333334,-0.5833333333333333,4.449982643127441,10.679950195350498,4.088461537321564e-06,False
24,1,8.5,-0.5833333333333333,24,2,8.5,-0.16666666666666663,4.705068588256836,11.292165688721246,7.450580596923828e-07,False
24,1,8.5,-0.5833333333333333,24,0,8.5,-1.0,5.332251071929932,12.797401962404157,2.2492363314086106e-06,False
0,2,-1.5,-0.16666666666666663,1,2,-1.0833333333333333,-0.16666666666666663,0.8240886926651001,1.9778130510151912,2.5463114639023843e-07,False
0,2,-1.5,-0.16666666666666663,0,3,-1.5,0.25,1.5177931785583496,3.642703454842403,1.5705004443589132e-06,False
0,2,-1.5,-0.16666666666666663,0,1,-1.5,-0.5833333333333333,1.6461589336395264,3.9507818175107783,8.429369700024836e-07,False
1,2,-1.0833333333333333,-0.16666666666666663,2,2,-0.6666666666666666,-0.16666666666666663,0.43813976645469666,1.0515353893501573,1.884864389012364e-07,False
1,2,-1.0833333333333333,-0.16666666666666663,0,2,-1.5,-0.16666666666666663,1.682824730873108,4.03877973926351,2.508755642338656e-06,False
1,2,-1.0833333333333333,-0.16666666666666663,1,3,-1.0833333333333333,0.25,1.1440547704696655,2.745731318200525,1.0328127473258064e-06,False
1,2,-1.0833333333333333,-0.16666666666666663,1,1,-1.0833333333333333,-0.5833333333333333,1.3095818758010864,3.14299680166214,1.9405865714361425e-06,False
2,2,-0.6666666666666666,-0.16666666666666663,3,2,-0.25,-0.16666666666666663,0.16039109230041504,0.3849386031656931,2.4978896817628993e-07,False
2,2,-0.6666666666666666,-0.16666666666666663,1,2,-1.0833333333333333,-0.16666666666666663,1.2846399545669556,3.083135743945325,4.76837158203125e-07,False
2,2,-0.6666666666666666,-0.16666666666666663,2,3,-0.6666666666666666,0.25,0.7968316674232483,1.9123959106256527,8.845819365888019e-07,False
2,2,-0.6666666666666666,-0.16666666666666663,2,1,-0.6666666666666666,-0.5833333333333333,1.0203354358673096,2.448805279617813,1.523129071756557e-06,False
3,2,-0.25,-0.16666666666666663,4,2,0.16666666666666674,-0.16666666666666663,0.42473360896110535,1.019360612899751,4.826228519050346e-07,False
3,2,-0.25,-0.16666666666666663,2,2,-0.6666666666666666,-0.16666666666666663,0.8886023759841919,2.1326456006695937,1.438251501895138e-06,False
3,2,-0.25,-0.16666666666666663,3,3,-0.25,0.25,0.5309751033782959,1.2743401873426348,6.433436965380679e-07,False
3,2,-0.25,-0.16666666666666663,3,1,-0.25,-0.5833333333333333,0.8295047879219055,1.9908116808711702,1.3017851188124041e-06,False
4,2,0.16666666666666674,-0.16666666666666663,5,2,0.5833333333333335,-0.16666666666666663,0.8099295496940613,1.9438311046439272,4.88112561924936e-07,False
4,2,0.16666666666666674,-0.16666666666666663,3,2,-0.25,-0.16666666666666663,0.4998432695865631,1.1996237898052315,8.746105777390767e-07,False
4,2,0.16666666666666674,-0.16666666666666663,4,3,0.16666666666666674,0.25,0.49984291195869446,1.1996229314983877,2.0914775689107046e-07,False
4,2,0.16666666666666674,-0.16666666666666663,4,1,0.16666666666666674,-0.5833333333333333,0.8099299669265747,1.9438321060020547,7.800014145686873e-07,False
5,2,0.5833333333333335,-0.16666666666666663,6,2,1.0,-0.16666666666666663,1.2051892280578613,2.8924540094159124,8.34997024412587e-07,False
5,2,0.5833333333333335,-0.16666666666666663,4,2,0.16666666666666674,-0.16666666666666663,0.17603100836277008,0.42247446036095243,2.2152168810407602e-07,False
5,2,0.5833333333333335,-0.16666666666666663,5,3,0.5833333333333335,0.25,0.7339370250701904,1.7614487761760342,8.429369700024836e-07,False
5,2,0.5833333333333335,-0.16666666666666663,5,1,0.5833333333333335,-0.5833333333333333,0.9720133543014526,2.332832272799709,7.633119025740598e-07,False
6,2,1.0,-0.16666666666666663,7,2,1.416666666666667,-0.16666666666666663,1.6030683517456055,3.8473644111027157,1.0745379768195562e-06,False
6,2,1.0,-0.16666666666666663,5,2,0.5833333333333335,-0.16666666666666663,0.3647516071796417,0.8754038154886333,1.6858739115832577e-07,False
6,2,1.0,-0.16666666666666663,6,3,1.0,0.25,1.0716218948364258,2.5718924249700343,1.4133340755506651e-06,False
6,2,1.0,-0.16666666666666663,6,1,1.0,-0.5833333333333333,1.2468132972717285,2.9923521988250923,1.5172865914792055e-06,False
7,2,1.416666666666667,-0.16666666666666663,8,2,1.8333333333333335,-0.16666666666666663,2.0018818378448486,4.8045154944390305,1.669994048825174e-06,False
7,2,1.416666666666667,-0.16666666666666663,6,2,1.0,-0.16666666666666663,0.7456506490707397,1.7895617284356813,3.934019332518801e-07,False
7,2,1.416666666666667,-0.16666666666666663,7,3,1.416666666666667,0.25,1.4417946338653564,3.460306956276562,2.2525903204950737e-06,False
7,2,1.416666666666667,-0.16666666666666663,7,1,1.416666666666667,-0.5833333333333333,1.5764350891113281,3.7834445746845793,8.28054169232928e-07,False
8,2,1.8333333333333335,-0.16666666666666663,9,2,2.25,-0.16666666666666663,2.400282859802246,5.76067941290659,3.4075146686518565e-06,False
8,2,1.8333333333333335,-0.16666666666666663,7,2,1.416666666666667,-0.16666666666666663,1.1400178670883179,2.7360423591532976,3.604110077048972e-07,False
8,2,1.8333333333333335,-0.16666666666666663,8,3,1.8333333333333335,0.25,1.824304461479187,4.378330498774981,2.3362056253972696e-06,False
8,2,1.8333333333333335,-0.16666666666666663,8,1,1.8333333333333335,-0.5833333333333333,1.9329349994659424,4.6390444411320155,1.523129071756557e-06,False
9,2,2.25,-0.16666666666666663,10,2,2.666666666666667,-0.16666666666666663,2.792205572128296,6.7012920949378785,0.00012076296843588352,False
9,2,2.25,-0.16666666666666663,8,2,1.8333333333333335,-0.16666666666666663,1.536922812461853,3.688615101682196,1.9074068404734135e-06,False
9,2,2.25,-0.16666666666666663,9,3,2.25,0.25,2.209411144256592,5.302586493368793,2.7031084755435586e-05,False
9,2,2.25,-0.16666666666666663,9,1,2.25,-0.5833333333333333,2.3031363487243652,5.527527764084603,3.6005349102197215e-06,False
10,2,2.666666666666667,-0.16666666666666663,11,2,3.083333333333334,-0.16666666666666663,3.129760265350342,7.5114275022230155,0.0005478882230818272,False
10,2,2.666666666666667,-0.16666666666666663,9,2,2.25,-0.16666666666666663,1.9305349588394165,4.633283017485997,3.24341599480249e-05,False
10,2,2.666666666666667,-0.16666666666666663,10,3,2.666666666666667,0.25,2.571073532104492,6.17057618281478,0.000259017338976264,False
10,2,2.666666666666667,-0.16666666666666663,10,1,2.666666666666667,-0.5833333333333333,2.6759579181671143,6.422299616079294,0.000110909495560918,False
11,2,3.083333333333334,-0.16666666666666663,12,2,3.5,-0.16666666666666663,2.5613884925842285,6.147331209691771,0.8230224251747131,False
11,2,3.083333333333334,-0.16666666666666663,10,2,2.666666666666667,-0.16666666666666663,2.285247564315796,5.48459624656534,0.0003926378267351538,False
11,2,3.083333333333334,-0.16666666666666663,11,3,3.083333333333334,0.25,2.9245047569274902,7.018811081942983,0.43841618299484253,False
11,2,3.083333333333334,-0.16666666666666663,11,1,3.083333333333334,-0.5833333333333333,3.0007104873657227,7.201705856485925,0.016532136127352715,False
12,2,3.5,-0.16666666666666663,13,2,3.916666666666667,-0.16666666666666663,2.4165353775024414,5.7996837998039625,1.0069888830184937,False
12,2,3.5,-0.16666666666666663,11,2,3.083333333333334,-0.16666666666666663,2.4051284790039062,5.772307248629141,2.206258773803711,False
12,2,3.5,-0.16666666666666663,12,3,3.5,0.25,1.8282148838043213,4.387715511907792,1.199202299118042,False
12,2,3.5,-0.16666666666666663,12,1,3.5,-0.5833333333333333,3.2249159812927246,7.7397990932273,1.9410614967346191,False
13,2,3.916666666666667,-0.16666666666666663,14,2,4.333333333333334,-0.16666666666666663,2.115191698074341,5.076459107120685,0.0004193327622488141,False
13,2,3.916666666666667,-0.16666666666666663,12,2,3.5,-0.16666666666666663,1.6739288568496704,4.0174284901755355,1.652696132659912,False
13,2,3.916666666666667,-0.16666666666666663,13,3,3.916666666666667,0.25,1.285727620124817,3.0857461411597185,0.07914528995752335,False
13,2,3.916666666666667,-0.16666666666666663,13,1,3.916666666666667,-0.5833333333333333,2.4667651653289795,5.920236961387345,1.7521274089813232,False
14,2,4.333333333333334,-0.16666666666666663,15,2,4.75,-0.16666666666666663,2.290269613265991,5.496649168643634,2.361775386816589e-06,False
14,2,4.333333333333334,-0.16666666666666663,13,2,3.916666666666667,-0.16666666666666663,1.9459142684936523,4.6701933536160745,0.0002445321006234735,False
14,2,4.333333333333334,-0.16666666666666663,14,3,4.333333333333334,0.25,1.4734134674072266,3.536192153158562,7.193799683591351e-05,False
14,2,4.333333333333334,-0.16666666666666663,14,1,4.333333333333334,-0.5833333333333333,2.6867563724517822,6.448215908834067,0.00015511461242567748,False
15,2,4.75,-0.16666666666666663,16,2,5.166666666666667,-0.16666666666666663,2.485248327255249,5.964598260726265,1.756631377247686e-06,False
15,2,4.75,-0.16666666666666663,14,2,4.333333333333334,-0.16666666666666663,2.0683329105377197,4.964000878906585,0.00021579528402071446,False
15,2,4.75,-0.16666666666666663,15,3,4.75,0.25,1.6187297105789185,3.884951120140499,1.686927248556458e-06,False
15,2,4.75,-0.16666666666666663,15,1,4.75,-0.5833333333333333,2.8066024780273438,6.735846589646014,2.853369733202271e-05,False
16,2,5.166666666666667,-0.16666666666666663,17,2,5.583333333333334,-0.16666666666666663,2.724081039428711,6.537789506691356,2.39760561271396e-06,False
16,2,5.166666666666667,-0.16666666666666663,15,2,4.75,-0.16666666666666663,2.1379997730255127,5.13120141265923,1.4454126358032227e-06,False
16,2,5.166666666666667,-0.16666666666666663,16,3,5.166666666666667,0.25,1.8327761888504028,4.398662643496388,5.146836201674887e-07,False
16,2,5.166666666666667,-0.16666666666666663,16,1,5.166666666666667,-0.5833333333333333,2.9388792514801025,7.053310876208389,1.6214216884691268e-06,False
17,2,5.583333333333334,-0.16666666666666663,18,2,6.0,-0.16666666666666663,2.997781753540039,7.194678953048307,2.524636784073664e-06,False
17,2,5.583333333333334,-0.16666666666666663,16,2,5.166666666666667,-0.16666666666666663,2.2644925117492676,5.434777881791777,2.130866050720215e-06,False
17,2,5.583333333333334,-0.16666666666666663,17,3,5.583333333333334,0.25,2.1018097400665283,5.044343135626644,1.2010928003292065e-06,False
17,2,5.583333333333334,-0.16666666666666663,17,1,5.583333333333334,-0.5833333333333333,3.1140642166137695,7.47375483262585,2.0239265268173767e-06,False
18,2,6.0,-0.16666666666666663,19,2,6.416666666666667,-0.16666666666666663,3.2975993156433105,7.914241376587439,2.468425918777939e-06,False
18,2,6.0,-0.16666666666666663,17,2,5.583333333333334,-0.16666666666666663,2.4495840072631836,5.879003860093635,8.720680853002705e-07,False
18,2,6.0,-0.16666666666666663,18,3,6.0,0.25,2.4077746868133545,5.778658972804118,1.4527677194564603e-06,False
18,2,6.0,-0.16666666666666663,18,1,6.0,-0.5833333333333333,3.3282530307769775,7.987808035641483,1.3953089137430652e-06,False
19,2,6.416666666666667,-0.16666666666666663,20,2,6.833333333333334,-0.16666666666666663,3.616997003555298,8.68078618561845,2.6042951049021212e-06,False
19,2,6.416666666666667,-0.16666666666666663,18,2,6.0,-0.16666666666666663,2.6820881366729736,6.437013983541101,2.3604115995112807e-06,False
19,2,6.416666666666667,-0.16666666666666663,19,3,6.416666666666667,0.25,2.7382829189300537,6.571878692060533,1.503245812273235e-06,False
19,2,6.416666666666667,-0.16666666666666663,19,1,6.416666666666667,-0.5833333333333333,3.5746426582336426,8.579143197931595,2.614463937788969e-06,False
20,2,6.833333333333334,-0.16666666666666663,21,2,7.25,-0.16666666666666663,3.951216220855713,9.482922547501582,2.602375843707705e-06,False
20,2,6.833333333333334,-0.16666666666666663,19,2,6.416666666666667,-0.16666666666666663,2.950876235961914,7.082097563096952,1.5736077330075204e-06,False
20,2,6.833333333333334,-0.16666666666666663,20,3,6.833333333333334,0.25,3.085442543029785,7.405061750170624,3.918070433428511e-06,False
20,2,6.833333333333334,-0.16666666666666663,20,1,6.833333333333334,-0.5833333333333333,3.8470542430877686,9.232931063931566,2.8435852073016576e-06,False
21,2,7.25,-0.16666666666666663,22,2,7.666666666666668,-0.16666666666666663,4.296795845031738,10.312313961911759,5.633900400425773e-06,False
21,2,7.25,-0.16666666666666663,20,2,6.833333333333334,-0.16666666666666663,3.2469468116760254,7.792675320692185,1.2013699688395718e-06,False
21,2,7.25,-0.16666666666666663,21,3,7.25,0.25,3.444216251373291,8.266118609136647,1.1658194125629961e-06,False
21,2,7.25,-0.16666666666666663,21,1,7.25,-0.5833333333333333,4.1403489112854,9.936838334735711,3.874301910400391e-06,False
22,2,7.666666666666668,-0.16666666666666663,23,2,8.083333333333334,-0.16666666666666663,4.6512064933776855,11.162899842414795,1.9282470020698383e-06,False
22,2,7.666666666666668,-0.16666666666666663,21,2,7.25,-0.16666666666666663,3.563504219055176,8.552413388219218,1.8621086610437487e-06,False
22,2,7.666666666666668,-0.16666666666666663,22,3,7.666666666666668,0.25,3.811326742172241,9.14718374504167,9.53790731728077e-07,False
22,2,7.666666666666668,-0.16666666666666663,22,1,7.666666666666668,-0.5833333333333333,4.450401306152344,10.680964153381744,1.7930994999915129e-06,False
23,2,8.083333333333334,-0.16666666666666663,24,2,8.5,-0.16666666666666663,5.012576103210449,12.03017346941111,5.210742529015988e-06,False
23,2,8.083333333333334,-0.16666666666666663,22,2,7.666666666666668,-0.16666666666666663,3.8955609798431396,9.349349918117491,9.870824442259618e-07,False
23,2,8.083333333333334,-0.16666666666666663,23,3,8.083333333333334,0.25,4.184581279754639,10.042994592523833,7.152557373046875e-07,False
23,2,8.083333333333334,-0.16666666666666663,23,1,8.083333333333334,-0.5833333333333333,4.773948669433594,11.457477899310865,5.530398993869312e-06,False
24,2,8.5,-0.16666666666666663,23,2,8.083333333333334,-0.16666666666666663,4.239474296569824,10.174730549064217,4.347871708887396e-06,False
24,2,8.5,-0.16666666666666663,24,3,8.5,0.25,4.562472820281982,10.949934246543204,3.94318067264976e-06,False
24,2,8.5,-0.16666666666666663,24,1,8.5,-0.5833333333333333,5.108426570892334,12.260224939367765,2.1324806311895372e-06,False
0,3,-1.5,0.25,1,3,-1.0833333333333333,0.25,0.8433352708816528,2.0240048431401103,6.802506504755002e-07,False
0,3,-1.5,0.25,0,4,-1.5,0.6666666666666667,1.6862586736679077,4.047020623825997,1.1246181657043053e-06,False
0,3,-1.5,0.25,0,2,-1.5,-0.16666666666666663,1.4947417974472046,3.5873801428136756,1.2784640830432181e-06,False
1,3,-1.0833333333333333,0.25,2,3,-0.6666666666666666,0.25,0.4733477234840393,1.1360344821913488,1.3328003944934608e-07,False
1,3,-1.0833333333333333,0.25,0,3,-1.5,0.25,1.6923331022262573,4.061599832687362,2.0372672224766575e-06,False
1,3,-1.0833333333333333,0.25,1,4,-1.0833333333333333,0.6666666666666667,1.3596442937850952,3.2631461494852947,1.1449678822827991e-06,False
1,3,-1.0833333333333333,0.25,1,2,-1.0833333333333333,-0.16666666666666663,1.1132911443710327,2.6718986190844243,1.043081283569336e-06,False
2,3,-0.6666666666666666,0.25,3,3,-0.25,0.25,0.24045118689537048,0.5770828210314359,3.199415061772015e-07,False
2,3,-0.6666666666666666,0.25,1,3,-1.0833333333333333,0.25,1.2970703840255737,3.1129687732234586,1.6953304111666512e-06,False
2,3,-0.6666666666666666,0.25,2,4,-0.6666666666666666,0.6666666666666667,1.0838412046432495,2.6012187671080222,4.339283634635649e-07,False
2,3,-0.6666666666666666,0.25,2,2,-0.6666666666666666,-0.16666666666666663,0.7519949078559875,1.8047876927953868,4.676686273796804e-07,False
3,3,-0.25,0.25,4,3,0.16666666666666674,0.25,0.4609663784503937,1.1063192555275319,6.597025503651821e-07,False
3,3,-0.25,0.25,2,3,-0.6666666666666666,0.25,0.9064798355102539,2.17555150148623,1.2742017361233593e-06,False
3,3,-0.25,0.25,3,4,-0.25,0.6666666666666667,0.9064797759056091,2.175551358435089,1.6137345255629043e-06,False
3,3,-0.25,0.25,3,2,-0.25,-0.16666666666666663,0.46096664667129517,1.1063198992576646,4.933162358611298e-07,False
4,3,0.16666666666666674,0.25,5,3,0.5833333333333335,0.25,0.8295033574104309,1.9908082476433036,1.2801129969375324e-06,False
4,3,0.16666666666666674,0.25,3,3,-0.25,0.25,0.5309751629829407,1.2743403303937755,4.214684778958144e-08,False
4,3,0.16666666666666674,0.25,4,4,0.16666666666666674,0.6666666666666667,0.8886017203330994,2.132644027107047,1.438251501895138e-06,False
4,3,0.16666666666666674,0.25,4,2,0.16666666666666674,-0.16666666666666663,0.4247337281703949,1.0193608990020324,7.423710144394136e-07,False
5,3,0.5833333333333335,0.25,6,3,1.0,0.25,1.21842360496521,2.9242165124789947,5.962326667940943e-07,False
5,3,0.5833333333333335,0.25,4,3,0.16666666666666674,0.25,0.2511535882949829,0.6027686693924589,3.3320009151793784e-07,False
5,3,0.5833333333333335,0.25,5,4,0.5833333333333335,0.6666666666666667,1.0384736061096191,2.4923365358192187,1.323437913924863e-06,False
5,3,0.5833333333333335,0.25,5,2,0.5833333333333335,-0.16666666666666663,0.6849970817565918,1.6439929178241293,8.860867524163041e-07,False
6,3,1.0,0.25,7,3,1.416666666666667,0.25,1.6129978895187378,3.871195304030924,1.4416440308195888e-06,False
6,3,1.0,0.25,5,3,0.5833333333333335,0.25,0.40636247396469116,0.9752698910107664,1.7881393432617188e-07,False
6,3,1.0,0.25,6,4,1.0,0.6666666666666667,1.2992618083953857,3.118228191460219,1.8544612885307288e-06,False
6,3,1.0,0.25,6,2,1.0,-0.16666666666666663,1.038722038269043,2.4929327729734054,1.4217926036508288e-06,False
7,3,1.416666666666667,0.25,8,3,1.8333333333333335,0.25,2.0095372200012207,4.822888408109969,2.180463070544647e-06,False
7,3,1.416666666666667,0.25,6,3,1.0,0.25,0.7668304443359375,1.8403932419198268,1.6858739115832577e-07,False
7,3,1.416666666666667,0.25,7,4,1.416666666666667,0.6666666666666667,1.6180144548416138,3.883234506452822,1.5870961078690016e-06,False
7,3,1.416666666666667,0.25,7,2,1.416666666666667,-0.16666666666666663,1.417547583580017,3.402114038366602,1.6769599824328907e-06,False
8,3,1.8333333333333335,0.25,9,3,2.25,0.25,2.4045300483703613,5.7708726664421715,1.7567324903211556e-05,False
8,3,1.8333333333333335,0.25,7,3,1.416666666666667,0.25,1.153759479522705,2.7690222227054173,4.851466428590356e-07,False
8,3,1.8333333333333335,0.25,8,4,1.8333333333333335,0.6666666666666667,1.965441346168518,4.717059005877542,5.147094725543866e-06,False
8,3,1.8333333333333335,0.25,8,2,1.8333333333333335,-0.16666666666666663,1.805428385734558,4.333027919148067,1.739866092975717e-06,False
9,3,2.25,0.25,10,3,2.666666666666667,0.25,2.780031681060791,6.672074761948631,9.333711204817519e-05,False
9,3,2.25,0.25,8,3,1.8333333333333335,0.25,1.5456347465515137,3.709523745491385,4.73735099149053e-06,False
9,3,2.25,0.25,9,4,2.25,0.6666666666666667,2.31964373588562,5.567144700663342,0.0002094096998916939,False
9,3,2.25,0.25,9,2,2.25,-0.16666666666666663,2.195315361022949,5.268756615221185,1.2943714864377398e-05,False
10,3,2.666666666666667,0.25,11,3,3.083333333333334,0.25,2.3777804374694824,5.706675226850596,0.8655123114585876,False
10,3,2.666666666666667,0.25,9,3,2.25,0.25,1.9266983270645142,4.624075102982501,0.00030450508347712457,False
10,3,2.666666666666667,0.25,10,4,2.666666666666667,0.6666666666666667,2.6029744148254395,6.2471382976942875,0.017288872972130775,False
10,3,2.666666666666667,0.25,10,2,2.666666666666667,-0.16666666666666663,2.5688130855560303,6.165151111357159,0.00012444885214790702,False
11,3,3.083333333333334,0.25,12,3,3.5,0.25,2.227917194366455,5.347000246620131,0.9315841794013977,False
11,3,3.083333333333334,0.25,10,3,2.666666666666667,0.25,2.230417251586914,5.353003445817355,0.15849417448043823,False
11,3,3.083333333333334,0.25,11,4,3.083333333333334,0.6666666666666667,1.497492790222168,3.593982525158762,1.021589756011963,False
11,3,3.083333333333334,0.25,11,2,3.083333333333334,-0.16666666666666663,2.7765250205993652,6.663659731690419,1.799637794494629,False
12,3,3.5,0.25,13,3,3.916666666666667,0.25,1.602514386177063,3.8460337932522215,0.18865476548671722,False
12,3,3.5,0.25,11,3,3.083333333333334,0.25,1.0238687992095947,2.4572846494131757,0.5342513918876648,False
12,3,3.5,0.25,12,4,3.5,0.6666666666666667,0.7614002227783203,1.8273604475326324,0.09038796275854111,False
12,3,3.5,0.25,12,2,3.5,-0.16666666666666663,1.8772525787353516,4.505405974130346,0.6597573757171631,False
13,3,3.916666666666667,0.25,14,3,4.333333333333334,0.25,1.7605726718902588,4.225373606610564,6.644167297054082e-05,False
13,3,3.916666666666667,0.25,12,3,3.5,0.25,1.592063307762146,3.8209512098405436,1.538069486618042,False
13,3,3.916666666666667,0.25,13,4,3.916666666666667,0.6666666666666667,0.9868852496147156,2.368524486135269,0.00021937894052825868,False
13,3,3.916666666666667,0.25,13,2,3.916666666666667,-0.16666666666666663,2.1324374675750732,5.117849678142086,0.03857044130563736,False
14,3,4.333333333333334,0.25,15,3,4.75,0.25,1.9347584247589111,4.643421990746304,2.3316388251259923e-06,False
14,3,4.333333333333334,0.25,13,3,3.916666666666667,0.25,1.6467443704605103,3.9521857352856187,0.0002643612679094076,False
14,3,4.333333333333334,0.25,14,4,4.333333333333334,0.6666666666666667,1.0937938690185547,2.625105160469763,2.384185791015625e-06,False
14,3,4.333333333333334,0.25,14,2,4.333333333333334,-0.16666666666666663,2.3211402893066406,5.570736428702525,0.00046823910088278353,False
15,3,4.75,0.25,16,3,5.166666666666667,0.25,2.1603784561157227,5.184910272564038,1.132586248786538e-06,False
15,3,4.75,0.25,14,3,4.333333333333334,0.25,1.6785093545913696,4.028423987741085,1.442099892301485e-05,False
15,3,4.75,0.25,15,4,4.75,0.6666666666666667,1.2730096578598022,3.0552230331791383,1.6268901390503743e-06,False
15,3,4.75,0.25,15,2,4.75,-0.16666666666666663,2.42448353767395,5.818760212957372,3.5508876408130163e-06,False
16,3,5.166666666666667,0.25,17,3,5.583333333333334,0.25,2.431442975997925,5.835458690293358,2.5023748548846925e-06,False
16,3,5.166666666666667,0.25,15,3,4.75,0.25,1.7513203620910645,4.203170472400846,2.776618657662766e-06,False
16,3,5.166666666666667,0.25,16,4,5.166666666666667,0.6666666666666667,1.5356305837631226,3.685513225292529,2.0370491711219074e-06,False
16,3,5.166666666666667,0.25,16,2,5.166666666666667,-0.16666666666666663,2.573364019393921,6.1760733520472835,2.7210026019020006e-06,False
17,3,5.583333333333334,0.25,18,3,6.0,0.25,2.734649181365967,6.563160538925376,3.851798737741774e-06,False
17,3,5.583333333333334,0.25,16,3,5.166666666666667,0.25,1.9025994539260864,4.5662352056616164,5.513429641723633e-07,False
17,3,5.583333333333334,0.25,17,4,5.583333333333334,0.6666666666666667,1.848481297492981,4.436354902441268,1.0662403155947686e-06,False
17,3,5.583333333333334,0.25,17,2,5.583333333333334,-0.16666666666666663,2.771533966064453,6.651681201377811,2.210651473433245e-06,False
18,3,6.0,0.25,19,3,6.416666666666667,0.25,3.060368061065674,7.344886148409328,3.6084200019104173e-06,False
18,3,6.0,0.25,17,3,5.583333333333334,0.25,2.11946964263916,5.086729082767136,6.238943797143293e-07,False
18,3,6.0,0.25,18,4,6.0,0.6666666666666667,2.1901473999023438,5.256353509123158,2.410858769508195e-06,False
18,3,6.0,0.25,18,2,6.0,-0.16666666666666663,3.0101938247680664,7.2244648349540315,4.6321524678205606e-06,False
19,3,6.416666666666667,0.25,20,3,6.833333333333334,0.25,3.402109384536743,8.1650562934446,8.046627044677734e-07,False
19,3,6.416666666666667,0.25,18,3,6.0,0.25,2.384382486343384,5.722520150192318,1.6838312149047852e-06,False
19,3,6.416666666666667,0.25,19,4,6.416666666666667,0.6666666666666667,2.549030065536499,6.117671865574271,1.0662403155947686e-06,False
19,3,6.416666666666667,0.25,19,2,6.416666666666667,-0.16666666666666663,3.2805588245391846,7.873340803463898,2.4726948595343856e-06,False
20,3,6.833333333333334,0.25,21,3,7.25,0.25,3.755502462387085,9.01320934799551,1.1469055607449263e-06,False
20,3,6.833333333333334,0.25,19,3,6.416666666666667,0.25,2.6831631660461426,6.439586685495998,1.5974155758158304e-06,False
20,3,6.833333333333334,0.25,20,4,6.833333333333334,0.6666666666666667,2.9187893867492676,7.005094194169321,1.981350123969605e-06,False
20,3,6.833333333333334,0.25,20,2,6.833333333333334,-0.16666666666666663,3.5754494667053223,8.581078310915073,9.948129218173563e-07,False
21,3,7.25,0.25,22,3,7.666666666666668,0.25,4.117541313171387,9.882102921334427,2.2258664102992043e-06,False
21,3,7.25,0.25,20,3,6.833333333333334,0.25,3.0057199001312256,7.213730512134747,1.4233534102459089e-06,False
21,3,7.25,0.25,21,4,7.25,0.6666666666666667,3.2957541942596436,7.909809689054027,2.081900674966164e-06,False
21,3,7.25,0.25,21,2,7.25,-0.16666666666666663,3.889280319213867,9.334272321020492,9.948129218173563e-07,False
22,3,7.666666666666668,0.25,23,3,8.083333333333334,0.25,4.486139297485352,10.766738421149606,1.1091109399785637e-06,False
22,3,7.666666666666668,0.25,21,3,7.25,0.25,3.3451874256134033,8.028452884083894,2.145974121958716e-06,False
22,3,7.666666666666668,0.25,22,4,7.666666666666668,0.6666666666666667,3.6777169704437256,8.826520308183655,2.410858769508195e-06,False
22,3,7.666666666666668,0.25,22,2,7.666666666666668,-0.16666666666666663,4.217832565307617,10.122797674045673,1.3806711649522185e-06,False
23,3,8.083333333333334,0.25,24,3,8.5,0.25,4.859796524047852,11.663502759168427,3.055573870369699e-06,False
23,3,8.083333333333334,0.25,22,3,7.666666666666668,0.25,3.6969048976898193,8.872575139074378,1.0532496617088327e-06,False
23,3,8.083333333333334,0.25,23,4,8.083333333333334,0.6666666666666667,4.063262462615967,9.751829445274856,9.555351425660774e-07,False
23,3,8.083333333333334,0.25,23,2,8.083333333333334,-0.16666666666666663,4.557918071746826,10.93900285058008,1.2010928003292065e-06,False
24,3,8.5,0.25,23,3,8.083333333333334,0.25,4.057684421539307,9.738435181857923,1.430511474609375e-06,False
24,3,8.5,0.25,24,4,8.5,0.6666666666666667,4.451458930969238,10.68350092489715,5.364418029785156e-07,False
24,3,8.5,0.25,24,2,8.5,-0.16666666666666663,4.907136917114258,11.777128039496992,1.2770738067047205e-06,False
0,4,-1.5,0.6666666666666667,1,4,-1.0833333333333333,0.6666666666666667,1.031610369682312,2.475865123354447,7.99680208274367e-07,False
0,4,-1.5,0.6666666666666667,0,5,-1.5,1.0833333333333335,1.9246177673339844,4.619082421346549,1.6942823322096956e-06,False
0,4,-1.5,0.6666666666666667,0,3,-1.5,0.25,1.4420745372772217,3.460978724433006,1.69034615282726e-06,False
1,4,-1.0833333333333333,0.6666666666666667,2,4,-0.6666666666666666,0.6666666666666667,0.7596473097801208,1.8231534565375587,5.092622927804769e-07,False
1,4,-1.0833333333333333,0.6666666666666667,0,4,-1.5,0.6666666666666667,1.7935991287231445,4.3046383194578475,2.17536535274121e-06,False
1,4,-1.0833333333333333,0.6666666666666667,1,5,-1.0833333333333333,1.0833333333333335,1.646000623703003,3.9504013085173937,1.9840379081870196e-06,False
1,4,-1.0833333333333333,0.6666666666666667,1,3,-1.0833333333333333,0.25,1.0415103435516357,2.499624705332532,1.385407358611701e-06,False
2,4,-0.6666666666666666,0.6666666666666667,3,4,-0.25,0.6666666666666667,0.6409546136856079,1.5382909994940281,3.100730907590332e-07,False
2,4,-0.6666666666666666,0.6666666666666667,1,4,-1.0833333333333333,0.6666666666666667,1.426673412322998,3.424016026305388,1.2157009905422456e-06,False
2,4,-0.6666666666666666,0.6666666666666667,2,5,-0.6666666666666666,1.0833333333333335,1.4266732931137085,3.424015740203107,1.3953089137430652e-06,False
2,4,-0.6666666666666666,0.6666666666666667,2,3,-0.6666666666666666,0.25,0.6409546136856079,1.5382909994940281,2.862419705706998e-07,False
3,4,-0.25,0.6666666666666667,4,4,0.16666666666666674,0.6666666666666667,0.751994252204895,1.8047861192328396,7.398242587441928e-07,False
3,4,-0.25,0.6666666666666667,2,4,-0.6666666666666666,0.6666666666666667,1.08384108543396,2.6012184810057413,6.951036084501538e-07,False
3,4,-0.25,0.6666666666666667,3,5,-0.25,1.0833333333333335,1.297070026397705,3.1129679149166147,3.588674815091508e-07,False
3,4,-0.25,0.6666666666666667,3,3,-0.25,0.25,0.24045129120349884,0.5770830713709321,4.636153221326822e-07,False
4,4,0.16666666666666674,0.6666666666666667,5,4,0.5833333333333335,0.6666666666666667,1.0203310251235962,2.4487946938318914,6.795975195927895e-07,False
4,4,0.16666666666666674,0.6666666666666667,3,4,-0.25,0.6666666666666667,0.7968317866325378,1.9123961967279342,7.378708346550411e-07,False
4,4,0.16666666666666674,0.6666666666666667,4,5,0.16666666666666674,1.0833333333333335,1.2846388816833496,3.0831331690247934,1.9131605313305045e-06,False
4,4,0.16666666666666674,0.6666666666666667,4,3,0.16666666666666674,0.25,0.1603904813528061,0.38493713689150155,3.488272284357663e-07,False
5,4,0.5833333333333335,0.6666666666666667,6,4,1.0,0.6666666666666667,1.3555471897125244,3.253313100180001,1.4404113244381733e-06,False
5,4,0.5833333333333335,0.6666666666666667,4,4,0.16666666666666674,0.6666666666666667,0.6450450420379639,1.5481082485302209,1.3328003944934608e-07,False
5,4,0.5833333333333335,0.6666666666666667,5,5,0.5833333333333335,1.0833333333333335,1.3925132751464844,3.3420317009910727,2.1490759536391124e-06,False
5,4,0.5833333333333335,0.6666666666666667,5,3,0.5833333333333335,0.25,0.5608423948287964,1.3460216834057959,6.536159844472422e-07,False
6,4,1.0,0.6666666666666667,7,4,1.416666666666667,0.6666666666666667,1.7188066244125366,4.1251362919937415,1.6214216884691268e-06,False
6,4,1.0,0.6666666666666667,5,4,0.5833333333333335,0.6666666666666667,0.7198050618171692,1.727532065986058,1.884864389012364e-07,False
6,4,1.0,0.6666666666666667,6,5,1.0,1.0833333333333335,1.5964255332946777,3.8314210972108316,9.078709126697504e-07,False
6,4,1.0,0.6666666666666667,6,3,1.0,0.25,0.9613703489303589,2.3072887274127614,5.78656454308657e-07,False
7,4,1.416666666666667,0.6666666666666667,8,4,1.8333333333333335,0.6666666666666667,2.0945661067962646,5.026957697494946,3.0770086141274078e-06,False
7,4,1.416666666666667,0.6666666666666667,6,4,1.0,0.6666666666666667,0.969975471496582,2.327941353601585,7.633119025740598e-07,False
7,4,1.416666666666667,0.6666666666666667,7,5,1.416666666666667,1.0833333333333335,1.8646653890609741,4.475196720352329,2.7026615043723723e-06,False
7,4,1.416666666666667,0.6666666666666667,7,3,1.416666666666667,0.25,1.361767053604126,3.268240772808038,1.0293672403349774e-06,False
8,4,1.8333333333333335,0.6666666666666667,9,4,2.25,0.6666666666666667,2.470089912414551,5.9282163551536895,0.00011960561096202582,False
8,4,1.8333333333333335,0.6666666666666667,7,4,1.416666666666667,0.6666666666666667,1.2970832586288452,3.1129992269517466,5.960464477539062e-07,False
8,4,1.8333333333333335,0.6666666666666667,8,5,1.8333333333333335,1.0833333333333335,2.1701316833496094,5.2083157916872125,2.6716979846241884e-05,False
8,4,1.8333333333333335,0.6666666666666667,8,3,1.8333333333333335,0.25,1.7611619234085083,4.226788414631442,2.1123939859535312e-06,False
9,4,2.25,0.6666666666666667,10,4,2.666666666666667,0.6666666666666667,2.7891592979431152,6.693981038287919,0.0005474344361573458,False
9,4,2.25,0.6666666666666667,8,4,1.8333333333333335,0.6666666666666667,1.6511646509170532,3.9627955401225603,3.358762842253782e-05,False
9,4,2.25,0.6666666666666667,9,5,2.25,1.0833333333333335,2.473353385925293,5.936047843167884,0.0002570172364357859,False
9,4,2.25,0.6666666666666667,9,3,2.25,0.25,2.1533899307250977,5.1681355873043255,0.00010891665442613885,False
10,4,2.666666666666667,0.6666666666666667,11,4,3.083333333333334,0.6666666666666667,2.055201768875122,4.932486126894427,0.8230134844779968,False
10,4,2.666666666666667,0.6666666666666667,9,4,2.25,0.6666666666666667,1.975049614906311,4.740118171669355,0.0003917900030501187,False
10,4,2.666666666666667,0.6666666666666667,10,5,2.666666666666667,1.0833333333333335,2.78188157081604,6.676515451597431,0.43840569257736206,False
10,4,2.666666666666667,0.6666666666666667,10,3,2.666666666666667,0.25,2.481872081756592,5.956492712188115,0.01653158850967884,False
11,4,3.083333333333334,0.6666666666666667,12,4,3.5,0.6666666666666667,1.783784031867981,4.281080859931782,1.0069972276687622,False
11,4,3.083333333333334,0.6666666666666667,10,4,2.666666666666667,0.6666666666666667,2.0352365970611572,4.884569696262243,2.2062644958496094,False
11,4,3.083333333333334,0.6666666666666667,11,5,3.083333333333334,1.0833333333333335,1.4857828617095947,3.5658786980686807,1.1991989612579346,False
11,4,3.083333333333334,0.6666666666666667,11,3,3.083333333333334,0.25,2.6897175312042236,6.455321767076408,1.9410723447799683,False
12,4,3.5,0.6666666666666667,13,4,3.916666666666667,0.6666666666666667,1.2228304147720337,2.934792435685647,0.00041714502731338143,False
12,4,3.5,0.6666666666666667,11,4,3.083333333333334,0.6666666666666667,0.9157902002334595,2.197896061344898,1.6526938676834106,False
12,4,3.5,0.6666666666666667,12,5,3.5,1.0833333333333335,0.4443104565143585,1.0663450447871663,0.07913118600845337,False
12,4,3.5,0.6666666666666667,12,3,3.5,0.25,1.611994981765747,3.8687877717596164,1.7521237134933472,False
13,4,3.916666666666667,0.6666666666666667,14,4,4.333333333333334,0.6666666666666667,1.3948816061019897,3.3477152161187713,9.098254167838604e-07,False
13,4,3.916666666666667,0.6666666666666667,12,4,3.5,0.6666666666666667,1.2256845235824585,2.9416422955241592,0.0002463824348524213,False
13,4,3.916666666666667,0.6666666666666667,13,5,3.916666666666667,1.0833333333333335,0.627971351146698,1.5071311708864608,7.213186472654343e-05,False
13,4,3.916666666666667,0.6666666666666667,13,3,3.916666666666667,0.25,1.8469821214675903,4.4327568801518975,0.00015556385915260762,False
14,4,4.333333333333334,0.6666666666666667,15,4,4.75,0.6666666666666667,1.598718523979187,3.836925921221131,2.1324806311895372e-06,False
14,4,4.333333333333334,0.6666666666666667,13,4,3.916666666666667,0.6666666666666667,1.2933708429336548,3.104089430982698,0.00021708676649723202,False
14,4,4.333333333333334,0.6666666666666667,14,5,4.333333333333334,1.0833333333333335,0.7230287790298462,1.7352689869275577,6.743495646333031e-07,False
14,4,4.333333333333334,0.6666666666666667,14,3,4.333333333333334,0.25,1.9361770153045654,4.6468246151530925,2.828264405252412e-05,False
15,4,4.75,0.6666666666666667,16,4,5.166666666666667,0.6666666666666667,1.8652478456497192,4.476596537245383,3.564836106306757e-06,False
15,4,4.75,0.6666666666666667,14,4,4.333333333333334,0.6666666666666667,1.2825500965118408,3.078121405838549,1.0662403155947686e-06,False
15,4,4.75,0.6666666666666667,15,5,4.75,1.0833333333333335,0.9698669910430908,2.3276806675109545,4.915124804938387e-07,False
15,4,4.75,0.6666666666666667,15,3,4.75,0.25,2.046426773071289,4.911424021176146,2.1458190531120636e-06,False
16,4,5.166666666666667,0.6666666666666667,17,4,5.583333333333334,0.6666666666666667,2.173551559448242,5.216519762787046,2.5678466499812203e-06,False
16,4,5.166666666666667,0.6666666666666667,15,4,4.75,0.6666666666666667,1.3714615106582642,3.291508881190827,1.5736077330075204e-06,False
16,4,5.166666666666667,0.6666666666666667,16,5,5.166666666666667,1.0833333333333335,1.2954789400100708,3.109149307768378,1.911070285132155e-06,False
16,4,5.166666666666667,0.6666666666666667,16,3,5.166666666666667,0.25,2.219761371612549,5.3274270378386,1.3806711649522185e-06,False
17,4,5.583333333333334,0.6666666666666667,18,4,6.0,0.6666666666666667,2.5081608295440674,6.019588287196459,2.574065092630917e-06,False
17,4,5.583333333333334,0.6666666666666667,16,4,5.166666666666667,0.6666666666666667,1.5596551895141602,3.7431695990222176,1.0728836059570312e-06,False
17,4,5.583333333333334,0.6666666666666667,17,5,5.583333333333334,1.0833333333333335,1.6544251441955566,3.970620156735413,7.633119025740598e-07,False
17,4,5.583333333333334,0.6666666666666667,17,3,5.583333333333334,0.25,2.446690082550049,5.872055918118671,1.4023726180312224e-06,False
18,4,6.0,0.6666666666666667,19,4,6.416666666666667,0.6666666666666667,2.8598008155822754,6.863524575624304,1.981350123969605e-06,False
18,4,6.0,0.6666666666666667,17,4,5.583333333333334,0.6666666666666667,1.8178969621658325,4.36295437353301,1.0132789611816406e-06,False
18,4,6.0,0.6666666666666667,18,5,6.0,1.0833333333333335,2.029045581817627,4.869709164156477,9.610960205463925e-07,False
18,4,6.0,0.6666666666666667,18,3,6.0,0.25,2.714071273803711,6.513770746528113,2.614463937788969e-06,False
19,4,6.416666666666667,0.6666666666666667,20,4,6.833333333333334,0.6666666666666667,3.2228827476501465,7.734912693090291,1.4416440308195888e-06,False
19,4,6.416666666666667,0.6666666666666667,18,4,6.0,0.6666666666666667,2.1208245754241943,5.089980922691697,1.040950337483082e-06,False
19,4,6.416666666666667,0.6666666666666667,19,5,6.416666666666667,1.0833333333333335,2.4120230674743652,5.7888550859043555,9.830249609876773e-07,False
19,4,6.416666666666667,0.6666666666666667,19,3,6.416666666666667,0.25,3.0111474990844727,7.226753653204267,1.3560056686401367e-06,False
20,4,6.833333333333334,0.6666666666666667,21,4,7.25,0.6666666666666667,3.5939431190490723,8.625466776072226,5.092623268865282e-06,False
20,4,6.833333333333334,0.6666666666666667,19,4,6.416666666666667,0.6666666666666667,2.451934576034546,5.884638492860036,3.6800740872422466e-06,False
20,4,6.833333333333334,0.6666666666666667,20,5,6.833333333333334,1.0833333333333335,2.799933433532715,6.719839920051578,2.0370491711219074e-06,False
20,4,6.833333333333334,0.6666666666666667,20,3,6.833333333333334,0.25,3.3299825191497803,7.991957664873235,4.5577339733426925e-06,False
21,4,7.25,0.6666666666666667,22,4,7.666666666666668,0.6666666666666667,3.9707388877868652,9.52977696600989,5.03262299389462e-06,False
21,4,7.25,0.6666666666666667,20,4,6.833333333333334,0.6666666666666667,2.8012452125549316,6.722991074749403,3.5762786865234375e-07,False
21,4,7.25,0.6666666666666667,21,5,7.25,1.0833333333333335,3.1909711360931396,7.658330361445887,5.331201577973843e-07,False
21,4,7.25,0.6666666666666667,21,3,7.25,0.25,3.6648943424224854,8.795746002400112,3.309131670903298e-06,False
22,4,7.666666666666668,0.6666666666666667,23,4,8.083333333333334,0.6666666666666667,4.3517866134643555,10.444291856495612,2.0168929495412158e-06,False
22,4,7.666666666666668,0.6666666666666667,21,4,7.25,0.6666666666666667,3.1627347469329834,7.590566288210407,1.4317527075036196e-06,False
22,4,7.666666666666668,0.6666666666666667,22,5,7.666666666666668,1.0833333333333335,3.5841169357299805,8.60188023558234,2.863505415007239e-06,False
22,4,7.666666666666668,0.6666666666666667,22,3,7.666666666666668,0.25,4.011862277984619,9.628469008041906,4.933724540023832e-06,False
23,4,8.083333333333334,0.6666666666666667,24,4,8.5,0.6666666666666667,4.736057758331299,11.366529948020975,1.157312908617314e-06,False
23,4,8.083333333333334,0.6666666666666667,22,4,7.666666666666668,0.6666666666666667,3.5326642990112305,8.478397551878949,2.9490749966498697e-06,False
23,4,8.083333333333334,0.6666666666666667,23,5,8.083333333333334,1.0833333333333335,3.9787445068359375,9.548986361075098,3.82214057026431e-06,False
23,4,8.083333333333334,0.6666666666666667,23,3,8.083333333333334,0.25,4.368014335632324,10.483233905638032,6.017578925820999e-06,False
24,4,8.5,0.6666666666666667,23,4,8.083333333333334,0.6666666666666667,3.908637046813965,9.38072175543079,3.84438408218557e-06,False
24,4,8.5,0.6666666666666667,24,5,8.5,1.0833333333333335,4.374450206756592,10.498679995599748,9.830249609876773e-07,False
24,4,8.5,0.6666666666666667,24,3,8.5,0.25,4.731274604797363,11.355058510062289,1.8706745095187216e-06,False
0,5,-1.5,1.0833333333333335,1,5,-1.0833333333333333,1.0833333333333335,1.318386197090149,3.1641271747710396,1.244581540049694e-06,False
0,5,-1.5,1.0833333333333335,0,6,-1.5,1.5,2.210374593734741,5.304899530878022,1.4404113244381733e-06,False
0,5,-1.5,1.0833333333333335,0,4,-1.5,0.6666666666666667,1.4986063241958618,3.5966550065681933,2.081900674966164e-06,False
1,5,-1.0833333333333333,1.0833333333333335,2,5,-0.6666666666666666,1.0833333333333335,1.1184743642807007,2.684338346274455,5.960464477539062e-07,False
1,5,-1.0833333333333333,1.0833333333333335,0,5,-1.5,1.0833333333333335,1.972541332244873,4.73409964886662,2.0370491711219074e-06,False
1,5,-1.0833333333333333,1.0833333333333335,1,6,-1.0833333333333333,1.5,1.9725412130355835,4.734099362764297,1.9840379081870196e-06,False
1,5,-1.0833333333333333,1.0833333333333335,1,4,-1.0833333333333333,0.6666666666666667,1.1184746026992798,2.684338918479017,1.193582079395128e-06,False
2,5,-0.6666666666666666,1.0833333333333335,3,5,-0.25,1.0833333333333335,1.0415102243423462,2.4996244192302504,7.410238254124124e-07,False
2,5,-0.6666666666666666,1.0833333333333335,1,5,-1.0833333333333333,1.0833333333333335,1.6460007429122925,3.950401594619675,1.0662403155947686e-06,False
2,5,-0.6666666666666666,1.0833333333333335,2,6,-0.6666666666666666,1.5,1.793599247932434,4.30463860556017,1.3167095858079847e-06,False
2,5,-0.6666666666666666,1.0833333333333335,2,4,-0.6666666666666666,0.6666666666666667,0.7596473693847656,1.8231535995886994,5.623090828521526e-07,False
3,5,-0.25,1.0833333333333335,4,5,0.16666666666666674,1.0833333333333335,1.1132901906967163,2.671896330266174,9.4666364702789e-07,False
3,5,-0.25,1.0833333333333335,2,5,-0.6666666666666666,1.0833333333333335,1.3596444129943848,3.263146435587576,2.384185791015625e-07,False
3,5,-0.25,1.0833333333333335,3,6,-0.25,1.5,1.6923333406448364,4.0616004048920065,2.1624659893859643e-06,False
3,5,-0.25,1.0833333333333335,3,4,-0.25,0.6666666666666667,0.47334790229797363,1.1360349113447707,4.339283634635649e-07,False
4,5,0.16666666666666674,1.0833333333333335,5,5,0.5833333333333335,1.0833333333333335,1.309572458267212,3.1429741995786857,4.2981520209650625e-07,False
4,5,0.16666666666666674,1.0833333333333335,3,5,-0.25,1.0833333333333335,1.1440551280975342,2.745732176507369,1.719260808386025e-06,False
4,5,0.16666666666666674,1.0833333333333335,4,6,0.16666666666666674,1.5,1.6828221082687378,4.0387734450124215,1.447868498871685e-06,False
4,5,0.16666666666666674,1.0833333333333335,4,4,0.16666666666666674,0.6666666666666667,0.43813884258270264,1.0515331720574774,1.2731557319511921e-07,False
5,5,0.5833333333333335,1.0833333333333335,6,5,1.0,1.0833333333333335,1.584699273109436,3.8032780741082157,5.960464477539062e-07,False
5,5,0.5833333333333335,1.0833333333333335,4,5,0.16666666666666674,1.0833333333333335,1.0440301895141602,2.505672693793554,1.390287138747226e-06,False
5,5,0.5833333333333335,1.0833333333333335,5,6,0.5833333333333335,1.5,1.7665300369262695,4.239672492949723,1.7721735048326082e-06,False
5,5,0.5833333333333335,1.0833333333333335,5,4,0.5833333333333335,0.6666666666666667,0.6933783888816833,1.6641080539651845,3.769728778024728e-07,False
6,5,1.0,1.0833333333333335,7,5,1.416666666666667,1.0833333333333335,1.9044246673583984,4.570619637548412,1.5542989331152057e-06,False
6,5,1.0,1.0833333333333335,5,5,0.5833333333333335,1.0833333333333335,1.0917794704437256,2.6202706041207025,4.915124804938387e-07,False
6,5,1.0,1.0833333333333335,6,6,1.0,1.5,1.9312177896499634,4.634923137180627,1.9840379081870196e-06,False
6,5,1.0,1.0833333333333335,6,4,1.0,0.6666666666666667,1.0442017316818237,2.506084036536978,8.429369700024836e-07,False
7,5,1.416666666666667,1.0833333333333335,8,5,1.8333333333333335,1.0833333333333335,2.2470970153808594,5.393031808274878,1.6860845789778978e-05,False
7,5,1.416666666666667,1.0833333333333335,6,5,1.0,1.0833333333333335,1.2705113887786865,3.0492276238658547,3.5762786865234375e-07,False
7,5,1.416666666666667,1.0833333333333335,7,6,1.416666666666667,1.5,2.157238245010376,5.1773722817776,5.364418029785156e-06,False
7,5,1.416666666666667,1.0833333333333335,7,4,1.416666666666667,0.6666666666666667,1.4211164712905884,3.4106793684635464,1.5508666137975524e-06,False
8,5,1.8333333333333335,1.0833333333333335,9,5,2.25,1.0833333333333335,2.5836687088012695,6.200805492477941,9.436377149540931e-05,False
8,5,1.8333333333333335,1.0833333333333335,7,5,1.416666666666667,1.0833333333333335,1.533333420753479,3.6799995079041468,4.7980811359593645e-06,False
8,5,1.8333333333333335,1.0833333333333335,8,6,1.8333333333333335,1.5,2.4187910556793213,5.805099087247761,0.00020882327225990593,False
8,5,1.8333333333333335,1.0833333333333335,8,4,1.8333333333333335,0.6666666666666667,1.8051307201385498,4.332313521751713,1.521495414635865e-05,False
9,5,2.25,1.0833333333333335,10,5,2.666666666666667,1.0833333333333335,2.0687365531921387,4.964966780668873,0.8655147552490234,False
9,5,2.25,1.0833333333333335,8,5,1.8333333333333335,1.0833333333333335,1.831223487854004,4.3949367899834435,0.0003048916987609118,False
9,5,2.25,1.0833333333333335,9,6,2.25,1.5,2.631417989730835,6.315403777637842,0.0172866340726614,False
9,5,2.25,1.0833333333333335,9,4,2.25,0.6666666666666667,2.1718597412109375,5.21246313035664,0.0001242445723619312,False
10,5,2.666666666666667,1.0833333333333335,11,5,3.083333333333334,1.0833333333333335,1.8079086542129517,4.3389824253015234,0.9315854907035828,False
10,5,2.666666666666667,1.0833333333333335,9,5,2.25,1.0833333333333335,2.0724475383758545,4.973873143411037,0.1585097312927246,False
10,5,2.666666666666667,1.0833333333333335,10,6,2.666666666666667,1.5,1.438903570175171,3.4533688977593324,1.0215966701507568,False
10,5,2.666666666666667,1.0833333333333335,10,4,2.666666666666667,0.6666666666666667,2.346494674682617,5.63158695070329,1.7996110916137695,False
11,5,3.083333333333334,1.0833333333333335,12,5,3.5,1.0833333333333335,0.7430166602134705,1.7832396443863594,0.18865954875946045,False
11,5,3.083333333333334,1.0833333333333335,10,5,2.666666666666667,1.0833333333333335,0.21837474405765533,0.5240995856664984,0.534282386302948,False
11,5,3.083333333333334,1.0833333333333335,11,6,3.083333333333334,1.5,0.29460644721984863,0.7070555407577077,0.09039169549942017,False
11,5,3.083333333333334,1.0833333333333335,11,4,3.083333333333334,0.6666666666666667,1.0002063512802124,2.4004951286079823,0.6598141193389893,False
12,5,3.5,1.0833333333333335,13,5,3.916666666666667,1.0833333333333335,0.8733417987823486,2.0960199172935643,6.712118192808703e-05,False
12,5,3.5,1.0833333333333335,11,5,3.083333333333334,1.0833333333333335,1.1014248132705688,2.6434190476571944,1.5380703210830688,False
12,5,3.5,1.0833333333333335,12,6,3.5,1.5,0.4001108705997467,0.9602661810175115,0.00021921923325862736,False
12,5,3.5,1.0833333333333335,12,4,3.5,0.6666666666666667,1.3048917055130005,3.1317399438982036,0.03849826008081436,False
13,5,3.916666666666667,1.0833333333333335,14,5,4.333333333333334,1.0833333333333335,1.0418645143508911,2.500474357514504,1.1920928955078125e-07,False
13,5,3.916666666666667,1.0833333333333335,12,5,3.5,1.0833333333333335,1.034077525138855,2.4817855869702172,0.00026352147688157856,False
13,5,3.916666666666667,1.0833333333333335,13,6,3.916666666666667,1.5,0.24822308123111725,0.5957354517684413,1.0662403155947686e-06,False
13,5,3.916666666666667,1.0833333333333335,13,4,3.916666666666667,0.6666666666666667,1.490705966949463,3.57769415008096,0.0004674974479712546,False
14,5,4.333333333333334,1.0833333333333335,15,5,4.75,1.0833333333333335,1.2994288206100464,3.118630359127182,1.5078915112098912e-06,False
14,5,4.333333333333334,1.0833333333333335,13,5,3.916666666666667,1.0833333333333335,0.9241376519203186,2.2179299415722005,1.4195418771123514e-05,False
14,5,4.333333333333334,1.0833333333333335,14,6,4.333333333333334,1.5,0.40604332089424133,0.9745040630821288,3.5762786865234375e-07,False
14,5,4.333333333333334,1.0833333333333335,14,4,4.333333333333334,0.6666666666666667,1.5465185642242432,3.711644377153188,1.669994048825174e-06,False
15,5,4.75,1.0833333333333335,16,5,5.166666666666667,1.0833333333333335,1.6162537336349487,3.879010440448929,5.331201577973843e-07,False
15,5,4.75,1.0833333333333335,14,5,4.333333333333334,1.0833333333333335,0.8847849369049072,2.1234846586168894,1.2839233249906101e-06,False
15,5,4.75,1.0833333333333335,15,6,4.75,1.5,0.7626022100448608,1.8302454786534765,2.384185791015625e-07,False
15,5,4.75,1.0833333333333335,15,4,4.75,0.6666666666666667,1.6777634620666504,4.026632116955179,2.4321325327036902e-06,False
16,5,5.166666666666667,1.0833333333333335,17,5,5.583333333333334,1.0833333333333335,1.964115858078003,4.713874462986402,1.599360416548734e-06,False
16,5,5.166666666666667,1.0833333333333335,15,5,4.75,1.0833333333333335,1.0073188543319702,2.4175661726250355,1.599360416548734e-06,False
16,5,5.166666666666667,1.0833333333333335,16,6,5.166666666666667,1.5,1.148636817932129,2.756728625939238,4.76837158203125e-07,False
16,5,5.166666666666667,1.0833333333333335,16,4,5.166666666666667,0.6666666666666667,1.8849847316741943,4.523963140298694,1.9073486328125e-06,False
17,5,5.583333333333334,1.0833333333333335,18,5,6.0,1.0833333333333335,2.329030990600586,5.589676509733776,4.915124918625224e-06,False
17,5,5.583333333333334,1.0833333333333335,16,5,5.166666666666667,1.0833333333333335,1.2514158487319946,3.0033957455476794,1.8621086610437487e-06,False
17,5,5.583333333333334,1.0833333333333335,17,6,5.583333333333334,1.5,1.5421785116195679,3.7012287808636457,3.339988097650348e-06,False
17,5,5.583333333333334,1.0833333333333335,17,4,5.583333333333334,0.6666666666666667,2.1475839614868164,5.154201261796891,2.081900674966164e-06,False
18,5,6.0,1.0833333333333335,19,5,6.416666666666667,1.0833333333333335,2.7040677070617676,6.489764972597111,1.5078915112098912e-06,False
18,5,6.0,1.0833333333333335,17,5,5.583333333333334,1.0833333333333335,1.561495304107666,3.747590159450592,1.719260808386025e-06,False
18,5,6.0,1.0833333333333335,18,6,6.0,1.5,1.938615322113037,4.6526772167851655,4.915124804938387e-07,False
18,5,6.0,1.0833333333333335,18,4,6.0,0.6666666666666667,2.4478604793548584,5.874864870316273,1.6214216884691268e-06,False
19,5,6.416666666666667,1.0833333333333335,20,5,6.833333333333334,1.0833333333333335,3.0855305194854736,7.405267596994326,1.0662403155947686e-06,False
19,5,6.416666666666667,1.0833333333333335,18,5,6.0,1.0833333333333335,1.90562903881073,4.573511437801909,1.1920928955078125e-06,False
19,5,6.416666666666667,1.0833333333333335,19,6,6.416666666666667,1.5,2.3364639282226562,5.6075139625085795,9.610960205463925e-07,False
19,5,6.416666666666667,1.0833333333333335,19,4,6.416666666666667,0.6666666666666667,2.7735989093780518,6.656637065094134,2.678895498320344e-06,False
20,5,6.833333333333334,1.0833333333333335,21,5,7.25,1.0833333333333335,3.4713046550750732,8.331134350255718,4.862803962168982e-06,False
20,5,6.833333333333334,1.0833333333333335,19,5,6.416666666666667,1.0833333333333335,2.2683722972869873,5.444089359978211,3.312216676931712e-06,False
20,5,6.833333333333334,1.0833333333333335,20,6,6.833333333333334,1.5,2.7351126670837402,6.564271027018645,1.9073486328125e-06,False
20,5,6.833333333333334,1.0833333333333335,20,4,6.833333333333334,0.6666666666666667,3.1168301105499268,7.480391908626943,3.7055685879749944e-06,False
21,5,7.25,1.0833333333333335,22,5,7.666666666666668,1.0833333333333335,3.860090494155884,9.264220719993865,1.9405865714361425e-06,False
21,5,7.25,1.0833333333333335,20,5,6.833333333333334,1.0833333333333335,2.6420648097991943,6.340957962401567,2.410858769508195e-06,False
21,5,7.25,1.0833333333333335,21,6,7.25,1.5,3.134247303009033,7.522194244594025,9.5367431640625e-07,False
21,5,7.25,1.0833333333333335,21,4,7.25,0.6666666666666667,3.4723622798919678,8.333669074360415,2.8912861580465687e-06,False
22,5,7.666666666666668,1.0833333333333335,23,5,8.083333333333334,1.0833333333333335,4.251068592071533,10.202568512942701,3.96270024793921e-06,False
22,5,7.666666666666668,1.0833333333333335,21,5,7.25,1.0833333333333335,3.0226516723632812,7.2543667809931875,2.457562459312612e-06,False
22,5,7.666666666666668,1.0833333333333335,22,6,7.666666666666668,1.5,3.533710241317749,8.480905387964762,2.384185791015625e-06,False
22,5,7.666666666666668,1.0833333333333335,22,4,7.666666666666668,0.6666666666666667,3.836782217025757,9.208276881776959,5.228927875577938e-06,False
23,5,8.083333333333334,1.0833333333333335,24,5,8.5,1.0833333333333335,4.643681526184082,11.144827160013458,1.1246181657043053e-06,False
23,5,8.083333333333334,1.0833333333333335,22,5,7.666666666666668,1.0833333333333335,3.407822370529175,8.178776809225772,3.3717478800099343e-06,False
23,5,8.083333333333334,1.0833333333333335,23,6,8.083333333333334,1.5,3.9333977699279785,9.440155548110537,3.82214057026431e-06,False
23,5,8.083333333333334,1.0833333333333335,23,4,8.083333333333334,0.6666666666666667,4.207779407501221,10.098670096460815,1.040950337483082e-06,False
24,5,8.5,1.0833333333333335,23,5,8.083333333333334,1.0833333333333335,3.7961809635162354,9.11082736142932,5.013881036575185e-06,False
24,5,8.5,1.0833333333333335,24,6,8.5,1.5,4.333247661590576,10.399795379619158,5.72328735870542e-06,False
24,5,8.5,1.0833333333333335,24,4,8.5,0.6666666666666667,4.583756446838379,11.001014947842839,2.2492363314086106e-06,False
0,6,-1.5,1.5,1,6,-1.0833333333333333,1.5,1.6531715393066406,3.9676120727169106,1.244581540049694e-06,False
0,6,-1.5,1.5,0,7,-1.5,1.916666666666667,2.5275020599365234,6.066005522347023,2.109027718688594e-06,False
0,6,-1.5,1.5,0,5,-1.5,1.0833333333333335,1.6531713008880615,3.967611500512266,7.251218221426825e-07,False
1,6,-1.0833333333333333,1.5,2,6,-0.6666666666666666,1.5,1.4986059665679932,3.5966541482613494,2.030061068580835e-06,False
1,6,-1.0833333333333333,1.5,0,6,-1.5,1.5,2.210374116897583,5.304898386468733,2.2492363314086106e-06,False
1,6,-1.0833333333333333,1.5,1,7,-1.0833333333333333,1.916666666666667,2.322376251220703,5.5737035344794785,9.078709126697504e-07,False
1,6,-1.0833333333333333,1.5,1,5,-1.0833333333333333,1.0833333333333335,1.3183856010437012,3.1641257442594286,4.915124804938387e-07,False
2,6,-0.6666666666666666,1.5,3,6,-0.25,1.5,1.4420742988586426,3.4609781522284435,1.8802053318722756e-06,False
2,6,-0.6666666666666666,1.5,1,6,-1.0833333333333333,1.5,1.9246176481246948,4.619082135244268,4.2981520209650625e-07,False
2,6,-0.6666666666666666,1.5,2,7,-0.6666666666666666,1.916666666666667,2.1724438667297363,5.213865777384355,1.2157009905422456e-06,False
2,6,-0.6666666666666666,1.5,2,5,-0.6666666666666666,1.0833333333333335,1.0316102504730225,2.4758648372521246,2.4575624024691933e-07,False
3,6,-0.25,1.5,4,6,0.16666666666666674,1.5,1.4947384595870972,3.5873721319497998,1.1920928955078125e-07,False
3,6,-0.25,1.5,2,6,-0.6666666666666666,1.5,1.6862581968307495,4.047019479416872,3.769728778024728e-07,False
3,6,-0.25,1.5,3,7,-0.25,1.916666666666667,2.08961820602417,5.0150841727337045,2.2698729935655138e-06,False
3,6,-0.25,1.5,3,5,-0.25,1.0833333333333335,0.8433347344398499,2.0240035556796605,1.9082797564351495e-07,False
4,6,0.16666666666666674,1.5,5,6,0.5833333333333335,1.5,1.6461352109909058,3.950724883148659,1.359195039185579e-06,False
4,6,0.16666666666666674,1.5,3,6,-0.25,1.5,1.51779305934906,3.6427031687401215,2.055280219792621e-06,False
4,6,0.16666666666666674,1.5,4,7,0.16666666666666674,1.916666666666667,2.0819180011749268,4.996603679333084,1.3215070566729992e-06,False
4,6,0.16666666666666674,1.5,4,5,0.16666666666666674,1.0833333333333335,0.8240861892700195,1.9778070428664247,5.331201577973843e-07,False
5,6,0.5833333333333335,1.5,6,6,1.0,1.5,1.872334599494934,4.493602824516162,2.78296897704422e-06,False
5,6,0.5833333333333335,1.5,4,6,0.16666666666666674,1.5,1.4438897371292114,3.465335699590273,1.3384527619564324e-06,False
5,6,0.5833333333333335,1.5,5,7,0.5833333333333335,1.916666666666667,2.1501049995422363,5.160252491021394,1.1246181657043053e-06,False
5,6,0.5833333333333335,1.5,5,5,0.5833333333333335,1.0833333333333335,0.9838154911994934,2.3611574040563017,1.1920928955078125e-07,False
6,6,1.0,1.5,7,6,1.416666666666667,1.5,2.148867607116699,5.157282748916888,3.2098082556331065e-06,False
6,6,1.0,1.5,5,6,0.5833333333333335,1.5,1.4787275791168213,3.5489460206534376,6.419616624953051e-07,False
6,6,1.0,1.5,6,7,1.0,1.916666666666667,2.287015438079834,5.488837574847944,3.4157153550040675e-06,False
6,6,1.0,1.5,6,5,1.0,1.0833333333333335,1.2558484077453613,3.014036466029784,1.5542989331152057e-06,False
7,6,1.416666666666667,1.5,8,6,1.8333333333333335,1.5,2.451704502105713,5.88408968275267,0.00012059408618370071,False
7,6,1.416666666666667,1.5,6,6,1.0,1.5,1.6147117614746094,3.8753085971172903,8.678567269271298e-07,False
7,6,1.416666666666667,1.5,7,7,1.416666666666667,1.916666666666667,2.478309392929077,5.9479431102698435,2.5651057512732223e-05,False
7,6,1.416666666666667,1.5,7,5,1.416666666666667,1.0833333333333335,1.5822522640228271,3.797405795803623,3.046258143513114e-06,False
8,6,1.8333333333333335,1.5,9,6,2.25,1.5,2.714407444000244,6.514578486879205,0.0005488474271260202,False
8,6,1.8333333333333335,1.5,7,6,1.416666666666667,1.5,1.824911117553711,4.3797858467510515,3.3337066270178184e-05,False
8,6,1.8333333333333335,1.5,8,7,1.8333333333333335,1.916666666666667,2.6887006759643555,6.452882237709259,0.0002590459771454334,False
8,6,1.8333333333333335,1.5,8,5,1.8333333333333335,1.0833333333333335,1.9282132387161255,4.627712214251729,0.00011035619536414742,False
9,6,2.25,1.5,10,6,2.666666666666667,1.5,1.868565320968628,4.484555914963548,0.8230129480361938,False
9,6,2.25,1.5,8,6,1.8333333333333335,1.5,2.0454490184783936,4.909078112514316,0.0003923764161299914,False
9,6,2.25,1.5,9,7,2.25,1.916666666666667,2.920545816421509,7.0093106278715736,0.43840500712394714,False
9,6,2.25,1.5,9,5,2.25,1.0833333333333335,2.2180380821228027,5.323291904763403,0.016532694920897484,False
10,6,2.666666666666667,1.5,11,6,3.083333333333334,1.5,1.4589533805847168,3.501489449115543,1.006980299949646,False
10,6,2.666666666666667,1.5,9,6,2.25,1.5,2.025909900665283,4.862182834208902,2.2062556743621826,False
10,6,2.666666666666667,1.5,10,7,2.666666666666667,1.916666666666667,1.6362643241882324,3.9270347525629763,1.1991990804672241,False
10,6,2.666666666666667,1.5,10,5,2.666666666666667,1.0833333333333335,2.381948947906494,5.7166780201604865,1.9410587549209595,False
11,6,3.083333333333334,1.5,12,6,3.5,1.5,0.3480875492095947,0.835409958761223,0.00042052529170177877,False
11,6,3.083333333333334,1.5,10,6,2.666666666666667,1.5,0.692732036113739,1.6625575208883365,1.652687907218933,False
11,6,3.083333333333334,1.5,11,7,3.083333333333334,1.916666666666667,0.5884754657745361,1.4123412525502446,0.07915373891592026,False
11,6,3.083333333333334,1.5,11,5,3.083333333333334,1.0833333333333335,0.8465815186500549,2.0317958385272825,1.7521272897720337,False
12,6,3.5,1.5,13,6,3.916666666666667,1.5,0.5006297826766968,1.2015112492539883,8.678567269271298e-07,False
12,6,3.5,1.5,11,6,3.083333333333334,1.5,0.9069708585739136,2.176729645399161,0.00024779446539469063,False
12,6,3.5,1.5,12,7,3.5,1.916666666666667,0.4715100824832916,1.1316243058800035,7.218454993562773e-05,False
12,6,3.5,1.5,12,5,3.5,1.0833333333333335,1.0993627309799194,2.6384708059759907,0.00015626191452611238,False
13,6,3.916666666666667,1.5,14,6,4.333333333333334,1.5,0.7347949743270874,1.7635076020226284,1.4745374983249349e-06,False
13,6,3.916666666666667,1.5,12,6,3.5,1.5,0.8198715448379517,1.9676913323037468,0.00021644744265358895,False
13,6,3.916666666666667,1.5,13,7,3.916666666666667,1.916666666666667,0.17271688580513,0.4145205654640737,7.251218221426825e-07,False
13,6,3.916666666666667,1.5,13,5,3.916666666666667,1.0833333333333335,1.1068533658981323,2.6564483314941723,2.8892211048514582e-05,False
14,6,4.333333333333334,1.5,15,6,4.75,1.5,1.068761944770813,2.565029645931109,9.610960205463925e-07,False
14,6,4.333333333333334,1.5,13,6,3.916666666666667,1.5,0.5686842203140259,1.3648418684307349,5.12045198775013e-06,False
14,6,4.333333333333334,1.5,14,7,4.333333333333334,1.916666666666667,0.3560699224472046,0.8545678953712363,1.450243644285365e-06,False
14,6,4.333333333333334,1.5,14,5,4.333333333333334,1.0833333333333335,1.1590027809143066,2.7816069394690457,1.719260808386025e-06,False
15,6,4.75,1.5,16,6,5.166666666666667,1.5,1.4375361204147339,3.4500880050994893,1.2672121556533966e-06,False
15,6,4.75,1.5,14,6,4.333333333333334,1.5,0.4883202910423279,1.1719691455723364,1.599360416548734e-06,False
15,6,4.75,1.5,15,7,4.75,1.916666666666667,0.7372194528579712,1.7693268555952888,4.915124804938387e-07,False
15,6,4.75,1.5,15,5,4.75,1.0833333333333335,1.3273468017578125,3.185632628024352,1.4354699260366033e-06,False
16,6,5.166666666666667,1.5,17,6,5.583333333333334,1.5,1.819932222366333,4.367834001286315,9.5367431640625e-07,False
16,6,5.166666666666667,1.5,15,6,4.75,1.5,0.6849552392959595,1.6438932014057928,8.596304041930125e-07,False
16,6,5.166666666666667,1.5,16,7,5.166666666666667,1.916666666666667,1.1320078372955322,2.716819068605334,5.960464477539062e-07,False
16,6,5.166666666666667,1.5,16,5,5.166666666666667,1.0833333333333335,1.5811045169830322,3.7946512026454164,1.1246181657043053e-06,False
17,6,5.583333333333334,1.5,18,6,6.0,1.5,2.2088043689727783,5.301132507756236,1.0185245855609537e-06,False
17,6,5.583333333333334,1.5,16,6,5.166666666666667,1.5,1.0101816654205322,2.424434147312815,1.2672121556533966e-06,False
17,6,5.583333333333334,1.5,17,7,5.583333333333334,1.916666666666667,1.529843807220459,3.6716254874825944,1.1920928955078125e-07,False
17,6,5.583333333333334,1.5,17,5,5.583333333333334,1.0833333333333335,1.8864942789077759,4.527586701162977,8.596304041930125e-07,False
18,6,6.0,1.5,19,6,6.416666666666667,1.5,2.6012353897094727,6.242967316805769,2.396076979493955e-06,False
18,6,6.0,1.5,17,6,5.583333333333334,1.5,1.375757098197937,3.301818295218771,5.960464477539062e-07,False
18,6,6.0,1.5,18,7,6.0,1.916666666666667,1.928821086883545,4.629171049992661,7.152557373046875e-07,False
18,6,6.0,1.5,18,5,6.0,1.0833333333333335,2.222337484359741,5.333610471116111,2.5259996618842706e-06,False
19,6,6.416666666666667,1.5,20,6,6.833333333333334,1.5,2.9958207607269287,7.189964340237167,2.9224515856185462e-06,False
19,6,6.416666666666667,1.5,18,6,6.0,1.5,1.7566630840301514,4.215993009946064,1.9660499219753547e-06,False
19,6,6.416666666666667,1.5,19,7,6.416666666666667,1.916666666666667,2.3283438682556152,5.5880258167291466,5.331201577973843e-07,False
19,6,6.416666666666667,1.5,19,5,6.416666666666667,1.0833333333333335,2.5767457485198975,6.184190386218108,7.633119025740598e-07,False
20,6,6.833333333333334,1.5,21,6,7.25,1.5,3.3918113708496094,8.140350395336302,3.904900495399488e-06,False
20,6,6.833333333333334,1.5,19,6,6.416666666666667,1.5,2.1447486877441406,5.147392923436795,6.743495646333031e-07,False
20,6,6.833333333333334,1.5,20,7,6.833333333333334,1.916666666666667,2.728177785873413,6.547627310526591,2.384185791015625e-07,False
20,6,6.833333333333334,1.5,20,5,6.833333333333334,1.0833333333333335,2.9430224895477295,7.063254648519005,1.4354699260366033e-06,False
21,6,7.25,1.5,22,6,7.666666666666668,1.5,3.788763999938965,9.09303706857188,1.450243644285365e-06,False
21,6,7.25,1.5,20,6,6.833333333333334,1.5,2.5367178916931152,6.088125262498956,5.331201577973843e-07,False
21,6,7.25,1.5,21,7,7.25,1.916666666666667,3.128197431564331,7.507674551742034,1.4745374983249349e-06,False
21,6,7.25,1.5,21,5,7.25,1.0833333333333335,3.3172361850738525,7.961367603432427,2.34815070143668e-06,False
22,6,7.666666666666668,1.5,23,6,8.083333333333334,1.5,4.1864094734191895,10.047386568979862,5.766576123278355e-06,False
22,6,7.666666666666668,1.5,21,6,7.25,1.5,2.931018114089966,7.03444615724417,3.860982815240277e-06,False
22,6,7.666666666666668,1.5,22,7,7.666666666666668,1.916666666666667,3.5283470153808594,8.468033644488683,6.2718136177863926e-06,False
22,6,7.666666666666668,1.5,22,5,7.666666666666668,1.0833333333333335,3.6969799995422363,8.872752845073018,4.978326160198776e-06,False
23,6,8.083333333333334,1.5,24,6,8.5,1.5,4.584563255310059,11.002943418164506,3.84438408218557e-06,False
23,6,8.083333333333334,1.5,22,6,7.666666666666668,1.5,3.326814651489258,7.984358209365162,1.0185245855609537e-06,False
23,6,8.083333333333334,1.5,23,7,8.083333333333334,1.916666666666667,3.9285800457000732,9.428593008860876,2.8709398520732066e-06,False
23,6,8.083333333333334,1.5,23,5,8.083333333333334,1.0833333333333335,4.080707550048828,9.793699054117113,3.0157830224197824e-06,False
24,6,8.5,1.5,23,6,8.083333333333334,1.5,3.723630905151367,8.93670735419666,1.0185245855609537e-06,False
24,6,8.5,1.5,24,7,8.5,1.916666666666667,4.328874588012695,10.389300002031327,4.82171753901639e-06,False
24,6,8.5,1.5,24,5,8.5,1.0833333333333335,4.467391490936279,10.721740600751934,3.198720833097468e-06,False
0,7,-1.5,1.916666666666667,1,7,-1.0833333333333333,1.916666666666667,2.0121448040008545,4.829147990145492,8.678567269271298e-07,False
0,7,-1.5,1.916666666666667,0,8,-1.5,2.3333333333333335,2.8656060695648193,6.8774552228408075,1.3328003660717513e-06,False
0,7,-1.5,1.916666666666667,0,6,-1.5,1.5,1.8817670345306396,4.51624131357587,1.7881393432617188e-06,False
1,7,-1.0833333333333333,1.916666666666667,2,7,-0.6666666666666666,1.916666666666667,1.8872121572494507,4.5293089614244,2.146594852092676e-06,False
1,7,-1.0833333333333333,1.916666666666667,0,7,-1.5,1.916666666666667,2.490281820297241,5.976676938693708,1.955177822310361e-06,False
1,7,-1.0833333333333333,1.916666666666667,1,8,-1.0833333333333333,2.3333333333333335,2.6864213943481445,6.447411961308666,2.5259996618842706e-06,False
1,7,-1.0833333333333333,1.916666666666667,1,6,-1.0833333333333333,1.5,1.5956851243972778,3.8296446637768424,1.4354699260366033e-06,False
2,7,-0.6666666666666666,1.916666666666667,3,7,-0.25,1.916666666666667,1.842640995979309,4.422338179476824,1.212866663991008e-06,False
2,7,-0.6666666666666666,1.916666666666667,1,7,-1.0833333333333333,1.916666666666667,2.240514039993286,5.377233439577416,2.384185791015625e-07,False
2,7,-0.6666666666666666,1.916666666666667,2,8,-0.6666666666666666,2.3333333333333335,2.5579166412353516,6.1390005244255565,2.7033186142944032e-06,False
2,7,-0.6666666666666666,1.916666666666667,2,6,-0.6666666666666666,1.5,1.368316411972046,3.2839597019157125,1.323437913924863e-06,False
3,7,-0.25,1.916666666666667,4,7,0.16666666666666674,1.916666666666667,1.8841382265090942,4.521931527999328,1.2287812012345967e-07,False
3,7,-0.25,1.916666666666667,2,7,-0.6666666666666666,1.916666666666667,2.0394160747528076,4.894598346014102,2.4575624024691933e-07,False
3,7,-0.25,1.916666666666667,3,8,-0.25,2.3333333333333335,2.487954616546631,5.971091649159589,2.636284534673905e-06,False
3,7,-0.25,1.916666666666667,3,6,-0.25,1.5,1.232591986656189,2.9582210500927975,4.851466428590356e-07,False
4,7,0.16666666666666674,1.916666666666667,5,7,0.5833333333333335,1.916666666666667,2.0063278675079346,4.815187341231092,1.7068173292500433e-06,False
4,7,0.16666666666666674,1.916666666666667,3,7,-0.25,1.916666666666667,1.9024831056594849,4.565959235860861,1.1309185765639995e-06,False
4,7,0.16666666666666674,1.916666666666667,4,8,0.16666666666666674,2.3333333333333335,2.4814789295196533,5.955549998812676,2.4575624024691933e-07,False
4,7,0.16666666666666674,1.916666666666667,4,6,0.16666666666666674,1.5,1.219498872756958,2.9267975737378666,1.3415183275355957e-06,False
5,7,0.5833333333333335,1.916666666666667,6,7,1.0,1.916666666666667,2.1954503059387207,5.269080483003593,3.540335228535696e-06,False
5,7,0.5833333333333335,1.916666666666667,4,7,0.16666666666666674,1.916666666666667,1.8440468311309814,4.42571281678322,2.699743390621734e-06,False
5,7,0.5833333333333335,1.916666666666667,5,8,0.5833333333333335,2.3333333333333335,2.538856267929077,6.0932556241279245,2.6894840630120598e-06,False
5,7,0.5833333333333335,1.916666666666667,5,6,0.5833333333333335,1.5,1.3326085805892944,3.1982608984242344,7.372687491624674e-07,False
6,7,1.0,1.916666666666667,7,7,1.416666666666667,1.916666666666667,2.433452606201172,5.840286811855965,1.5574500139337033e-05,False
6,7,1.0,1.916666666666667,5,7,0.5833333333333335,1.916666666666667,1.8713127374649048,4.491150355761034,2.146594852092676e-06,False
6,7,1.0,1.916666666666667,6,8,1.0,2.3333333333333335,2.6549830436706543,6.371959912487021,5.327201506588608e-06,False
6,7,1.0,1.916666666666667,6,6,1.0,1.5,1.5440675020217896,3.7057623582613335,5.057621592641226e-07,False
7,7,1.416666666666667,1.916666666666667,8,7,1.8333333333333335,1.916666666666667,2.6882479190826416,6.451793775216336,9.436264372197911e-05,False
7,7,1.416666666666667,1.916666666666667,6,7,1.0,1.916666666666667,1.9793447256088257,4.75042779449728,5.228927875577938e-06,False
7,7,1.416666666666667,1.916666666666667,7,8,1.416666666666667,2.3333333333333335,2.815115451812744,6.75627772867944,0.0002094161172863096,False
7,7,1.416666666666667,1.916666666666667,7,6,1.416666666666667,1.5,1.8171831369400024,4.361239944576258,1.4981055755924899e-05,False
8,7,1.8333333333333335,1.916666666666667,9,7,2.25,1.916666666666667,2.123692035675049,5.096861371694696,0.8655215501785278,False
8,7,1.8333333333333335,1.916666666666667,7,7,1.416666666666667,1.916666666666667,2.144564390182495,5.146953554734505,0.00030478747794404626,False
8,7,1.8333333333333335,1.916666666666667,8,8,1.8333333333333335,2.3333333333333335,2.9458024501800537,7.0699265546728665,0.017303800210356712,False
8,7,1.8333333333333335,1.916666666666667,8,6,1.8333333333333335,1.5,2.107063055038452,5.056951814360792,0.00012565660290420055,False
9,7,2.25,1.916666666666667,10,7,2.666666666666667,1.916666666666667,1.7827057838439941,4.278493065167796,0.9315839409828186,False
9,7,2.25,1.916666666666667,8,7,1.8333333333333335,1.916666666666667,2.2847118377685547,5.483308933573621,0.158519446849823,False
9,7,2.25,1.916666666666667,9,8,2.25,2.3333333333333335,1.871625542640686,4.491901730718777,1.0215882062911987,False
9,7,2.25,1.916666666666667,9,6,2.25,1.5,2.2153594493865967,5.3168631855834185,1.7996079921722412,False
10,7,2.666666666666667,1.916666666666667,11,7,3.083333333333334,1.916666666666667,0.37505361437797546,0.9001290178791115,0.1886601746082306,False
10,7,2.666666666666667,1.916666666666667,9,7,2.25,1.916666666666667,0.8072364330291748,1.9373670697465764,0.5342878699302673,False
10,7,2.666666666666667,1.916666666666667,10,8,2.666666666666667,2.3333333333333335,1.0947121381759644,2.6273093821820623,0.09039222449064255,False
10,7,2.666666666666667,1.916666666666667,10,6,2.666666666666667,1.5,0.28523901104927063,0.6845736918042843,0.6598638296127319,False
11,7,3.083333333333334,1.916666666666667,12,7,3.5,1.916666666666667,0.17437215149402618,0.4184930837644417,6.664001557510346e-05,False
11,7,3.083333333333334,1.916666666666667,10,7,2.666666666666667,1.916666666666667,1.2231806516647339,2.9356346838511214,1.53806734085083,False
11,7,3.083333333333334,1.916666666666667,11,8,3.083333333333334,2.3333333333333335,0.975089430809021,2.340214857121931,0.00021847391326446086,False
11,7,3.083333333333334,1.916666666666667,11,6,3.083333333333334,1.5,0.6802438497543335,1.6325853951058764,0.03853243216872215,False
12,7,3.5,1.916666666666667,13,7,3.916666666666667,1.916666666666667,0.17957216501235962,0.43097311382806514,5.960464477539062e-07,False
12,7,3.5,1.916666666666667,11,7,3.083333333333334,1.916666666666667,1.0155998468399048,2.4374391675111453,0.0002642690378706902,False
12,7,3.5,1.916666666666667,12,8,3.5,2.3333333333333335,0.7289844155311584,1.7495627641260876,3.4136346585000865e-06,False
12,7,3.5,1.916666666666667,12,6,3.5,1.5,0.8131983876228333,1.9516763164211575,0.0004687193431891501,False
13,7,3.916666666666667,1.916666666666667,14,7,4.333333333333334,1.916666666666667,0.560684084892273,1.3456415470806986,1.9983117454103194e-06,False
13,7,3.916666666666667,1.916666666666667,12,7,3.5,1.916666666666667,0.703732967376709,1.6889587995607758,1.290547243115725e-05,False
13,7,3.916666666666667,1.916666666666667,13,8,3.916666666666667,2.3333333333333335,0.5601431131362915,1.3443435997336959,8.596304041930125e-07,False
13,7,3.916666666666667,1.916666666666667,13,6,3.916666666666667,1.5,0.714066743850708,1.7137603486786221,1.0990553391820868e-06,False
14,7,4.333333333333334,1.916666666666667,15,7,4.75,1.916666666666667,0.9577093124389648,2.298503226662913,1.1920928955078125e-07,False
14,7,4.333333333333334,1.916666666666667,13,7,3.916666666666667,1.916666666666667,0.32115405797958374,0.7707695921383682,2.863505415007239e-06,False
14,7,4.333333333333334,1.916666666666667,14,8,4.333333333333334,2.3333333333333335,0.639949381351471,1.5358786617163336,2.0230486370564904e-06,False
14,7,4.333333333333334,1.916666666666667,14,6,4.333333333333334,1.5,0.78239506483078,1.877748334669908,1.5266238051481196e-06,False
15,7,4.75,1.916666666666667,16,7,5.166666666666667,1.916666666666667,1.3571178913116455,3.2570841816269613,4.76837158203125e-07,False
15,7,4.75,1.916666666666667,14,7,4.333333333333334,1.916666666666667,0.11862676590681076,0.28470434678243517,1.9073486328125e-06,False
15,7,4.75,1.916666666666667,15,8,4.75,2.3333333333333335,0.9090799689292908,2.18179213350221,1.5078915112098912e-06,False
15,7,4.75,1.916666666666667,15,6,4.75,1.5,1.0146474838256836,2.4351541934160417,1.9660499219753547e-06,False
16,7,5.166666666666667,1.916666666666667,17,7,5.583333333333334,1.916666666666667,1.757128357887268,4.217104841533782,3.3717478800099343e-06,False
16,7,5.166666666666667,1.916666666666667,15,7,4.75,1.916666666666667,0.4944782257080078,1.186748194407728,1.599360416548734e-06,False
16,7,5.166666666666667,1.916666666666667,16,8,5.166666666666667,2.3333333333333335,1.2507836818695068,3.001881122768509,3.4136346585000865e-06,False
16,7,5.166666666666667,1.916666666666667,16,6,5.166666666666667,1.5,1.3294907808303833,3.1907781782892397,3.471426907708519e-06,False
17,7,5.583333333333334,1.916666666666667,18,7,6.0,1.916666666666667,2.157353639602661,5.1776507101633875,3.3569640436326154e-06,False
17,7,5.583333333333334,1.916666666666667,16,7,5.166666666666667,1.916666666666667,0.8920866250991821,2.1410062667798866,5.331201577973843e-07,False
17,7,5.583333333333334,1.916666666666667,17,8,5.583333333333334,2.3333333333333335,1.6197090148925781,3.887302006464196,2.7804144338006154e-06,False
17,7,5.583333333333334,1.916666666666667,17,6,5.583333333333334,1.5,1.6812299489974976,4.034952262397028,2.457562459312612e-06,False
18,7,6.0,1.916666666666667,19,7,6.416666666666667,1.916666666666667,2.5576908588409424,6.138460402855073,5.331201577973843e-07,False
18,7,6.0,1.916666666666667,17,7,5.583333333333334,1.916666666666667,1.29153573513031,3.0996869467494763,2.384185791015625e-07,False
18,7,6.0,1.916666666666667,18,8,6.0,2.3333333333333335,2.0008466243743896,4.802032356456028,2.1324806311895372e-06,False
18,7,6.0,1.916666666666667,18,6,6.0,1.5,2.0509653091430664,4.92231721137211,2.489163080099388e-06,False
19,7,6.416666666666667,1.916666666666667,20,7,6.833333333333334,1.916666666666667,2.9580912590026855,7.099413605183712,5.331201577973843e-07,False
19,7,6.416666666666667,1.916666666666667,18,7,6.0,1.916666666666667,1.6915156841278076,4.05963919053619,6.743495646333031e-07,False
19,7,6.416666666666667,1.916666666666667,19,8,6.416666666666667,2.3333333333333335,2.3883519172668457,5.732045148090854,1.8621086610437487e-06,False
19,7,6.416666666666667,1.916666666666667,19,6,6.416666666666667,1.5,2.4304938316345215,5.833185752218795,9.5367431640625e-07,False
20,7,6.833333333333334,1.916666666666667,21,7,7.25,1.916666666666667,3.3585333824157715,8.06048319262817,1.0662403155947686e-06,False
20,7,6.833333333333334,1.916666666666667,19,7,6.416666666666667,1.916666666666667,2.091724157333374,5.020134147541697,2.489163080099388e-06,False
20,7,6.833333333333334,1.916666666666667,20,8,6.833333333333334,2.3333333333333335,2.779566764831543,6.670960871788108,9.5367431640625e-07,False
20,7,6.833333333333334,1.916666666666667,20,6,6.833333333333334,1.5,2.8158600330352783,6.758064723783944,4.163801349932328e-06,False
21,7,7.25,1.916666666666667,22,7,7.666666666666668,1.916666666666667,3.7590043544769287,9.021613892217214,2.384185791015625e-06,False
21,7,7.25,1.916666666666667,20,7,6.833333333333334,1.916666666666667,2.492050886154175,5.980924408311618,3.84438408218557e-06,False
21,7,7.25,1.916666666666667,21,8,7.25,2.3333333333333335,3.173118829727173,7.6154859176145475,4.76837158203125e-07,False
21,7,7.25,1.916666666666667,21,6,7.25,1.5,3.2049577236175537,7.691899270238807,1.599360416548734e-06,False
22,7,7.666666666666668,1.916666666666667,23,7,8.083333333333334,1.916666666666667,4.159492015838623,9.982784646142825,1.9660499219753547e-06,False
22,7,7.666666666666668,1.916666666666667,21,7,7.25,1.916666666666667,2.892441987991333,6.941863419289939,2.384185791015625e-07,False
22,7,7.666666666666668,1.916666666666667,22,8,7.666666666666668,2.3333333333333335,3.5682291984558105,8.563750892996874,2.431401981084491e-06,False
22,7,7.666666666666668,1.916666666666667,22,6,7.666666666666668,1.5,3.5965723991394043,8.631774581124743,2.5678466499812203e-06,False
23,7,8.083333333333334,1.916666666666667,24,7,8.5,1.916666666666667,4.559995174407959,10.943980068984933,4.774328317580512e-06,False
23,7,8.083333333333334,1.916666666666667,22,7,7.666666666666668,1.916666666666667,3.292877435684204,7.9029088603625715,4.76837158203125e-07,False
23,7,8.083333333333334,1.916666666666667,23,8,8.083333333333334,2.3333333333333335,3.964437246322632,9.514650298562078,2.384185791015625e-07,False
23,7,8.083333333333334,1.916666666666667,23,6,8.083333333333334,1.5,3.989967107772827,9.575921971885869,1.9983117454103194e-06,False
24,7,8.5,1.916666666666667,23,7,8.083333333333334,1.916666666666667,3.6933436393737793,8.864017971788046,9.830249609876773e-07,False
24,7,8.5,1.916666666666667,24,8,8.5,2.3333333333333335,4.361444473266602,10.467467734095358,6.713928087265231e-06,False
24,7,8.5,1.916666666666667,24,6,8.5,1.5,4.384663105010986,10.523192455596204,2.9224515856185462e-06,False
0,8,-1.5,2.3333333333333335,1,8,-1.0833333333333333,2.3333333333333335,2.3844046592712402,5.722571727997945,2.3023137600830523e-06,False
0,8,-1.5,2.3333333333333335,0,9,-1.5,2.75,3.218074321746826,7.723376899075146,1.8157418253395008e-06,False
0,8,-1.5,2.3333333333333335,0,7,-1.5,1.916666666666667,2.161025047302246,5.186460608144818,9.078709126697504e-07,False
1,8,-1.0833333333333333,2.3333333333333335,2,8,-0.6666666666666666,2.3333333333333335,2.2799625396728516,5.47190983429385,2.646875827849726e-06,False
1,8,-1.0833333333333333,2.3333333333333335,0,8,-1.5,2.3333333333333335,2.7996726036071777,6.719214889451493,3.7089225770614576e-06,False
1,8,-1.0833333333333333,2.3333333333333335,1,9,-1.0833333333333333,2.75,3.059600353240967,7.343039447204696,1.6037969317039824e-06,False
1,8,-1.0833333333333333,2.3333333333333335,1,7,-1.0833333333333333,1.916666666666667,1.917080044746399,4.600992546176199,1.1920928955078125e-06,False
2,8,-0.6666666666666666,2.3333333333333335,3,8,-0.25,2.3333333333333335,2.2432069778442383,5.383696490111518,7.493669613722886e-07,False
2,8,-0.6666666666666666,2.3333333333333335,1,8,-1.0833333333333333,2.3333333333333335,2.580031156539917,6.192074480434681,1.719260808386025e-06,False
2,8,-0.6666666666666666,2.3333333333333335,2,9,-0.6666666666666666,2.75,2.947403907775879,7.0737680294479315,2.420418240944855e-06,False
2,8,-0.6666666666666666,2.3333333333333335,2,7,-0.6666666666666666,1.916666666666667,1.732418417930603,4.157804599552593,7.539457556049456e-07,False
3,8,-0.25,2.3333333333333335,4,8,0.16666666666666674,2.3333333333333335,2.2774038314819336,5.465768934928468,7.748603820800781e-07,False
3,8,-0.25,2.3333333333333335,2,8,-0.6666666666666666,2.3333333333333335,2.407461404800415,5.777907096008916,2.2182218799571274e-06,False
3,8,-0.25,2.3333333333333335,3,9,-0.25,2.75,2.8868820667266846,6.92851563863456,4.074534444953315e-06,False
3,8,-0.25,2.3333333333333335,3,7,-0.25,1.916666666666667,1.6273486614227295,3.905637159885136,1.8128044985132874e-06,False
4,8,0.16666666666666674,2.3333333333333335,5,8,0.5833333333333335,2.3333333333333335,2.379394292831421,5.710546847395596,2.34815070143668e-06,False
4,8,0.16666666666666674,2.3333333333333335,3,8,-0.25,2.3333333333333335,2.2926130294799805,5.502271008383226,2.281386741742608e-06,False
4,8,0.16666666666666674,2.3333333333333335,4,9,0.16666666666666674,2.75,2.8812551498413086,6.915011040685455,2.3864663489803206e-06,False
4,8,0.16666666666666674,2.3333333333333335,4,7,0.16666666666666674,1.916666666666667,1.6174428462982178,3.881863201319046,1.2077297242285567e-06,False
5,8,0.5833333333333335,2.3333333333333335,6,8,1.0,2.3333333333333335,2.5401926040649414,6.0964619590539,3.969866156694479e-06,False
5,8,0.5833333333333335,2.3333333333333335,4,8,0.16666666666666674,2.3333333333333335,2.244319200515747,5.386366594921741,3.1455217595066642e-06,False
5,8,0.5833333333333335,2.3333333333333335,5,9,0.5833333333333335,2.75,2.930532217025757,7.033275979370884,4.438445557752857e-06,False
5,8,0.5833333333333335,2.3333333333333335,5,7,0.5833333333333335,1.916666666666667,1.7042491436004639,4.090198334712824,4.915124804938387e-07,False
6,8,1.0,2.3333333333333335,7,8,1.416666666666667,2.3333333333333335,2.743147373199463,6.5835543235353775,0.00012101944594178349,False
6,8,1.0,2.3333333333333335,5,8,0.5833333333333335,2.3333333333333335,2.266427516937256,5.4394257812773805,1.3605013009510003e-06,False
6,8,1.0,2.3333333333333335,6,9,1.0,2.75,3.0295820236206055,7.270995469857127,2.825536830641795e-05,False
6,8,1.0,2.3333333333333335,6,7,1.0,1.916666666666667,1.8734766244888306,4.4963443275780035,2.384185791015625e-06,False
7,8,1.416666666666667,2.3333333333333335,8,8,1.8333333333333335,2.3333333333333335,2.9259207248687744,7.022208400305099,0.0005476210499182343,False
7,8,1.416666666666667,2.3333333333333335,6,8,1.0,2.3333333333333335,2.3534555435180664,5.648293843106637,3.318474773550406e-05,False
7,8,1.416666666666667,2.3333333333333335,7,9,1.416666666666667,2.75,3.153409004211426,7.568180166591612,0.000258990447036922,False
7,8,1.416666666666667,2.3333333333333335,7,7,1.416666666666667,1.916666666666667,2.098445177078247,5.036268905283824,0.00010998424841091037,False
8,8,1.8333333333333335,2.3333333333333335,9,8,2.25,2.3333333333333335,2.0887398719787598,5.012976170823686,0.8232060670852661,False
8,8,1.8333333333333335,2.3333333333333335,7,8,1.416666666666667,2.3333333333333335,2.4640069007873535,5.913615433957017,0.00039301920332945883,False
8,8,1.8333333333333335,2.3333333333333335,8,9,1.8333333333333335,2.75,3.305241346359253,7.93257771824308,0.4390868842601776,False
8,8,1.8333333333333335,2.3333333333333335,8,7,1.8333333333333335,1.916666666666667,2.298748016357422,5.516995765399529,0.01655135490000248,False
9,8,2.25,2.3333333333333335,10,8,2.666666666666667,2.3333333333333335,1.6369255781173706,3.928620638156769,1.0069438219070435,False
9,8,2.25,2.3333333333333335,8,8,1.8333333333333335,2.3333333333333335,2.381376028060913,5.715303012399961,2.2062931060791016,False
9,8,2.25,2.3333333333333335,9,9,2.25,2.75,2.1797778606414795,5.231465867716624,1.1992318630218506,False
9,8,2.25,2.3333333333333335,9,7,2.25,1.916666666666667,2.391089916229248,5.738616346227297,1.9410148859024048,False
10,8,2.666666666666667,2.3333333333333335,11,8,3.083333333333334,2.3333333333333335,0.5929340720176697,1.4230423156899703,0.000417646806454286,False
10,8,2.666666666666667,2.3333333333333335,9,8,2.25,2.3333333333333335,1.313594102859497,3.152625245547248,1.6526824235916138,False
10,8,2.666666666666667,2.3333333333333335,10,9,2.666666666666667,2.75,1.448940396308899,3.4774562878692077,0.07917047291994095,False
10,8,2.666666666666667,2.3333333333333335,10,7,2.666666666666667,1.916666666666667,0.6628974080085754,1.5909539309457712,1.7521206140518188,False
11,8,3.083333333333334,2.3333333333333335,12,8,3.5,2.3333333333333335,0.4001697897911072,0.9604073123154998,1.2839233249906101e-06,False
11,8,3.083333333333334,2.3333333333333335,10,8,2.666666666666667,2.3333333333333335,1.3219021558761597,3.1725663843408145,0.0002483274438418448,False
11,8,3.083333333333334,2.3333333333333335,11,9,3.083333333333334,2.75,1.2863892316818237,3.0873335671742312,7.144008850445971e-05,False
11,8,3.083333333333334,2.3333333333333335,11,7,3.083333333333334,1.916666666666667,0.7812969088554382,1.8751127600777397,0.0001547116116853431,False
12,8,3.5,2.3333333333333335,13,8,3.916666666666667,2.3333333333333335,0.3584955632686615,0.8603891877385735,2.1981106783641735e-06,False
12,8,3.5,2.3333333333333335,11,8,3.083333333333334,2.3333333333333335,1.1296603679656982,2.7111843660002966,0.00021495428518392146,False
12,8,3.5,2.3333333333333335,12,9,3.5,2.75,1.0683867931365967,2.564127814459264,7.539457556049456e-07,False
12,8,3.5,2.3333333333333335,12,7,3.5,1.916666666666667,0.5532079935073853,1.327699311036998,2.77273738902295e-05,False
13,8,3.916666666666667,2.3333333333333335,14,8,4.333333333333334,2.3333333333333335,0.6402627825737,1.5366303850878935,4.76837158203125e-07,False
13,8,3.916666666666667,2.3333333333333335,12,8,3.5,2.3333333333333335,0.7787416577339172,1.8689796220818287,1.2157009905422456e-06,False
13,8,3.916666666666667,2.3333333333333335,13,9,3.916666666666667,2.75,0.9578640460968018,2.298873272157045,1.9660499219753547e-06,False
13,8,3.916666666666667,2.3333333333333335,13,7,3.916666666666667,1.916666666666667,0.32138630747795105,0.7713272115065777,9.5367431640625e-07,False
14,8,4.333333333333334,2.3333333333333335,15,8,4.75,2.3333333333333335,1.0066168308258057,2.4158813155675185,6.743495646333031e-07,False
14,8,4.333333333333334,2.3333333333333335,13,8,3.916666666666667,2.3333333333333335,0.4478624761104584,1.0748697376499676,7.152557373046875e-07,False
14,8,4.333333333333334,2.3333333333333335,14,9,4.333333333333334,2.75,1.0066266059875488,2.415903393573114,1.719260808386025e-06,False
14,8,4.333333333333334,2.3333333333333335,14,7,4.333333333333334,1.916666666666667,0.44825953245162964,1.0758229804823858,9.610960205463925e-07,False
15,8,4.75,2.3333333333333335,16,8,5.166666666666667,2.3333333333333335,1.3921208381652832,3.341091286121859,4.76837158203125e-07,False
15,8,4.75,2.3333333333333335,14,8,4.333333333333334,2.3333333333333335,0.3322250247001648,0.797340363441606,1.5078915112098912e-06,False
15,8,4.75,2.3333333333333335,15,9,4.75,2.75,1.1959646940231323,2.870314718186432,9.5367431640625e-07,False
15,8,4.75,2.3333333333333335,15,7,4.75,1.916666666666667,0.7861688733100891,1.886805475884006,1.0662403155947686e-06,False
16,8,5.166666666666667,2.3333333333333335,17,8,5.583333333333334,2.3333333333333335,1.7843097448349,4.28234012043753,7.152557373046875e-07,False
16,8,5.166666666666667,2.3333333333333335,15,8,4.75,2.3333333333333335,0.5837509036064148,1.4010027030955137,1.1920928955078125e-06,False
16,8,5.166666666666667,2.3333333333333335,16,9,5.166666666666667,2.75,1.4725489616394043,3.534116833855279,1.719260808386025e-06,False
16,8,5.166666666666667,2.3333333333333335,16,7,5.166666666666667,1.916666666666667,1.1645256280899048,2.7948617739545605,9.610960205463925e-07,False
17,8,5.583333333333334,2.3333333333333335,18,8,6.0,2.3333333333333335,2.1795530319213867,5.230929272052487,2.90048728857073e-06,False
17,8,5.583333333333334,2.3333333333333335,16,8,5.166666666666667,2.3333333333333335,0.9445038437843323,2.2668074956455264,1.5078915112098912e-06,False
17,8,5.583333333333334,2.3333333333333335,17,9,5.583333333333334,2.75,1.7964999675750732,4.311599099807911,2.6656007321435027e-06,False
17,8,5.583333333333334,2.3333333333333335,17,7,5.583333333333334,1.916666666666667,1.5540679693222046,3.729763482071255,1.1920928955078125e-06,False
18,8,6.0,2.3333333333333335,19,8,6.416666666666667,2.3333333333333335,2.5764412879943848,6.183461449989872,1.0662403155947686e-06,False
18,8,6.0,2.3333333333333335,17,8,5.583333333333334,2.3333333333333335,1.3282825946807861,3.187879443313386,9.830249609876773e-07,False
18,8,6.0,2.3333333333333335,18,9,6.0,2.75,2.146470308303833,5.151527757353256,2.384185791015625e-07,False
18,8,6.0,2.3333333333333335,18,7,6.0,1.916666666666667,1.9480890035629272,4.675414054433255,1.719260808386025e-06,False
19,8,6.416666666666667,2.3333333333333335,20,8,6.833333333333334,2.3333333333333335,2.974320650100708,7.138364114102086,4.76837158203125e-07,False
19,8,6.416666666666667,2.3333333333333335,18,8,6.0,2.3333333333333335,1.7197387218475342,4.127374506902506,6.743495646333031e-07,False
19,8,6.416666666666667,2.3333333333333335,19,9,6.416666666666667,2.75,2.5116093158721924,6.027861208369978,2.0370491711219074e-06,False
19,8,6.416666666666667,2.3333333333333335,19,7,6.416666666666667,1.916666666666667,2.344331741333008,5.626396715774223,2.384185791015625e-07,False
20,8,6.833333333333334,2.3333333333333335,21,8,7.25,2.3333333333333335,3.372838258743286,8.094814908910717,5.331201577973843e-07,False
20,8,6.833333333333334,2.3333333333333335,19,8,6.416666666666667,2.3333333333333335,2.1146137714385986,5.075069179482132,9.830249609876773e-07,False
20,8,6.833333333333334,2.3333333333333335,20,9,6.833333333333334,2.75,2.886167049407959,6.926799597396927,4.45402656623628e-06,False
20,8,6.833333333333334,2.3333333333333335,20,7,6.833333333333334,1.916666666666667,2.741837501525879,6.58041063121897,4.35073070548242e-06,False
21,8,7.25,2.3333333333333335,22,8,7.666666666666668,2.3333333333333335,3.7717878818511963,9.05229436961913,2.396076979493955e-06,False
21,8,7.25,2.3333333333333335,20,8,6.833333333333334,2.3333333333333335,2.511291742324829,6.027102480736725,2.396076979493955e-06,False
21,8,7.25,2.3333333333333335,21,9,7.25,2.75,3.2668991088867188,7.840556365860679,3.471426907708519e-06,False
21,8,7.25,2.3333333333333335,21,7,7.25,1.916666666666667,3.14011812210083,7.536284211758062,1.430511474609375e-06,False
22,8,7.666666666666668,2.3333333333333335,23,8,8.083333333333334,2.3333333333333335,4.171051502227783,10.01052742405984,6.692728220514255e-06,False
22,8,7.666666666666668,2.3333333333333335,21,8,7.25,2.3333333333333335,2.90903902053833,6.981696312597776,3.471426907708519e-06,False
22,8,7.666666666666668,2.3333333333333335,22,9,7.666666666666668,2.75,3.651881217956543,8.764513251397466,5.442005203804001e-06,False
22,8,7.666666666666668,2.3333333333333335,22,7,7.666666666666668,1.916666666666667,3.5389187335968018,8.493405770626618,3.3906608223333023e-06,False
23,8,8.083333333333334,2.3333333333333335,24,8,8.5,2.3333333333333335,4.570542335510254,10.969293236318027,5.766576123278355e-06,False
23,8,8.083333333333334,2.3333333333333335,22,8,7.666666666666668,2.3333333333333335,3.307466506958008,7.9379226447764,5.331201464287005e-06,False
23,8,8.083333333333334,2.3333333333333335,23,9,8.083333333333334,2.75,4.03989315032959,9.695741711475046,4.163801349932328e-06,False
23,8,8.083333333333334,2.3333333333333335,23,7,8.083333333333334,1.916666666666667,3.9380767345428467,9.45138506425715,1.0185245855609537e-06,False
24,8,8.5,2.3333333333333335,23,8,8.083333333333334,2.3333333333333335,3.7063541412353516,8.895243152432897,1.922192041092785e-06,False
24,8,8.5,2.3333333333333335,24,9,8.5,2.75,4.430140972137451,10.632336305172672,2.384185791015625e-07,False
24,8,8.5,2.3333333333333335,24,7,8.5,1.916666666666667,4.337494850158691,10.40998863315474,2.9224515856185462e-06,False
0,9,-1.5,2.75,1,9,-1.0833333333333333,2.75,2.7645769119262695,6.634985221384547,2.410858769508195e-06,False
0,9,-1.5,2.75,0,10,-1.5,3.166666666666667,3.5805764198303223,8.593381768535277,1.0662403155947686e-06,False
0,9,-1.5,2.75,0,8,-1.5,2.3333333333333335,2.473846673965454,5.937230885080169,7.539457556049456e-07,False
1,9,-1.0833333333333333,2.75,2,9,-0.6666666666666666,2.75,2.6750078201293945,6.420018462180211,2.384930667176377e-06,False
1,9,-1.0833333333333333,2.75,0,9,-1.5,2.75,3.1298038959503174,7.511530066636092,1.7721735048326082e-06,False
1,9,-1.0833333333333333,2.75,1,10,-1.0833333333333333,3.166666666666667,3.438771963119507,8.253051137342236,3.6723427001561504e-06,False
1,9,-1.0833333333333333,2.75,1,8,-1.0833333333333333,2.3333333333333335,2.263862371444702,5.433268655153531,2.0370491711219074e-06,False
2,9,-0.6666666666666666,2.75,3,9,-0.25,2.75,2.6437289714813232,6.34494922900442,1.2252525039002649e-06,False
2,9,-0.6666666666666666,2.75,1,9,-1.0833333333333333,2.75,2.934967041015625,7.043920562557194,2.2492363314086106e-06,False
2,9,-0.6666666666666666,2.75,2,10,-0.6666666666666666,3.166666666666667,3.33920955657959,8.01410140722248,1.7068173292500433e-06,False
2,9,-0.6666666666666666,2.75,2,8,-0.6666666666666666,2.3333333333333335,2.109771966934204,5.063451754865311,6.743495646333031e-07,False
3,9,-0.25,2.75,4,9,0.16666666666666674,2.75,2.672750949859619,6.4146019737910285,2.9454963623720687e-06,False
3,9,-0.25,2.75,2,9,-0.6666666666666666,2.75,2.7844669818878174,6.68272043787382,2.6394832275400404e-06,False
3,9,-0.25,2.75,3,10,-0.25,3.166666666666667,3.2856831550598145,7.885638068077456,6.439784556278028e-06,False
3,9,-0.25,2.75,3,8,-0.25,2.3333333333333335,2.0243752002716064,4.858499553966607,2.4154594484571135e-06,False
4,9,0.16666666666666674,2.75,5,9,0.5833333333333335,2.75,2.7599008083343506,6.623762571693666,2.905993824242614e-06,False
4,9,0.16666666666666674,2.75,3,9,-0.25,2.75,2.685753345489502,6.445807721814741,3.4555275760794757e-06,False
4,9,0.16666666666666674,2.75,4,10,0.16666666666666674,3.166666666666667,3.2802889347076416,7.872691941701519,5.059750492364401e-06,False
4,9,0.16666666666666674,2.75,4,8,0.16666666666666674,2.3333333333333335,2.0163848400115967,4.8393226930002795,1.6731820551285637e-06,False
5,9,0.5833333333333335,2.75,6,9,1.0,2.75,2.8978195190429688,6.954766514074015,1.7235948689631186e-05,False
5,9,0.5833333333333335,2.75,4,9,0.16666666666666674,2.75,2.6445086002349854,6.346821245844006,1.4343092971103033e-06,False
5,9,0.5833333333333335,2.75,5,10,0.5833333333333335,3.166666666666667,3.322385787963867,7.973724370246054,1.2731557944789529e-05,False
5,9,0.5833333333333335,2.75,5,8,0.5833333333333335,2.3333333333333335,2.0864126682281494,5.007389448663817,3.3717478231665154e-07,False
6,9,1.0,2.75,7,9,1.416666666666667,2.75,3.062774419784546,7.350659308496409,9.617966134101152e-05,False
6,9,1.0,2.75,5,9,0.5833333333333335,2.75,2.6623501777648926,6.389640121953958,6.258487701416016e-06,False
6,9,1.0,2.75,6,10,1.0,3.166666666666667,3.4038729667663574,8.169293562070168,0.0002722229983191937,False
6,9,1.0,2.75,6,8,1.0,2.3333333333333335,2.224879503250122,5.339709789331477,1.4195418771123514e-05,False
7,9,1.416666666666667,2.75,8,9,1.8333333333333335,2.75,2.516080141067505,6.038591186792147,0.8679518103599548,False
7,9,1.416666666666667,2.75,6,9,1.0,2.75,2.7290802001953125,6.549793105105696,0.0003127518284600228,False
7,9,1.416666666666667,2.75,7,10,1.416666666666667,3.166666666666667,3.4658315181732178,8.317994057084263,0.022363420575857162,False
7,9,1.416666666666667,2.75,7,8,1.416666666666667,2.3333333333333335,2.401352643966675,5.763245246268226,0.00012678091297857463,False
8,9,1.8333333333333335,2.75,9,9,2.25,2.75,2.166001081466675,5.198403091278371,0.9313071966171265,False
8,9,1.8333333333333335,2.75,7,9,1.416666666666667,2.75,2.783215284347534,6.679715408379477,0.1618538200855255,False
8,9,1.8333333333333335,2.75,8,10,1.8333333333333335,3.166666666666667,2.5557830333709717,6.133878110145929,1.0201915502548218,False
8,9,1.8333333333333335,2.75,8,8,1.8333333333333335,2.3333333333333335,2.431084156036377,5.834600861625507,1.7993643283843994,False
9,9,2.25,2.75,10,9,2.666666666666667,2.75,1.1545838117599487,2.771000619697453,0.18870960175991058,False
9,9,2.25,2.75,8,9,1.8333333333333335,2.75,1.6899713277816772,4.0559315734798025,0.5334056615829468,False
9,9,2.25,2.75,9,10,2.25,3.166666666666667,1.975647211074829,4.741552402200241,0.090418741106987,False
9,9,2.25,2.75,9,8,2.25,2.3333333333333335,0.8754537105560303,2.101088504583644,0.6596328616142273,False
10,9,2.666666666666667,2.75,11,9,3.083333333333334,2.75,0.9499814510345459,2.2799563522172366,6.677422788925469e-05,False
10,9,2.666666666666667,2.75,9,9,2.25,2.75,1.8391358852386475,4.413925282683318,1.5381299257278442,False
10,9,2.666666666666667,2.75,10,10,2.666666666666667,3.166666666666667,1.8283487558364868,4.388036177056088,0.0002208267105743289,False
10,9,2.666666666666667,2.75,10,8,2.666666666666667,2.3333333333333335,0.9095110893249512,2.182826198038826,0.03844894468784332,False
11,9,3.083333333333334,2.75,12,9,3.5,2.75,0.7639054656028748,1.8333727677587952,9.830249609876773e-07,False
11,9,3.083333333333334,2.75,10,9,2.666666666666667,2.75,1.6117535829544067,3.868210074695616,0.0002643366460688412,False
11,9,3.083333333333334,2.75,11,10,3.083333333333334,3.166666666666667,1.6140474081039429,3.8737130405973357,3.0994415283203125e-06,False
11,9,3.083333333333334,2.75,11,8,3.083333333333334,2.3333333333333335,0.8396008014678955,2.015041539184277,0.00046882586320862174,False
12,9,3.5,2.75,13,9,3.916666666666667,2.75,0.7380955815315247,1.7714290578023801,1.8621086610437487e-06,False
12,9,3.5,2.75,11,9,3.083333333333334,2.75,1.3194481134414673,3.1666748682642236,1.3149816368240863e-05,False
12,9,3.5,2.75,12,10,3.5,3.166666666666667,1.4377400875091553,3.4505755518769163,1.2157009905422456e-06,False
12,9,3.5,2.75,12,8,3.5,2.3333333333333335,0.4823196232318878,1.1575668749681711,1.599360416548734e-06,False
13,9,3.916666666666667,2.75,14,9,4.333333333333334,2.75,0.9092410206794739,2.1821780334133085,9.830249609876773e-07,False
13,9,3.916666666666667,2.75,12,9,3.5,2.75,1.013899564743042,2.4333584912570014,5.331201577973843e-07,False
13,9,3.916666666666667,2.75,13,10,3.916666666666667,3.166666666666667,1.357224941253662,3.2573392377206347,5.331201577973843e-07,False
13,9,3.916666666666667,2.75,13,8,3.916666666666667,2.3333333333333335,0.11820697784423828,0.283696692715322,7.539457556049456e-07,False
14,9,4.333333333333334,2.75,15,9,4.75,2.75,1.1959799528121948,2.870352981702035,1.1920928955078125e-06,False
14,9,4.333333333333334,2.75,13,9,3.916666666666667,2.75,0.7861454486846924,1.8867487169745032,6.743495646333031e-07,False
14,9,4.333333333333334,2.75,14,10,4.333333333333334,3.166666666666667,1.3921418190002441,3.3411397283287565,9.5367431640625e-07,False
14,9,4.333333333333334,2.75,14,8,4.333333333333334,2.3333333333333335,0.3323049545288086,0.7975317387520334,5.331201577973843e-07,False
15,9,4.75,2.75,16,9,5.166666666666667,2.75,1.5346570014953613,3.6831782086098515,1.2839233249906101e-06,False
15,9,4.75,2.75,14,9,4.333333333333334,2.75,0.7263233661651611,1.7431767437655425,9.5367431640625e-07,False
15,9,4.75,2.75,15,10,4.75,3.166666666666667,1.5346579551696777,3.6831783898967,3.2428433769382536e-06,False
15,9,4.75,2.75,15,8,4.75,2.3333333333333335,0.7263205051422119,1.7431688798582305,9.830249609876773e-07,False
16,9,5.166666666666667,2.75,17,9,5.583333333333334,2.75,1.8976142406463623,4.55427070291847,9.5367431640625e-07,False
16,9,5.166666666666667,2.75,15,9,4.75,2.75,0.870599091053009,2.089438615584799,7.152557373046875e-07,False
16,9,5.166666666666667,2.75,16,10,5.166666666666667,3.166666666666667,1.7587672472000122,4.22104058818043,1.7357134538542596e-06,False
16,9,5.166666666666667,2.75,16,8,5.166666666666667,2.3333333333333335,1.1249966621398926,2.6999914741532374,9.5367431640625e-07,False
17,9,5.583333333333334,2.75,18,9,6.0,2.75,2.273244619369507,5.455789167705219,3.5443470096652163e-06,False
17,9,5.583333333333334,2.75,16,9,5.166666666666667,2.75,1.1442360877990723,2.74616451556052,1.1920928955078125e-06,False
17,9,5.583333333333334,2.75,17,10,5.583333333333334,3.166666666666667,2.037715435028076,4.890516111275461,3.2428433769382536e-06,False
17,9,5.583333333333334,2.75,17,8,5.583333333333334,2.3333333333333335,1.5246754884719849,3.6592204743918466,2.0370491711219074e-06,False
18,9,6.0,2.75,19,9,6.416666666666667,2.75,2.6561715602874756,6.374814176488562,4.163801349932328e-06,False
18,9,6.0,2.75,17,9,5.583333333333334,2.75,1.4769986867904663,3.5447982005303196,4.76837158203125e-07,False
18,9,6.0,2.75,18,10,6.0,3.166666666666667,2.352065086364746,5.644955130585646,1.922192041092785e-06,False
18,9,6.0,2.75,18,8,6.0,2.3333333333333335,1.9247244596481323,4.61933782208675,4.76837158203125e-07,False
19,9,6.416666666666667,2.75,20,9,6.833333333333334,2.75,3.043642997741699,7.304737621507552,2.1324806311895372e-06,False
19,9,6.416666666666667,2.75,18,9,6.0,2.75,1.837032437324524,4.408879531432927,1.599360416548734e-06,False
19,9,6.416666666666667,2.75,19,10,6.416666666666667,3.166666666666667,2.6894328594207764,6.454637631485437,1.2839233249906101e-06,False
19,9,6.416666666666667,2.75,19,8,6.416666666666667,2.3333333333333335,2.3249518871307373,5.57988346483546,5.331201577973843e-07,False
20,9,6.833333333333334,2.75,21,9,7.25,2.75,3.434124231338501,8.241901299248237,2.396076979493955e-06,False
20,9,6.833333333333334,2.75,19,9,6.416666666666667,2.75,2.2110564708709717,5.306531481528106,1.922192041092785e-06,False
20,9,6.833333333333334,2.75,20,10,6.833333333333334,3.166666666666667,3.042172908782959,7.301213588483126,2.1981106783641735e-06,False
20,9,6.833333333333334,2.75,20,8,6.833333333333334,2.3333333333333335,2.725282907485962,6.540677730431036,1.9660499219753547e-06,False
21,9,7.25,2.75,22,9,7.666666666666668,2.75,3.8266940116882324,9.184069131496098,1.1920928955078125e-06,False
21,9,7.25,2.75,20,9,6.833333333333334,2.75,2.5930261611938477,6.223265160852494,4.163801349932328e-06,False
21,9,7.25,2.75,21,10,7.25,3.166666666666667,3.4055118560791016,8.17322689567053,2.7804144338006154e-06,False
21,9,7.25,2.75,21,8,7.25,2.3333333333333335,3.1256775856018066,7.50162477462296,3.82214057026431e-06,False
22,9,7.666666666666668,2.75,23,9,8.083333333333334,2.75,4.220763683319092,10.129836704191858,4.79215395898791e-06,False
22,9,7.666666666666668,2.75,21,9,7.25,2.75,2.9798810482025146,7.151717243849657,2.384185791015625e-06,False
22,9,7.666666666666668,2.75,22,10,7.666666666666668,3.166666666666667,3.776386260986328,9.063325297675076,2.431401981084491e-06,False
22,9,7.666666666666668,2.75,22,8,7.666666666666668,2.3333333333333335,3.526109457015991,8.462661082713874,1.9660499219753547e-06,False
23,9,8.083333333333334,2.75,24,9,8.5,2.75,4.615955352783203,11.07828439461945,3.881173142872285e-06,False
23,9,8.083333333333334,2.75,22,9,7.666666666666668,2.75,3.369943857192993,8.087868342540109,3.0994415283203125e-06,False
23,9,8.083333333333334,2.75,23,10,8.083333333333334,3.166666666666667,4.152782917022705,9.966677099861698,1.719260808386025e-06,False
23,9,8.083333333333334,2.75,23,8,8.083333333333334,2.3333333333333335,3.9265708923339844,9.423768344160395,1.9660499219753547e-06,False
24,9,8.5,2.75,23,9,8.083333333333334,2.75,3.7622127532958984,9.029303719098115,3.0157830224197824e-06,False
24,9,8.5,2.75,24,10,8.5,3.166666666666667,4.533322334289551,10.87997152710504,5.8981499932997394e-06,False
24,9,8.5,2.75,24,8,8.5,2.3333333333333335,4.32705020904541,10.38491852094297,3.84438408218557e-06,False
0,10,-1.5,3.166666666666667,1,10,-1.0833333333333333,3.166666666666667,3.1495232582092285,7.558856540570883,3.6079277379030827e-06,False
0,10,-1.5,3.166666666666667,0,11,-1.5,3.583333333333334,3.948371171951294,9.476094427526256,1.583689845574554e-05,False
0,10,-1.5,3.166666666666667,0,9,-1.5,2.75,2.808994770050049,6.7415861622646025,3.3717478231665154e-07,False
1,10,-1.0833333333333333,3.166666666666667,2,10,-0.6666666666666666,3.166666666666667,3.070991277694702,7.370378715020241,2.1490759536391124e-06,False
1,10,-1.0833333333333333,3.166666666666667,0,10,-1.5,3.166666666666667,3.474567174911499,8.338962015052987,2.360223561481689e-06,False
1,10,-1.0833333333333333,3.166666666666667,1,11,-1.0833333333333333,3.583333333333334,3.8187294006347656,9.164954057675956,4.169207386439666e-05,False
1,10,-1.0833333333333333,3.166666666666667,1,9,-1.0833333333333333,2.75,2.6259114742279053,6.302186336100323,1.8157418253395008e-06,False
2,10,-0.6666666666666666,3.166666666666667,3,10,-0.25,3.166666666666667,3.0434229373931885,7.304214701451555,2.641207174747251e-06,False
2,10,-0.6666666666666666,3.166666666666667,1,10,-1.0833333333333333,3.166666666666667,3.2999868392944336,7.9199680366531355,2.396076979493955e-06,False
2,10,-0.6666666666666666,3.166666666666667,2,11,-0.6666666666666666,3.583333333333334,3.7267401218414307,8.94417970435322,0.00011685516074066982,False
2,10,-0.6666666666666666,3.166666666666667,2,9,-0.6666666666666666,2.75,2.4942212104797363,5.9861297633877255,1.0941957953036763e-06,False
3,10,-0.25,3.166666666666667,4,10,0.16666666666666674,3.166666666666667,3.068007469177246,7.363217574919816,6.177802788442932e-06,False
3,10,-0.25,3.166666666666667,2,10,-0.6666666666666666,3.166666666666667,3.1665971279144287,7.599832744606364,1.450243644285365e-06,False
3,10,-0.25,3.166666666666667,3,11,-0.25,3.583333333333334,3.6745190620422363,8.818849113025326,0.00033079873537644744,False
3,10,-0.25,3.166666666666667,3,9,-0.25,2.75,2.4222910404205322,5.813497388172648,5.960464477539063e-08,False
4,10,0.16666666666666674,3.166666666666667,5,10,0.5833333333333335,3.166666666666667,3.142690896987915,7.542458872075927,1.9886525478796102e-05,False
4,10,0.16666666666666674,3.166666666666667,3,10,-0.25,3.166666666666667,3.0796420574188232,7.391140585368128,6.916450729477219e-06,False
4,10,0.16666666666666674,3.166666666666667,4,11,0.16666666666666674,3.583333333333334,3.6624815464019775,8.789959064468027,0.0009655554895289242,False
4,10,0.16666666666666674,3.166666666666667,4,9,0.16666666666666674,2.75,2.415354013442993,5.796848526602073,1.9282470020698383e-06,False
5,10,0.5833333333333335,3.166666666666667,6,10,1.0,3.166666666666667,3.258474826812744,7.820339211447753,0.00022333563538268209,False
5,10,0.5833333333333335,3.166666666666667,4,10,0.16666666666666674,3.166666666666667,3.042656183242798,7.302375536191515,1.1253919183218386e-05,False
5,10,0.5833333333333335,3.166666666666667,5,11,0.5833333333333335,3.583333333333334,3.684483051300049,8.842762696366385,0.0006740034441463649,False
5,10,0.5833333333333335,3.166666666666667,5,9,0.5833333333333335,2.75,2.4732136726379395,5.935711682183898,4.9611694521445315e-06,False
6,10,1.0,3.166666666666667,7,10,1.416666666666667,3.166666666666667,3.3629510402679443,8.071083266361548,0.000886149937286973,False
6,10,1.0,3.166666666666667,5,10,0.5833333333333335,3.166666666666667,3.0545060634613037,7.330814202746668,8.537784742657095e-05,False
6,10,1.0,3.166666666666667,6,11,1.0,3.583333333333334,3.71913480758667,8.925926943178919,0.004355901852250099,False
6,10,1.0,3.166666666666667,6,9,1.0,2.75,2.585829973220825,6.205990752031183,0.00012785644503310323,False
7,10,1.416666666666667,3.166666666666667,8,10,1.8333333333333335,3.166666666666667,2.55003023147583,6.120071388231013,0.8888633847236633,False
7,10,1.416666666666667,3.166666666666667,6,10,1.0,3.166666666666667,3.0854580402374268,7.4051000027751925,0.0006413763621822,False
7,10,1.416666666666667,3.166666666666667,7,11,1.416666666666667,3.583333333333334,3.8531746864318848,9.247622775124654,1.211040735244751,False
7,10,1.416666666666667,3.166666666666667,7,9,1.416666666666667,2.75,2.6922919750213623,6.461499507618044,0.023575734347105026,False
8,10,1.8333333333333335,3.166666666666667,9,10,2.25,3.166666666666667,2.180962085723877,5.234309504919959,0.9988983273506165,False
8,10,1.8333333333333335,3.166666666666667,7,10,1.416666666666667,3.166666666666667,2.9701342582702637,7.128320860229328,2.1980974674224854,False
8,10,1.8333333333333335,3.166666666666667,8,11,1.8333333333333335,3.583333333333334,2.8703255653381348,6.888783984674067,1.20457124710083,False
8,10,1.8333333333333335,3.166666666666667,8,9,1.8333333333333335,2.75,2.712028980255127,6.508868311144197,1.928975224494934,False
9,10,2.25,3.166666666666667,10,10,2.666666666666667,3.166666666666667,1.4756156206130981,3.5414768139883397,0.00048418171354569495,False
9,10,2.25,3.166666666666667,8,10,1.8333333333333335,3.166666666666667,2.127808094024658,5.106739912675849,1.6509432792663574,False
9,10,2.25,3.166666666666667,9,11,2.25,3.583333333333334,2.3097667694091797,5.543442361237473,0.09692838042974472,False
9,10,2.25,3.166666666666667,9,9,2.25,2.75,1.3271663188934326,3.1851985578158266,1.7513891458511353,False
10,10,2.666666666666667,3.166666666666667,11,10,3.083333333333334,3.166666666666667,1.2932002544403076,3.103681794617384,1.719260808386025e-06,False
10,10,2.666666666666667,3.166666666666667,9,10,2.25,3.166666666666667,2.0642495155334473,4.954197892342016,0.00022124485985841602,False
10,10,2.666666666666667,3.166666666666667,10,11,2.666666666666667,3.583333333333334,2.159766674041748,5.183441995026396,0.0001235551171703264,False
10,10,2.666666666666667,3.166666666666667,10,9,2.666666666666667,2.75,1.2710092067718506,3.050421514430711,0.00015759035886731,False
11,10,3.083333333333334,3.166666666666667,12,10,3.5,3.166666666666667,1.1494945287704468,2.7587863428523365,1.599360416548734e-06,False
11,10,3.083333333333334,3.166666666666667,10,10,2.666666666666667,3.166666666666667,1.8657863140106201,4.477888861804528,0.00022309049381874502,False
11,10,3.083333333333334,3.166666666666667,11,11,3.083333333333334,3.583333333333334,1.962670087814331,4.710410007633212,3.3717478800099343e-06,False
11,10,3.083333333333334,3.166666666666667,11,9,3.083333333333334,2.75,0.9956292510032654,2.389509746645022,2.8374815883580595e-05,False
12,10,3.5,3.166666666666667,13,10,3.916666666666667,3.166666666666667,1.1323106288909912,2.7175449910078067,1.2839233249906101e-06,False
12,10,3.5,3.166666666666667,11,10,3.083333333333334,3.166666666666667,1.579031229019165,3.7896742268230006,7.539457556049456e-07,False
12,10,3.5,3.166666666666667,12,11,3.5,3.583333333333334,1.8198009729385376,4.367524001130676,2.5344243113067932e-06,False
12,10,3.5,3.166666666666667,12,9,3.5,2.75,0.6839724183082581,1.6415334908421535,2.384185791015625e-07,False
13,10,3.916666666666667,3.166666666666667,14,10,4.333333333333334,3.166666666666667,1.2508437633514404,3.0020244594527323,2.1457672119140625e-06,False
13,10,3.916666666666667,3.166666666666667,12,10,3.5,3.166666666666667,1.3293392658233643,3.1904136294529666,1.1920928955078125e-06,False
13,10,3.916666666666667,3.166666666666667,13,11,3.916666666666667,3.583333333333334,1.7571170330047607,4.217082487900729,1.0662403155947686e-06,False
13,10,3.916666666666667,3.166666666666667,13,9,3.916666666666667,2.75,0.49456071853637695,1.1869454980954175,1.0662403155947686e-06,False
14,10,4.333333333333334,3.166666666666667,15,10,4.75,3.166666666666667,1.4725574254989624,3.5341391693646123,2.2492363314086106e-06,False
14,10,4.333333333333334,3.166666666666667,13,10,3.916666666666667,3.166666666666667,1.1645303964614868,2.7948724184279596,1.0115243185282452e-06,False
14,10,4.333333333333334,3.166666666666667,14,11,4.333333333333334,3.583333333333334,1.7843071222305298,4.282338726935855,4.76837158203125e-07,False
14,10,4.333333333333334,3.166666666666667,14,9,4.333333333333334,2.75,0.5837863683700562,1.4010870168519942,7.152557373046875e-07,False
15,10,4.75,3.166666666666667,16,10,5.166666666666667,3.166666666666667,1.7587671279907227,4.221042717377745,9.5367431640625e-07,False
15,10,4.75,3.166666666666667,14,10,4.333333333333334,3.166666666666667,1.1250009536743164,2.700003318787887,2.489163080099388e-06,False
15,10,4.75,3.166666666666667,15,11,4.75,3.583333333333334,1.897613286972046,4.554273626050425,1.430511474609375e-06,False
15,10,4.75,3.166666666666667,15,9,4.75,2.75,0.8706015944480896,2.0894434281457084,4.76837158203125e-07,False
16,10,5.166666666666667,3.166666666666667,17,10,5.583333333333334,3.166666666666667,2.0830390453338623,4.999289894645771,4.376783181214705e-06,False
16,10,5.166666666666667,3.166666666666667,15,10,4.75,3.166666666666667,1.2231287956237793,2.935510229305355,1.5266238051481196e-06,False
16,10,5.166666666666667,3.166666666666667,16,11,5.166666666666667,3.583333333333334,2.083038330078125,4.999293899266776,3.7242173220874975e-06,False
16,10,5.166666666666667,3.166666666666667,16,9,5.166666666666667,2.75,1.2231287956237793,2.9355085495932483,1.3486991292666062e-06,False
17,10,5.583333333333334,3.166666666666667,18,10,6.0,3.166666666666667,2.430175542831421,5.832423527688419,1.719260808386025e-06,False
17,10,5.583333333333334,3.166666666666667,16,10,5.166666666666667,3.166666666666667,1.4308679103851318,3.4340803649289207,3.3717478800099343e-06,False
17,10,5.583333333333334,3.166666666666667,17,11,5.583333333333334,3.583333333333334,2.3233752250671387,5.576102667275492,3.5762786865234375e-06,False
17,10,5.583333333333334,3.166666666666667,17,9,5.583333333333334,2.75,1.598456621170044,3.836295159092873,4.604627520166105e-06,False
18,10,6.0,3.166666666666667,19,10,6.416666666666667,3.166666666666667,2.7916576862335205,6.69998100280037,9.830249609876773e-07,False
18,10,6.0,3.166666666666667,17,10,5.583333333333334,3.166666666666667,1.708693265914917,4.100865402551805,2.0370491711219074e-06,False
18,10,6.0,3.166666666666667,18,11,6.0,3.583333333333334,2.6034586429595947,6.248303126641512,4.046097274112981e-06,False
18,10,6.0,3.166666666666667,18,9,6.0,2.75,1.9836812019348145,4.760833976586537,4.317944330978207e-06,False
19,10,6.416666666666667,3.166666666666667,20,10,6.833333333333334,3.166666666666667,3.1625752449035645,7.590174796924746,2.396076979493955e-06,False
19,10,6.416666666666667,3.166666666666667,18,10,6.0,3.166666666666667,2.0280039310455322,4.867211291203038,2.396076979493955e-06,False
19,10,6.416666666666667,3.166666666666667,19,11,6.416666666666667,3.583333333333334,2.9118449687957764,6.98843059098457,3.312216676931712e-06,False
19,10,6.416666666666667,3.166666666666667,19,9,6.416666666666667,2.75,2.3739917278289795,5.697579060062588,1.922192041092785e-06,False
20,10,6.833333333333334,3.166666666666667,21,10,7.25,3.166666666666667,3.53996205329895,8.495912168850772,7.618210474902298e-06,False
20,10,6.833333333333334,3.166666666666667,19,10,6.416666666666667,3.166666666666667,2.372105836868286,5.693049665031689,3.312216676931712e-06,False
20,10,6.833333333333334,3.166666666666667,20,11,6.833333333333334,3.583333333333334,3.2404654026031494,7.777119932983373,2.8709398520732066e-06,False
20,10,6.833333333333334,3.166666666666667,20,9,6.833333333333334,2.75,2.767237663269043,6.641369125105071,6.743495646333031e-07,False
21,10,7.25,3.166666666666667,22,10,7.666666666666668,3.166666666666667,3.9219491481781006,9.412681546280497,4.35073070548242e-06,False
21,10,7.25,3.166666666666667,20,10,6.833333333333334,3.166666666666667,2.731645107269287,6.555950758343032,1.9660499219753547e-06,False
21,10,7.25,3.166666666666667,21,11,7.25,3.583333333333334,3.5837533473968506,8.601011314777876,6.641573236265685e-06,False
21,10,7.25,3.166666666666667,21,9,7.25,2.75,3.162322521209717,7.589572603307228,5.331201577973843e-07,False
22,10,7.666666666666668,3.166666666666667,23,10,8.083333333333334,3.166666666666667,4.307314872741699,10.337559638046127,5.051999323768541e-06,False
22,10,7.666666666666668,3.166666666666667,21,10,7.25,3.166666666666667,3.101257801055908,7.443021561821579,2.6973982585332124e-06,False
22,10,7.666666666666668,3.166666666666667,22,11,7.666666666666668,3.583333333333334,3.937878131866455,9.450911121715974,3.471426907708519e-06,False
22,10,7.666666666666668,3.166666666666667,22,9,7.666666666666668,2.75,3.5586342811584473,8.540720645767088,1.9660499219753547e-06,False
23,10,8.083333333333334,3.166666666666667,24,10,8.5,3.166666666666667,4.695226192474365,11.268534264729107,8.665457244205754e-06,False
23,10,8.083333333333334,3.166666666666667,22,10,7.666666666666668,3.166666666666667,3.4777324199676514,8.346560991882702,4.79215395898791e-06,False
23,10,8.083333333333334,3.166666666666667,23,11,8.083333333333334,3.583333333333334,4.300160884857178,10.320390060573601,3.932099843950709e-06,False
23,10,8.083333333333334,3.166666666666667,23,9,8.083333333333334,2.75,3.955803394317627,9.493926335539562,4.163801349932328e-06,False
24,10,8.5,3.166666666666667,23,10,8.083333333333334,3.166666666666667,3.859060764312744,9.261738768204674,3.0157830224197824e-06,False
24,10,8.5,3.166666666666667,24,11,8.5,3.583333333333334,4.668703556060791,11.204892808873295,2.0370491711219074e-06,False
24,10,8.5,3.166666666666667,24,9,8.5,2.75,4.353594779968262,10.448625479006676,6.67572021484375e-06,False
0,11,-1.5,3.583333333333334,1,11,-1.0833333333333333,3.583333333333334,3.532241106033325,8.477379462945887,0.00010533900058362633,False
0,11,-1.5,3.583333333333334,0,12,-1.5,4.0,4.276023864746094,10.262455317982614,0.0009218846098519862,False
0,11,-1.5,3.583333333333334,0,10,-1.5,3.166666666666667,3.1584041118621826,7.580172760075668,4.715929208032321e-06,False
1,11,-1.0833333333333333,3.583333333333334,2,11,-0.6666666666666666,3.583333333333334,3.4583284854888916,8.299987969399073,0.0003001321165356785,False
1,11,-1.0833333333333333,3.583333333333334,0,11,-1.5,3.583333333333334,3.8258345127105713,9.182003706169482,7.14190027792938e-05,False
1,11,-1.0833333333333333,3.583333333333334,1,12,-1.0833333333333333,4.0,4.157582759857178,9.97819672046724,0.3492545783519745,False
1,11,-1.0833333333333333,3.583333333333334,1,10,-1.0833333333333333,3.166666666666667,2.9959704875946045,7.190331913121,9.298324584960938e-06,False
2,11,-0.6666666666666666,3.583333333333334,3,11,-0.25,3.583333333333334,3.4270949363708496,8.225027455090167,0.0008754805894568563,False
2,11,-0.6666666666666666,3.583333333333334,1,11,-1.0833333333333333,3.583333333333334,3.664773941040039,8.79545703909602,0.0002032302727457136,False
2,11,-0.6666666666666666,3.583333333333334,2,12,-0.6666666666666666,4.0,3.8468220233917236,9.232371095205098,2.358961820602417,False
2,11,-0.6666666666666666,3.583333333333334,2,10,-0.6666666666666666,3.166666666666667,2.879873752593994,6.911699642829759,2.135951399395708e-05,False
3,11,-0.25,3.583333333333334,4,11,0.16666666666666674,3.583333333333334,3.435032367706299,8.244077289386878,0.0006600645137950778,False
3,11,-0.25,3.583333333333334,2,11,-0.6666666666666666,3.583333333333334,3.539534568786621,8.494882560020324,0.0006021655281074345,False
3,11,-0.25,3.583333333333334,3,12,-0.25,4.0,2.7712831497192383,6.651078290733664,1.0226385593414307,False
3,11,-0.25,3.583333333333334,3,10,-0.25,3.166666666666667,2.8153910636901855,6.756941130424931,5.630235682474449e-05,False
4,11,0.16666666666666674,3.583333333333334,5,11,0.5833333333333335,3.583333333333334,3.4762260913848877,8.342943414968817,0.0031257637310773134,False
4,11,0.16666666666666674,3.583333333333334,3,11,-0.25,3.583333333333334,3.4503190517425537,8.280765329324469,0.00042479700641706586,False
4,11,0.16666666666666674,3.583333333333334,4,12,0.16666666666666674,4.0,4.068604469299316,9.764648863859394,0.46979424357414246,False
4,11,0.16666666666666674,3.583333333333334,4,10,0.16666666666666674,3.166666666666667,2.8051068782806396,6.732259076026564,0.0001759876759024337,False
5,11,0.5833333333333335,3.583333333333334,6,11,1.0,3.583333333333334,2.7162797451019287,6.5190710773910965,0.6999332904815674,False
5,11,0.5833333333333335,3.583333333333334,4,11,0.16666666666666674,3.583333333333334,3.3946783542633057,8.147228827212222,0.0023433601018041372,False
5,11,0.5833333333333335,3.583333333333334,5,12,0.5833333333333335,4.0,4.067950248718262,9.76307873476434,1.0197957754135132,False
5,11,0.5833333333333335,3.583333333333334,5,10,0.5833333333333335,3.166666666666667,2.846435785293579,6.831448490695378,0.0006730190361849964,False
6,11,1.0,3.583333333333334,7,11,1.416666666666667,3.583333333333334,3.6905126571655273,8.857231221888659,0.911456286907196,False
6,11,1.0,3.583333333333334,5,11,0.5833333333333335,3.583333333333334,2.8029775619506836,6.72714582790633,0.4130991995334625,False
6,11,1.0,3.583333333333334,6,12,1.0,4.0,3.0401957035064697,7.296468296724644,0.72324538230896,False
6,11,1.0,3.583333333333334,6,10,1.0,3.166666666666667,2.912097692489624,6.98903712808118,0.0017147485632449389,False
7,11,1.416666666666667,3.583333333333334,8,11,1.8333333333333335,3.583333333333334,2.966733932495117,7.120160079925522,2.623976469039917,False
7,11,1.416666666666667,3.583333333333334,6,11,1.0,3.583333333333334,3.3105318546295166,7.945277208831521,2.4747655391693115,False
7,11,1.416666666666667,3.583333333333334,7,12,1.416666666666667,4.0,2.572258949279785,6.173420300785008,1.229240894317627,False
7,11,1.416666666666667,3.583333333333334,7,10,1.416666666666667,3.166666666666667,2.971923828125,7.132619908378566,2.2157230377197266,False
8,11,1.8333333333333335,3.583333333333334,9,11,2.25,3.583333333333334,1.9576774835586548,4.698426408617631,0.23452575504779816,False
8,11,1.8333333333333335,3.583333333333334,7,11,1.416666666666667,3.583333333333334,2.5040040016174316,6.009608457639988,2.0017194747924805,False
8,11,1.8333333333333335,3.583333333333334,8,12,1.8333333333333335,4.0,1.3140041828155518,3.1536094372540595,1.2216382026672363,False
8,11,1.8333333333333335,3.583333333333334,8,10,1.8333333333333335,3.166666666666667,1.6809368133544922,4.034249890994984,0.5238925218582153,False
9,11,2.25,3.583333333333334,10,11,2.666666666666667,3.583333333333334,1.8156166076660156,4.357479027275271,0.0007332146633416414,False
9,11,2.25,3.583333333333334,8,11,1.8333333333333335,3.583333333333334,2.537977695465088,6.0911470500132605,1.5933783054351807,False
9,11,2.25,3.583333333333334,9,12,2.25,4.0,3.1942498683929443,7.666198221931797,2.2965247631073,False
9,11,2.25,3.583333333333334,9,10,2.25,3.166666666666667,1.6555243730545044,3.9732600110092204,0.02014107070863247,False
10,11,2.666666666666667,3.583333333333334,11,11,3.083333333333334,3.583333333333334,1.6501460075378418,3.9603519288451876,2.389901055721566e-05,False
10,11,2.666666666666667,3.583333333333334,9,11,2.25,3.583333333333334,2.3715968132019043,5.691831266053912,0.0005623617325909436,False
10,11,2.666666666666667,3.583333333333334,10,12,2.666666666666667,4.0,2.4598114490509033,5.9035463517100615,0.0007361408206634223,False
10,11,2.666666666666667,3.583333333333334,10,10,2.666666666666667,3.166666666666667,1.5299649238586426,3.671917217985999,0.0005074201617389917,False
11,11,3.083333333333334,3.583333333333334,12,11,3.5,3.583333333333334,1.5416080951690674,3.699858722713714,2.0370491711219074e-06,False
11,11,3.083333333333334,3.583333333333334,10,11,2.666666666666667,3.583333333333334,2.135770559310913,5.125851297703284,7.42703559808433e-05,False
11,11,3.083333333333334,3.583333333333334,11,12,3.083333333333334,4.0,2.319200038909912,5.566079031738466,0.00013658533862326294,False
11,11,3.083333333333334,3.583333333333334,11,10,3.083333333333334,3.166666666666667,1.2480212450027466,2.995252130604603,3.84438408218557e-06,False
12,11,3.5,3.583333333333334,13,11,3.916666666666667,3.583333333333334,1.5297666788101196,3.671439328872809,4.76837158203125e-07,False
12,11,3.5,3.583333333333334,11,11,3.083333333333334,3.583333333333334,1.8844982385635376,4.522794909897821,4.06012213716167e-06,False
12,11,3.5,3.583333333333334,12,12,3.5,4.0,2.2067296504974365,5.296150151033372,6.507560556201497e-06,False
12,11,3.5,3.583333333333334,12,10,3.5,3.166666666666667,1.0099155902862549,2.423798341292702,7.152557373046875e-07,False
13,11,3.916666666666667,3.583333333333334,14,11,4.333333333333334,3.583333333333334,1.6196993589401245,3.887277720016914,9.5367431640625e-07,False
13,11,3.916666666666667,3.583333333333334,12,11,3.5,3.583333333333334,1.6808726787567139,4.034093659573811,3.6393016671354417e-06,False
13,11,3.916666666666667,3.583333333333334,13,12,3.916666666666667,4.0,2.1569314002990723,5.176634373353124,2.489163080099388e-06,False
13,11,3.916666666666667,3.583333333333334,13,10,3.916666666666667,3.166666666666667,0.892097532749176,2.1410348953380187,9.830249609876773e-07,False
14,11,4.333333333333334,3.583333333333334,15,11,4.75,3.583333333333334,1.7964988946914673,4.31159899200401,3.6393016671354417e-06,False
14,11,4.333333333333334,3.583333333333334,13,11,3.916666666666667,3.583333333333334,1.5540012121200562,3.7296021977229694,1.8157418253395008e-06,False
14,11,4.333333333333334,3.583333333333334,14,12,4.333333333333334,4.0,2.1794703006744385,5.230727723936515,3.0157830224197824e-06,False
14,11,4.333333333333334,3.583333333333334,14,10,4.333333333333334,3.166666666666667,0.9445129632949829,2.2668319766357334,9.5367431640625e-07,False
15,11,4.75,3.583333333333334,16,11,5.166666666666667,3.583333333333334,2.037712574005127,4.8905120431945965,1.0662403155947686e-06,False
15,11,4.75,3.583333333333334,14,11,4.333333333333334,3.583333333333334,1.524661660194397,3.659189380336525,1.430511474609375e-06,False
15,11,4.75,3.583333333333334,15,12,4.75,4.0,2.2732274532318115,5.4557448471556,9.5367431640625e-07,False
15,11,4.75,3.583333333333334,15,10,4.75,3.166666666666667,1.1442359685897827,2.746167372195195,8.596304041930125e-07,False
16,11,5.166666666666667,3.583333333333334,17,11,5.583333333333334,3.583333333333334,2.323373317718506,5.576091708304055,4.376783181214705e-06,False
16,11,5.166666666666667,3.583333333333334,15,11,4.75,3.583333333333334,1.5984523296356201,3.836287054552862,2.1981106783641735e-06,False
16,11,5.166666666666667,3.583333333333334,16,12,5.166666666666667,4.0,2.4301705360412598,5.832408174055447,1.0662403155947686e-06,False
16,11,5.166666666666667,3.583333333333334,16,10,5.166666666666667,3.166666666666667,1.430866003036499,3.4340797172850483,4.76837158203125e-07,False
17,11,5.583333333333334,3.583333333333334,18,11,6.0,3.583333333333334,2.639082431793213,6.333800252456761,3.207593863407965e-06,False
17,11,5.583333333333334,3.583333333333334,16,11,5.166666666666667,3.583333333333334,1.7624952793121338,4.22998544312634,2.1457672119140625e-06,False
17,11,5.583333333333334,3.583333333333334,17,12,5.583333333333334,4.0,2.639082193374634,6.333796056023396,1.430511474609375e-06,False
17,11,5.583333333333334,3.583333333333334,17,10,5.583333333333334,3.166666666666667,1.7624962329864502,4.22999257278159,5.331201577973843e-07,False
18,11,6.0,3.583333333333334,19,11,6.416666666666667,3.583333333333334,2.975294828414917,7.140710312160611,3.0157830224197824e-06,False
18,11,6.0,3.583333333333334,17,11,5.583333333333334,3.583333333333334,1.9946562051773071,4.7871767185885306,2.6973982585332124e-06,False
18,11,6.0,3.583333333333334,18,12,6.0,4.0,2.8887195587158203,6.9329256185673485,1.0662403155947686e-06,False
18,11,6.0,3.583333333333334,18,10,6.0,3.166666666666667,2.1180968284606934,5.083434327481967,2.5678466499812203e-06,False
19,11,6.416666666666667,3.583333333333334,20,11,6.833333333333334,3.583333333333334,3.325793743133545,7.981898893814931,3.0994415283203125e-06,False
19,11,6.416666666666667,3.583333333333334,18,11,6.0,3.583333333333334,2.274163007736206,5.457993300626106,1.599360416548734e-06,False
19,11,6.416666666666667,3.583333333333334,19,12,6.416666666666667,4.0,3.1694700717926025,7.606726721434264,2.6973982585332124e-06,False
19,11,6.416666666666667,3.583333333333334,19,10,6.416666666666667,3.166666666666667,2.4874041080474854,5.96977213660131,3.932099843950709e-06,False
20,11,6.833333333333334,3.583333333333334,21,11,7.25,3.583333333333334,3.6865084171295166,8.847623576211387,3.4136346585000865e-06,False
20,11,6.833333333333334,3.583333333333334,19,11,6.416666666666667,3.583333333333334,2.5857107639312744,6.205701098860856,3.471426907708519e-06,False
20,11,6.833333333333334,3.583333333333334,20,12,6.833333333333334,4.0,3.4738028049468994,8.337125141692134,1.922192041092785e-06,False
20,11,6.833333333333334,3.583333333333334,20,10,6.833333333333334,3.166666666666667,2.8651254177093506,6.8763036256041055,6.743495646333031e-07,False
21,11,7.25,3.583333333333334,22,11,7.666666666666668,3.583333333333334,4.054713726043701,9.731316654707586,3.84438408218557e-06,False
21,11,7.25,3.583333333333334,20,11,6.833333333333334,3.583333333333334,2.919058084487915,7.00574207524951,1.9660499219753547e-06,False
21,11,7.25,3.583333333333334,21,12,7.25,4.0,3.796048402786255,9.110514428994287,3.43852161677205e-06,False
21,11,7.25,3.583333333333334,21,10,7.25,3.166666666666667,3.2483255863189697,7.795984381097558,3.881173142872285e-06,False
22,11,7.666666666666668,3.583333333333334,23,11,8.083333333333334,3.583333333333334,4.428541660308838,10.628504039193741,6.713928087265231e-06,False
22,11,7.666666666666668,3.583333333333334,21,11,7.25,3.583333333333334,3.267540216445923,7.842099510993771,3.4136346585000865e-06,False
22,11,7.666666666666668,3.583333333333334,22,12,7.666666666666668,4.0,4.13201904296875,9.916843811637152,5.560828867601231e-06,False
22,11,7.666666666666668,3.583333333333334,22,10,7.666666666666668,3.166666666666667,3.6352741718292236,8.724661340584312,6.217195732460823e-06,False
23,11,8.083333333333334,3.583333333333334,24,11,8.5,3.583333333333334,4.806677341461182,11.536016818224473,2.384185791015625e-06,False
23,11,8.083333333333334,3.583333333333334,22,11,7.666666666666668,3.583333333333334,3.6267929077148438,8.704306298944969,2.384185791015625e-06,False
23,11,8.083333333333334,3.583333333333334,23,12,8.083333333333334,4.0,4.478623390197754,10.748694086323912,3.053247610296239e-06,False
23,11,8.083333333333334,3.583333333333334,23,10,8.083333333333334,3.166666666666667,4.024885177612305,9.659728111163373,1.1920928955078125e-06,False
24,11,8.5,3.583333333333334,23,11,8.083333333333334,3.583333333333334,3.9939188957214355,9.585398036653109,5.766576123278355e-06,False
24,11,8.5,3.583333333333334,24,12,8.5,4.0,4.833581924438477,11.600594406014556,5.560828867601231e-06,False
24,11,8.5,3.583333333333334,24,10,8.5,3.166666666666667,4.416463851928711,10.599517288023868,5.727010830014478e-06,False
0,12,-1.5,4.0,1,12,-1.0833333333333333,4.0,3.886134624481201,9.326723988220595,0.17156250774860382,False
0,12,-1.5,4.0,0,13,-1.5,4.416666666666667,4.989284992218018,11.97428854915182,3.160640239715576,False
0,12,-1.5,4.0,0,11,-1.5,3.583333333333334,3.493668794631958,8.38480350784235,0.0008613859536126256,False
1,12,-1.0833333333333333,4.0,2,12,-0.6666666666666666,4.0,1.3587253093719482,3.2609405869989114,1.9618797302246094,False
1,12,-1.0833333333333333,4.0,0,12,-1.5,4.0,4.162596225738525,9.990231894515219,0.10361681133508682,False
1,12,-1.0833333333333333,4.0,1,13,-1.0833333333333333,4.416666666666667,3.1753647327423096,7.620878265715891,2.35369873046875,False
1,12,-1.0833333333333333,4.0,1,11,-1.0833333333333333,3.583333333333334,2.3888723850250244,5.733292630521272,0.8286406993865967,False
2,12,-0.6666666666666666,4.0,3,12,-0.25,4.0,2.3636858463287354,5.6728457606866,0.9476873278617859,False
2,12,-0.6666666666666666,4.0,1,12,-1.0833333333333333,4.0,3.0139074325561523,7.233377493220448,0.7303432822227478,False
2,12,-0.6666666666666666,4.0,2,13,-0.6666666666666666,4.416666666666667,4.304512023925781,10.330832798321838,2.285952091217041,False
2,12,-0.6666666666666666,4.0,2,11,-0.6666666666666666,3.583333333333334,2.9503204822540283,7.080767806860388,0.1750490516424179,False
3,12,-0.25,4.0,4,12,0.16666666666666674,4.0,3.0175931453704834,7.242223203553047,0.5290531516075134,False
3,12,-0.25,4.0,2,12,-0.6666666666666666,4.0,3.6782784461975098,8.82786784992848,1.7094762325286865,False
3,12,-0.25,4.0,3,13,-0.25,4.416666666666667,3.7263436317443848,8.943228127757312,3.010383129119873,False
3,12,-0.25,4.0,3,11,-0.25,3.583333333333334,1.612142562866211,3.869141412898748,2.271650552749634,False
4,12,0.16666666666666674,4.0,5,12,0.5833333333333335,4.0,0.7658642530441284,1.8380743825983412,1.9414236545562744,False
4,12,0.16666666666666674,4.0,3,12,-0.25,4.0,1.4864424467086792,3.567461701991,1.6925361156463623,False
4,12,0.16666666666666674,4.0,4,13,0.16666666666666674,4.416666666666667,3.274016857147217,7.85764345460642,2.8980600833892822,False
4,12,0.16666666666666674,4.0,4,11,0.16666666666666674,3.583333333333334,1.6939611434936523,4.06550596895104,2.2662558555603027,False
5,12,0.5833333333333335,4.0,6,12,1.0,4.0,0.7601672410964966,1.824401291637359,1.260607123374939,False
5,12,0.5833333333333335,4.0,4,12,0.16666666666666674,4.0,0.8796557784080505,2.11117406951657,1.3596404790878296,False
5,12,0.5833333333333335,4.0,5,13,0.5833333333333335,4.416666666666667,0.48074397444725037,1.1537859788078226,0.602580726146698,False
5,12,0.5833333333333335,4.0,5,11,0.5833333333333335,3.583333333333334,0.8218673467636108,1.9724812560117233,2.026474714279175,False
6,12,1.0,4.0,7,12,1.416666666666667,4.0,1.0397192239761353,2.4953263755155923,1.3675990104675293,False
6,12,1.0,4.0,5,12,0.5833333333333335,4.0,0.698320746421814,1.67596971149589,1.5908972024917603,False
6,12,1.0,4.0,6,13,1.0,4.416666666666667,0.21686413884162903,0.5204741317650344,0.5739384889602661,False
6,12,1.0,4.0,6,11,1.0,3.583333333333334,0.4372420310974121,1.0493806744803096,1.5008364915847778,False
7,12,1.416666666666667,4.0,8,12,1.8333333333333335,4.0,0.2782004773616791,0.667681018317982,0.72230064868927,False
7,12,1.416666666666667,4.0,6,12,1.0,4.0,0.06206192076206207,0.1489486240337967,0.94357830286026,False
7,12,1.416666666666667,4.0,7,13,1.416666666666667,4.416666666666667,0.43890154361724854,1.0533641065079142,2.809767246246338,False
7,12,1.416666666666667,4.0,7,11,1.416666666666667,3.583333333333334,0.16894996166229248,0.4054798306503619,1.1869045495986938,False
8,12,1.8333333333333335,4.0,9,12,2.25,4.0,0.9793694615364075,2.35048693184728,1.784367322921753,False
8,12,1.8333333333333335,4.0,7,12,1.416666666666667,4.0,1.3226290941238403,3.1743092204457817,1.4840960502624512,False
8,12,1.8333333333333335,4.0,8,13,1.8333333333333335,4.416666666666667,1.0020501613616943,2.404921304672739,1.17722749710083,False
8,12,1.8333333333333335,4.0,8,11,1.8333333333333335,3.583333333333334,0.9878921508789062,2.370940709888323,1.4342466592788696,False
9,12,2.25,4.0,10,12,2.666666666666667,4.0,2.4933207035064697,5.983968547064105,2.3933000564575195,False
9,12,2.25,4.0,8,12,1.8333333333333335,4.0,1.2871896028518677,3.08925534145883,1.1465904712677002,False
9,12,2.25,4.0,9,13,2.25,4.416666666666667,1.1186624765396118,2.6847909678615447,1.240086555480957,False
9,12,2.25,4.0,9,11,2.25,3.583333333333334,2.315195322036743,5.556467713076074,2.3930857181549072,False
10,12,2.666666666666667,4.0,11,12,3.083333333333334,4.0,1.991105079650879,4.7786540140739495,0.0004850259574595839,False
10,12,2.666666666666667,4.0,9,12,2.25,4.0,2.640038013458252,6.33609002378654,0.37205028533935547,False
10,12,2.666666666666667,4.0,10,13,2.666666666666667,4.416666666666667,2.7941529750823975,6.705969698322181,0.7548683881759644,False
10,12,2.666666666666667,4.0,10,11,2.666666666666667,3.583333333333334,1.7786957025527954,4.268868871904588,0.00019882022752426565,False
11,12,3.083333333333334,4.0,12,12,3.5,4.0,1.9314649105072021,4.635514901062984,6.758483505109325e-05,False
11,12,3.083333333333334,4.0,10,12,2.666666666666667,4.0,2.3922524452209473,5.741408058703636,0.00033664170769043267,False
11,12,3.083333333333334,4.0,11,13,3.083333333333334,4.416666666666667,2.6259167194366455,6.302202530747425,0.0013253702782094479,False
11,12,3.083333333333334,4.0,11,11,3.083333333333334,3.583333333333334,1.5541495084762573,3.7299581089099676,3.724217094713822e-05,False
12,12,3.5,4.0,13,12,3.916666666666667,4.0,1.92741858959198,4.625803732718709,5.766576123278355e-06,False
12,12,3.5,4.0,11,12,3.083333333333334,4.0,2.210820436477661,5.305968035513299,0.00017514356295578182,False
12,12,3.5,4.0,12,13,3.5,4.416666666666667,2.586160659790039,6.206787951197796,0.00039240691694431007,False
12,12,3.5,4.0,12,11,3.5,3.583333333333334,1.374280571937561,3.298272743554546,2.0370491711219074e-06,False
13,12,3.916666666666667,4.0,14,12,4.333333333333334,4.0,2.0005879402160645,4.801410140722248,1.719260808386025e-06,False
13,12,3.916666666666667,4.0,12,12,3.5,4.0,2.0484354496002197,4.916244141341373,1.0185246537730563e-05,False
13,12,3.916666666666667,4.0,13,13,3.916666666666667,4.416666666666667,2.554523229598999,6.130858089774357,1.6689300537109375e-05,False
13,12,3.916666666666667,4.0,13,11,3.916666666666667,3.583333333333334,1.2912547588348389,3.099010830114206,1.450243644285365e-06,False
14,12,4.333333333333334,4.0,15,12,4.75,4.0,2.1464273929595947,5.151427708216747,4.76837158203125e-07,False
14,12,4.333333333333334,4.0,13,12,3.916666666666667,4.0,1.9475566148757935,4.674134984181407,2.431401981084491e-06,False
14,12,4.333333333333334,4.0,14,13,4.333333333333334,4.416666666666667,2.5758070945739746,6.181939385200266,1.9073486328125e-06,False
14,12,4.333333333333334,4.0,14,11,4.333333333333334,3.583333333333334,1.3282357454299927,3.1877651810140266,9.830249609876773e-07,False
15,12,4.75,4.0,16,12,5.166666666666667,4.0,2.352057456970215,5.644940050102253,4.76837158203125e-07,False
15,12,4.75,4.0,14,12,4.333333333333334,4.0,1.9246177673339844,4.619084403642427,1.450243644285365e-06,False
15,12,4.75,4.0,15,13,4.75,4.416666666666667,2.65604829788208,6.374518346602763,1.9660499219753547e-06,False
15,12,4.75,4.0,15,11,4.75,3.583333333333334,1.4769911766052246,3.5447781477397635,4.76837158203125e-07,False
16,12,5.166666666666667,4.0,17,12,5.583333333333334,4.0,2.6034579277038574,6.248294259419053,4.1019084164872766e-06,False
16,12,5.166666666666667,4.0,15,12,4.75,4.0,1.9836609363555908,4.760788063349938,1.430511474609375e-06,False
16,12,5.166666666666667,4.0,16,13,5.166666666666667,4.416666666666667,2.791635274887085,6.699927215548406,1.0662403155947686e-06,False
16,12,5.166666666666667,4.0,16,11,5.166666666666667,3.583333333333334,1.7086923122406006,4.100860767200324,1.0662403155947686e-06,False
17,12,5.583333333333334,4.0,18,12,6.0,4.0,2.888718605041504,6.9329272968014894,2.5678466499812203e-06,False
17,12,5.583333333333334,4.0,16,12,5.166666666666667,4.0,2.1180922985076904,5.0834176380785845,1.719260808386025e-06,False
17,12,5.583333333333334,4.0,17,13,5.583333333333334,4.416666666666667,2.975290060043335,7.140698868064448,2.7804144338006154e-06,False
17,12,5.583333333333334,4.0,17,11,5.583333333333334,3.583333333333334,1.994655966758728,4.787173407140082,2.384185791015625e-06,False
18,12,6.0,4.0,19,12,6.416666666666667,4.0,3.198798894882202,7.677120276306257,4.2649612623790745e-06,False
18,12,6.0,4.0,17,12,5.583333333333334,4.0,2.314862012863159,5.55567095019186,3.053247610296239e-06,False
18,12,6.0,4.0,18,13,6.0,4.416666666666667,3.1987974643707275,7.677116843077409,2.5678466499812203e-06,False
18,12,6.0,4.0,18,11,6.0,3.583333333333334,2.3148629665374756,5.555670060029972,3.6314836506790016e-06,False
19,12,6.416666666666667,4.0,20,12,6.833333333333334,4.0,3.5271573066711426,8.46517107759775,3.7242173220874975e-06,False
19,12,6.416666666666667,4.0,18,12,6.0,4.0,2.5596392154693604,6.14313646054705,3.198720833097468e-06,False
19,12,6.416666666666667,4.0,19,13,6.416666666666667,4.416666666666667,3.454440116882324,8.290659443153169,3.84438408218557e-06,False
19,12,6.416666666666667,4.0,19,11,6.416666666666667,3.583333333333334,2.656959056854248,6.376700520191093,3.053247610296239e-06,False
20,12,6.833333333333334,4.0,21,12,7.25,4.0,3.869142770767212,9.285946192148664,1.5078915112098912e-06,False
20,12,6.833333333333334,4.0,19,12,6.416666666666667,4.0,2.8400392532348633,6.816089007500452,1.9660499219753547e-06,False
20,12,6.833333333333334,4.0,20,13,6.833333333333334,4.416666666666667,3.7356252670288086,8.965504060937523,2.1324806311895372e-06,False
20,12,6.833333333333334,4.0,20,11,6.833333333333334,3.583333333333334,3.013500928878784,7.232400849838095,9.830249609876773e-07,False
21,12,7.25,4.0,22,12,7.666666666666668,4.0,4.2214484214782715,10.131480076400786,1.9660499219753547e-06,False
21,12,7.25,4.0,20,12,6.833333333333334,4.0,3.1465582847595215,7.551742764184099,3.43852161677205e-06,False
21,12,7.25,4.0,21,13,7.25,4.416666666666667,4.037026882171631,9.688868213221822,2.1324806311895372e-06,False
21,12,7.25,4.0,21,11,7.25,3.583333333333334,3.3799214363098145,8.111809899938603,3.84438408218557e-06,False
22,12,7.666666666666668,4.0,23,12,8.083333333333334,4.0,4.581691741943359,10.996064375329732,9.830249609876773e-07,False
22,12,7.666666666666668,4.0,21,12,7.25,4.0,3.4722814559936523,8.333478673354596,3.3463641102571273e-06,False
22,12,7.666666666666668,4.0,22,13,7.666666666666668,4.416666666666667,4.354443550109863,10.45066850687733,1.9660499219753547e-06,False
22,12,7.666666666666668,4.0,22,11,7.666666666666668,3.583333333333334,3.753326654434204,9.007982252505826,5.245208740234375e-06,False
23,12,8.083333333333334,4.0,24,12,8.5,4.0,4.948139190673828,11.87552499731064,1.3486991292666062e-06,False
23,12,8.083333333333334,4.0,22,12,7.666666666666668,4.0,3.812290668487549,9.149501094627798,2.1324806311895372e-06,False
23,12,8.083333333333334,4.0,23,13,8.083333333333334,4.416666666666667,4.684621334075928,11.243095490682789,4.046097274112981e-06,False
23,12,8.083333333333334,4.0,23,11,8.083333333333334,3.583333333333334,4.13182258605957,9.91637231514505,2.90048728857073e-06,False
24,12,8.5,4.0,23,12,8.083333333333334,4.0,4.163087844848633,9.991403204801022,9.5367431640625e-07,False
24,12,8.5,4.0,24,13,8.5,4.416666666666667,5.025047302246094,12.060118125960589,2.384185791015625e-06,False
24,12,8.5,4.0,24,11,8.5,3.583333333333334,4.51413106918335,10.83391249963522,2.9490749966498697e-06,False
0,13,-1.5,4.416666666666667,1,13,-1.0833333333333333,4.416666666666667,1.5057319402694702,3.6137570012814524,1.0650924444198608,False
0,13,-1.5,4.416666666666667,0,14,-1.5,4.833333333333334,2.908564567565918,6.980549636421481,2.0031116008758545,False
0,13,-1.5,4.416666666666667,0,12,-1.5,4.0,2.034409761428833,4.8825852899876745,1.6515018939971924,False
1,13,-1.0833333333333333,4.416666666666667,2,13,-0.6666666666666666,4.416666666666667,1.1062729358673096,2.655054919478659,0.9363777041435242,False
1,13,-1.0833333333333333,4.416666666666667,0,13,-1.5,4.416666666666667,2.4837429523468018,5.960983654116025,2.7244908809661865,False
1,13,-1.0833333333333333,4.416666666666667,1,14,-1.0833333333333333,4.833333333333334,1.9444917440414429,4.666776625231456,3.1251938343048096,False
1,13,-1.0833333333333333,4.416666666666667,1,12,-1.0833333333333333,4.0,1.662137508392334,3.98913154187452,1.8873984813690186,False
2,13,-0.6666666666666666,4.416666666666667,3,13,-0.25,4.416666666666667,1.5711032152175903,3.770647536723731,3.3085622787475586,False
2,13,-0.6666666666666666,4.416666666666667,1,13,-1.0833333333333333,4.416666666666667,2.5740277767181396,6.177666369549447,3.4016597270965576,False
2,13,-0.6666666666666666,4.416666666666667,2,14,-0.6666666666666666,4.833333333333334,1.4496729373931885,3.4792123953152503,0.5918105840682983,False
2,13,-0.6666666666666666,4.416666666666667,2,12,-0.6666666666666666,4.0,1.2746753692626953,3.059222053231069,1.3229553699493408,False
3,13,-0.25,4.416666666666667,4,13,0.16666666666666674,4.416666666666667,1.4777965545654297,3.546711561836645,3.03188419342041,False
3,13,-0.25,4.416666666666667,2,13,-0.6666666666666666,4.416666666666667,1.6193737983703613,3.886496930766252,0.9725344777107239,False
3,13,-0.25,4.416666666666667,3,14,-0.25,4.833333333333334,1.439571499824524,3.4549689636467256,0.033410049974918365,False
3,13,-0.25,4.416666666666667,3,12,-0.25,4.0,2.3027310371398926,5.526556597349776,3.389648914337158,False
4,13,0.16666666666666674,4.416666666666667,5,13,0.5833333333333335,4.416666666666667,0.5553812980651855,1.3329152424731485,0.6440257430076599,False
4,13,0.16666666666666674,4.416666666666667,3,13,-0.25,4.416666666666667,1.6966826915740967,4.072038265607916,2.658538579940796,False
4,13,0.16666666666666674,4.416666666666667,4,14,0.16666666666666674,4.833333333333334,1.1472768783569336,2.7534624073315372,0.00048332096775993705,False
4,13,0.16666666666666674,4.416666666666667,4,12,0.16666666666666674,4.0,0.45184943079948425,1.0844390475994292,1.4000053405761719,False
5,13,0.5833333333333335,4.416666666666667,6,13,1.0,4.416666666666667,1.0013134479522705,2.4031521604942245,0.5921832919120789,False
5,13,0.5833333333333335,4.416666666666667,4,13,0.16666666666666674,4.416666666666667,1.7810667753219604,4.274560668426577,0.1821470409631729,False
5,13,0.5833333333333335,4.416666666666667,5,14,0.5833333333333335,4.833333333333334,0.9441580772399902,2.2659776565722223,0.0006759659154340625,False
5,13,0.5833333333333335,4.416666666666667,5,12,0.5833333333333335,4.0,0.8730506896972656,2.095322454575521,0.9600103497505188,False
6,13,1.0,4.416666666666667,7,13,1.416666666666667,4.416666666666667,1.5558782815933228,3.734108231936286,0.004039460327476263,False
6,13,1.0,4.416666666666667,5,13,0.5833333333333335,4.416666666666667,1.539177417755127,3.6940256264674365,2.422517776489258,False
6,13,1.0,4.416666666666667,6,14,1.0,4.833333333333334,0.8656988739967346,2.0776757124513914,0.0002246859803562984,False
6,13,1.0,4.416666666666667,6,12,1.0,4.0,0.8425986170768738,2.022237452406865,1.0074948072433472,False
7,13,1.416666666666667,4.416666666666667,8,13,1.8333333333333335,4.416666666666667,1.7300398349761963,4.152094811993635,0.600584864616394,False
7,13,1.416666666666667,4.416666666666667,6,13,1.0,4.416666666666667,1.4516254663467407,3.4839014514829114,0.003971580881625414,False
7,13,1.416666666666667,4.416666666666667,7,14,1.416666666666667,4.833333333333334,0.9392655491828918,2.254235598193666,0.0005627691280096769,False
7,13,1.416666666666667,4.416666666666667,7,12,1.416666666666667,4.0,1.040745496749878,2.4977901450310305,0.9442277550697327,False
8,13,1.8333333333333335,4.416666666666667,9,13,2.25,4.416666666666667,0.6632683277130127,1.5918441383213175,0.9584800601005554,False
8,13,1.8333333333333335,4.416666666666667,7,13,1.416666666666667,4.416666666666667,1.093410849571228,2.624185538447277,1.8649582862854004,False
8,13,1.8333333333333335,4.416666666666667,8,14,1.8333333333333335,4.833333333333334,1.0785061120986938,2.5884126942347,0.061871618032455444,False
8,13,1.8333333333333335,4.416666666666667,8,12,1.8333333333333335,4.0,0.8832629323005676,2.119831846173037,0.9568828344345093,False
9,13,2.25,4.416666666666667,10,13,2.666666666666667,4.416666666666667,0.6430222392082214,1.5432530797475663,1.457650065422058,False
9,13,2.25,4.416666666666667,8,13,1.8333333333333335,4.416666666666667,0.4370914101600647,1.0490194844264493,0.38225263357162476,False
9,13,2.25,4.416666666666667,9,14,2.25,4.833333333333334,0.4930720329284668,1.183371976187152,1.9598835706710815,False
9,13,2.25,4.416666666666667,9,12,2.25,4.0,0.39518511295318604,0.9484446328905612,1.3111003637313843,False
10,13,2.666666666666667,4.416666666666667,11,13,3.083333333333334,4.416666666666667,1.1589194536209106,2.7814077497130394,0.8896867036819458,False
10,13,2.666666666666667,4.416666666666667,9,13,2.25,4.416666666666667,2.2209808826446533,5.330353101662998,1.787335991859436,False
10,13,2.666666666666667,4.416666666666667,10,14,2.666666666666667,4.833333333333334,2.364436149597168,5.674642429624611,1.7075966596603394,False
10,13,2.666666666666667,4.416666666666667,10,12,2.666666666666667,4.0,0.5727770328521729,1.3746654032384504,0.9673324823379517,False
11,13,3.083333333333334,4.416666666666667,12,13,3.5,4.416666666666667,2.272334098815918,5.453600796966401,0.004167606122791767,False
11,13,3.083333333333334,4.416666666666667,10,13,2.666666666666667,4.416666666666667,1.2653964757919312,3.036952700406151,0.9979993104934692,False
11,13,3.083333333333334,4.416666666666667,11,14,3.083333333333334,4.833333333333334,1.7806363105773926,4.273523884945766,1.1203968524932861,False
11,13,3.083333333333334,4.416666666666667,11,12,3.083333333333334,4.0,1.8467072248458862,4.432099030341732,0.0008789070998318493,False
12,13,3.5,4.416666666666667,13,13,3.916666666666667,4.416666666666667,2.3178293704986572,5.562789428178896,0.00020266982028260827,False
12,13,3.5,4.416666666666667,11,13,3.083333333333334,4.416666666666667,2.4855234622955322,5.965255171727148,0.006566333584487438,False
12,13,3.5,4.416666666666667,12,14,3.5,4.833333333333334,2.960735321044922,7.105759349243661,1.5113102197647095,False
12,13,3.5,4.416666666666667,12,12,3.5,4.0,1.7460169792175293,4.1904423486489675,0.00011296336742816493,False
13,13,3.916666666666667,4.416666666666667,14,13,4.333333333333334,4.416666666666667,2.3863413333892822,5.727218107754115,7.820711289241444e-06,False
13,13,3.916666666666667,4.416666666666667,12,13,3.5,4.416666666666667,2.4128503799438477,5.790839807350196,0.0005149371572770178,False
13,13,3.916666666666667,4.416666666666667,13,14,3.916666666666667,4.833333333333334,2.934706926345825,7.043291249625207,0.00012354983482509851,False
13,13,3.916666666666667,4.416666666666667,13,12,3.916666666666667,4.0,1.689384937286377,4.054525396165999,4.046097274112981e-06,False
14,13,4.333333333333334,4.416666666666667,15,13,4.75,4.416666666666667,2.511239528656006,6.0269771678837465,3.43852161677205e-06,False
14,13,4.333333333333334,4.416666666666667,13,13,3.916666666666667,4.416666666666667,2.340549945831299,5.6173187985765844,2.130480424966663e-05,False
14,13,4.333333333333334,4.416666666666667,14,14,4.333333333333334,4.833333333333334,2.9696853160858154,7.127239320953887,4.7216512029990554e-05,False
14,13,4.333333333333334,4.416666666666667,14,12,4.333333333333334,4.0,1.7193408012390137,4.12641949707775,2.384185791015625e-06,False
15,13,4.75,4.416666666666667,16,13,5.166666666666667,4.416666666666667,2.6893696784973145,6.454489690585972,3.3717478800099343e-06,False
15,13,4.75,4.416666666666667,14,13,4.333333333333334,4.416666666666667,2.3241820335388184,5.578039008346179,1.3486991292666062e-06,False
15,13,4.75,4.416666666666667,15,14,4.75,4.833333333333334,3.042724847793579,7.302534063313245,4.978326160198776e-06,False
15,13,4.75,4.416666666666667,15,12,4.75,4.0,1.836965799331665,4.408719600189056,2.5678466499812203e-06,False
16,13,5.166666666666667,4.416666666666667,17,13,5.583333333333334,4.416666666666667,2.911835193634033,6.988399132996267,2.90048728857073e-06,False
16,13,5.166666666666667,4.416666666666667,15,13,4.75,4.416666666666667,2.373842716217041,5.697224692239644,1.719260808386025e-06,False
16,13,5.166666666666667,4.416666666666667,16,14,5.166666666666667,4.833333333333334,3.1623988151550293,7.589751365851314,1.5078915112098912e-06,False
16,13,5.166666666666667,4.416666666666667,16,12,5.166666666666667,4.0,2.0279929637908936,4.867184969781864,1.3486991292666062e-06,False
17,13,5.583333333333334,4.416666666666667,18,13,6.0,4.416666666666667,3.1694674491882324,7.60672477978698,2.431401981084491e-06,False
17,13,5.583333333333334,4.416666666666667,16,13,5.166666666666667,4.416666666666667,2.487374782562256,5.969694923633634,9.5367431640625e-07,False
17,13,5.583333333333334,4.416666666666667,17,14,5.583333333333334,4.833333333333334,3.3257601261138916,7.981818213029317,1.5078915112098912e-06,False
17,13,5.583333333333334,4.416666666666667,17,12,5.583333333333334,4.0,2.2741613388061523,5.45798929519245,2.0230486370564904e-06,False
18,13,6.0,4.416666666666667,19,13,6.416666666666667,4.416666666666667,3.4544384479522705,8.290655437719511,1.3486991292666062e-06,False
18,13,6.0,4.416666666666667,17,13,5.583333333333334,4.416666666666667,2.6569535732269287,6.376691008259204,2.431401981084491e-06,False
18,13,6.0,4.416666666666667,18,14,6.0,4.833333333333334,3.527150869369507,8.465155628085611,3.198720833097468e-06,False
18,13,6.0,4.416666666666667,18,12,6.0,4.0,2.559638500213623,6.1431347439326265,6.743495646333031e-07,False
19,13,6.416666666666667,4.416666666666667,20,13,6.833333333333334,4.416666666666667,3.7605416774749756,9.02529314018773,4.76837158203125e-07,False
19,13,6.416666666666667,4.416666666666667,18,13,6.0,4.416666666666667,2.8727309703826904,6.894556958983215,1.3486991292666062e-06,False
19,13,6.416666666666667,4.416666666666667,19,14,6.416666666666667,4.833333333333334,3.76054048538208,9.025290279166962,1.430511474609375e-06,False
19,13,6.416666666666667,4.416666666666667,19,12,6.416666666666667,4.0,2.872732400894165,6.894560392212064,1.5078915112098912e-06,False
20,13,6.833333333333334,4.416666666666667,21,13,7.25,4.416666666666667,4.083026885986328,9.799268264491372,5.0688486226135865e-06,False
20,13,6.833333333333334,4.416666666666667,19,13,6.416666666666667,4.416666666666667,3.1251676082611084,7.5003965374782275,2.6973982585332124e-06,False
20,13,6.833333333333334,4.416666666666667,20,14,6.833333333333334,4.833333333333334,4.0203776359558105,9.648898964768247,2.1324806311895372e-06,False
20,13,6.833333333333334,4.416666666666667,20,12,6.833333333333334,4.0,3.2053632736206055,7.692874791288296,5.331201577973843e-07,False
21,13,7.25,4.416666666666667,22,13,7.666666666666668,4.416666666666667,4.418311595916748,10.603951875286818,3.471426907708519e-06,False
21,13,7.25,4.416666666666667,20,13,6.833333333333334,4.416666666666667,3.4061241149902344,8.174700994377515,2.0230486370564904e-06,False
21,13,7.25,4.416666666666667,21,14,7.25,4.833333333333334,4.30187463760376,10.324491253287313,2.7804144338006154e-06,False
21,13,7.25,4.416666666666667,21,12,7.25,4.0,3.552046775817871,8.52491551396008,2.7804144338006154e-06,False
22,13,7.666666666666668,4.416666666666667,23,13,8.083333333333334,4.416666666666667,4.763689041137695,11.432858060019706,1.0662403155947686e-06,False
22,13,7.666666666666668,4.416666666666667,21,13,7.25,4.416666666666667,3.7091212272644043,8.901894341237771,1.719260808386025e-06,False
22,13,7.666666666666668,4.416666666666667,22,14,7.666666666666668,4.833333333333334,4.601053714752197,11.042520490630729,4.76837158203125e-07,False
22,13,7.666666666666668,4.416666666666667,22,12,7.666666666666668,4.0,3.909043073654175,9.381706955607207,1.450243644285365e-06,False
23,13,8.083333333333334,4.416666666666667,24,13,8.5,4.416666666666667,5.117118835449219,12.281075835360843,1.0662403155947686e-06,False
23,13,8.083333333333334,4.416666666666667,22,13,7.666666666666668,4.416666666666667,4.029192924499512,9.670066707636531,3.053247610296239e-06,False
23,13,8.083333333333334,4.416666666666667,23,14,8.083333333333334,4.833333333333334,4.91469144821167,11.795250476646059,1.3486991292666062e-06,False
23,13,8.083333333333334,4.416666666666667,23,12,8.083333333333334,4.0,4.273769855499268,10.257051565952898,1.430511474609375e-06,False
24,13,8.5,4.416666666666667,23,13,8.083333333333334,4.416666666666667,4.362582683563232,10.47019045243038,2.5678466499812203e-06,False
24,13,8.5,4.416666666666667,24,14,8.5,4.833333333333334,5.240191459655762,12.576449908104014,2.1324806311895372e-06,False
24,13,8.5,4.416666666666667,24,12,8.5,4.0,4.644407749176025,11.146582850106373,1.719260808386025e-06,False
0,14,-1.5,4.833333333333334,1,14,-1.0833333333333333,4.833333333333334,2.059666395187378,4.943199819869978,0.0006412642542272806,False
0,14,-1.5,4.833333333333334,0,15,-1.5,5.25,2.4460599422454834,5.870546100824776,0.00016213729395531118,False
0,14,-1.5,4.833333333333334,0,13,-1.5,4.416666666666667,2.2814619541168213,5.475504512401953,0.8725080490112305,False
1,14,-1.0833333333333333,4.833333333333334,2,14,-0.6666666666666666,4.833333333333334,1.7469502687454224,4.192680445066431,0.00019689196778926998,False
1,14,-1.0833333333333333,4.833333333333334,0,14,-1.5,4.833333333333334,2.8341968059539795,6.802072982985781,0.0008876866195350885,False
1,14,-1.0833333333333333,4.833333333333334,1,15,-1.0833333333333333,5.25,2.057213068008423,4.937313246655749,4.615047146216966e-05,False
1,14,-1.0833333333333333,4.833333333333334,1,13,-1.0833333333333333,4.416666666666667,1.932280421257019,4.637469472908422,0.8486878871917725,False
2,14,-0.6666666666666666,4.833333333333334,3,14,-0.25,4.833333333333334,1.4668351411819458,3.5204041709707177,0.0003998116299044341,False
2,14,-0.6666666666666666,4.833333333333334,1,14,-1.0833333333333333,4.833333333333334,2.4817898273468018,5.956295301614031,0.0002825662668328732,False
2,14,-0.6666666666666666,4.833333333333334,2,15,-0.6666666666666666,5.25,1.6720423698425293,4.012903218423164,1.4514679605781566e-05,False
2,14,-0.6666666666666666,4.833333333333334,2,13,-0.6666666666666666,4.416666666666667,2.3787050247192383,5.708887703790509,2.496303081512451,False
3,14,-0.25,4.833333333333334,4,14,0.16666666666666674,4.833333333333334,1.246877908706665,2.9925068382021505,0.00012949598021805286,False
3,14,-0.25,4.833333333333334,2,14,-0.6666666666666666,4.833333333333334,2.138272523880005,5.131853812606153,0.0005522301653400064,False
3,14,-0.25,4.833333333333334,3,15,-0.25,5.25,1.2949234247207642,3.1078174048680896,4.35073070548242e-06,False
3,14,-0.25,4.833333333333334,3,13,-0.25,4.416666666666667,1.9960356950759888,4.790482013334645,0.8689752817153931,False
4,14,0.16666666666666674,4.833333333333334,5,14,0.5833333333333335,4.833333333333334,1.1271907091140747,2.705257959867283,4.428015381563455e-05,False
4,14,0.16666666666666674,4.833333333333334,3,14,-0.25,4.833333333333334,1.8123902082443237,4.3497362923747875,0.0001794590789359063,False
4,14,0.16666666666666674,4.833333333333334,4,15,0.16666666666666674,5.25,0.9364519715309143,2.2474855890219074,2.3316388251259923e-06,False
4,14,0.16666666666666674,4.833333333333334,4,13,0.16666666666666674,4.416666666666667,1.847590446472168,4.434213688496636,0.0013690668856725097,False
5,14,0.5833333333333335,4.833333333333334,6,14,1.0,4.833333333333334,1.1405779123306274,2.7373868590647286,2.0507115550572053e-05,False
5,14,0.5833333333333335,4.833333333333334,4,14,0.16666666666666674,4.833333333333334,1.5194976329803467,3.646794666938273,5.9060264902655035e-05,False
5,14,0.5833333333333335,4.833333333333334,5,15,0.5833333333333335,5.25,0.6299537420272827,1.5118895576055746,5.092622927804769e-07,False
5,14,0.5833333333333335,4.833333333333334,5,13,0.5833333333333335,4.416666666666667,1.750099778175354,4.200236263094892,0.0007794224075041711,False
6,14,1.0,4.833333333333334,7,14,1.416666666666667,4.833333333333334,1.2805663347244263,3.0733594964370248,3.51521885022521e-05,False
6,14,1.0,4.833333333333334,5,14,0.5833333333333335,4.833333333333334,1.2835971117019653,3.080632921188692,2.307377326360438e-05,False
6,14,1.0,4.833333333333334,6,15,1.0,5.25,0.4863542914390564,1.1672507447245577,4.172325134277344e-07,False
6,14,1.0,4.833333333333334,6,13,1.0,4.416666666666667,1.7191095352172852,4.125859736740313,0.00017223729810211807,False
7,14,1.416666666666667,4.833333333333334,8,14,1.8333333333333335,4.833333333333334,1.4999499320983887,3.5998791504136753,0.0005904431454837322,False
7,14,1.416666666666667,4.833333333333334,6,14,1.0,4.833333333333334,1.1399157047271729,2.735797952251239,1.781610626494512e-05,False
7,14,1.416666666666667,4.833333333333334,7,15,1.416666666666667,5.25,0.6273491978645325,1.5056386492304417,2.5788913262658753e-06,False
7,14,1.416666666666667,4.833333333333334,7,13,1.416666666666667,4.416666666666667,1.7494549751281738,4.198688736962328,0.00036753597669303417,False
8,14,1.8333333333333335,4.833333333333334,9,14,2.25,4.833333333333334,1.7016150951385498,4.0838766178013435,0.00977664440870285,False
8,14,1.8333333333333335,4.833333333333334,7,14,1.416666666666667,4.833333333333334,1.1155153512954712,2.677236332466825,0.0002071094640996307,False
8,14,1.8333333333333335,4.833333333333334,8,15,1.8333333333333335,5.25,0.9233178496360779,2.2159636844496475,8.571678336011246e-05,False
8,14,1.8333333333333335,4.833333333333334,8,13,1.8333333333333335,4.416666666666667,1.6215317249298096,3.8916731707205425,0.19382749497890472,False
9,14,2.25,4.833333333333334,10,14,2.666666666666667,4.833333333333334,1.4319748878479004,3.4367390753290032,1.4891411066055298,False
9,14,2.25,4.833333333333334,8,14,1.8333333333333335,4.833333333333334,1.1514259576797485,2.763422561971909,0.0064981612376868725,False
9,14,2.25,4.833333333333334,9,15,2.25,5.25,1.2265650033950806,2.943757131102421,0.0008319857297465205,False
9,14,2.25,4.833333333333334,9,13,2.25,4.416666666666667,1.092401385307312,2.6217613244923976,0.5404884219169617,False
10,14,2.666666666666667,4.833333333333334,11,14,3.083333333333334,4.833333333333334,1.8200340270996094,4.368083331330617,2.2274250984191895,False
10,14,2.666666666666667,4.833333333333334,9,14,2.25,4.833333333333334,0.9880548119544983,2.3713310963952834,2.4986188411712646,False
10,14,2.666666666666667,4.833333333333334,10,15,2.666666666666667,5.25,1.3642072677612305,3.274098691596486,2.564929962158203,False
10,14,2.666666666666667,4.833333333333334,10,13,2.666666666666667,4.416666666666667,0.45466411113739014,1.0911930342155196,0.7172939777374268,False
11,14,3.083333333333334,4.833333333333334,12,14,3.5,4.833333333333334,1.6528502702713013,3.9668398920364587,1.6969563961029053,False
11,14,3.083333333333334,4.833333333333334,10,14,2.666666666666667,4.833333333333334,0.8197486996650696,1.967397629698803,0.9664145112037659,False
11,14,3.083333333333334,4.833333333333334,11,15,3.083333333333334,5.25,1.5031641721725464,3.607595389402538,1.0937035083770752,False
11,14,3.083333333333334,4.833333333333334,11,13,3.083333333333334,4.416666666666667,1.8078603744506836,4.3388615883929535,2.113044023513794,False
12,14,3.5,4.833333333333334,13,14,3.916666666666667,4.833333333333334,2.666461229324341,6.399505729769568,0.06883888691663742,False
12,14,3.5,4.833333333333334,11,14,3.083333333333334,4.833333333333334,1.5380866527557373,3.69140726253371,1.0284199714660645,False
12,14,3.5,4.833333333333334,12,15,3.5,5.25,2.4946300983428955,5.987114519925888,1.7226930856704712,False
12,14,3.5,4.833333333333334,12,13,3.5,4.416666666666667,1.298681378364563,3.11683293012014,0.6519985198974609,False
13,14,3.916666666666667,4.833333333333334,14,14,4.333333333333334,4.833333333333334,2.7643706798553467,6.6344883662246,0.0006415474927052855,False
13,14,3.916666666666667,4.833333333333334,12,14,3.5,4.833333333333334,2.111435651779175,5.067444597731667,0.7641363143920898,False
13,14,3.916666666666667,4.833333333333334,13,15,3.916666666666667,5.25,2.877143621444702,6.9051473255719475,1.3489059209823608,False
13,14,3.916666666666667,4.833333333333334,13,13,3.916666666666667,4.416666666666667,2.0761826038360596,4.982834447605555,0.0003555354196578264,False
14,14,4.333333333333334,4.833333333333334,15,14,4.75,4.833333333333334,2.883296012878418,6.91991307064555,2.279361433465965e-05,False
14,14,4.333333333333334,4.833333333333334,13,14,3.916666666666667,4.833333333333334,2.7140862941741943,6.513805863608195,0.00019979989156126976,False
14,14,4.333333333333334,4.833333333333334,14,15,4.333333333333334,5.25,3.337880849838257,8.01091709553417,0.0007348067010752857,False
14,14,4.333333333333334,4.833333333333334,14,13,4.333333333333334,4.416666666666667,2.111649751663208,5.067955537448473,1.325744506175397e-05,False
15,14,4.75,4.833333333333334,16,14,5.166666666666667,4.833333333333334,3.041642665863037,7.299945182779382,2.431401981084491e-06,False
15,14,4.75,4.833333333333334,14,14,4.333333333333334,4.833333333333334,2.7197604179382324,6.527427493067739,6.0370297433109954e-05,False
15,14,4.75,4.833333333333334,15,15,4.75,5.25,3.4273345470428467,8.225606050722522,0.00013375685375649482,False
15,14,4.75,4.833333333333334,15,13,4.75,4.416666666666667,2.2105138301849365,5.305229144875225,2.7804144338006154e-06,False
16,14,5.166666666666667,4.833333333333334,17,14,5.583333333333334,4.833333333333334,3.2403690814971924,7.776879862304792,4.76837158203125e-06,False
16,14,5.166666666666667,4.833333333333334,15,14,4.75,4.833333333333334,2.7661306858062744,6.638716178404304,4.978326160198776e-06,False
16,14,5.166666666666667,4.833333333333334,16,15,5.166666666666667,5.25,3.5386111736297607,8.49267005640795,7.993246981641278e-06,False
16,14,5.166666666666667,4.833333333333334,16,13,5.166666666666667,4.416666666666667,2.3720099925994873,5.692819638962067,4.76837158203125e-07,False
17,14,5.583333333333334,4.833333333333334,18,14,6.0,4.833333333333334,3.473785638809204,8.337088713489042,1.9073486328125e-06,False
17,14,5.583333333333334,4.833333333333334,16,14,5.166666666666667,4.833333333333334,2.86491060256958,6.875780200363006,2.1324806311895372e-06,False
17,14,5.583333333333334,4.833333333333334,17,15,5.583333333333334,5.25,3.6862471103668213,8.846996439741684,3.0157830224197824e-06,False
17,14,5.583333333333334,4.833333333333334,17,13,5.583333333333334,4.416666666666667,2.5856945514678955,6.205662188978432,1.5078915112098912e-06,False
18,14,6.0,4.833333333333334,19,14,6.416666666666667,4.833333333333334,3.7356271743774414,8.965508638575988,2.384185791015625e-06,False
18,14,6.0,4.833333333333334,17,14,5.583333333333334,4.833333333333334,3.0134642124176025,7.232316868712185,3.6314836506790016e-06,False
18,14,6.0,4.833333333333334,18,15,6.0,5.25,3.8690972328186035,9.285836901030311,3.3717478800099343e-06,False
18,14,6.0,4.833333333333334,18,13,6.0,4.416666666666667,2.840040683746338,6.816092440725372,2.384185791015625e-06,False
19,14,6.416666666666667,4.833333333333334,20,14,6.833333333333334,4.833333333333334,4.020378589630127,9.648901253584858,6.217195732460823e-06,False
19,14,6.416666666666667,4.833333333333334,18,14,6.0,4.833333333333334,3.2053565979003906,7.692858769553669,2.384185791015625e-06,False
19,14,6.416666666666667,4.833333333333334,19,15,6.416666666666667,5.25,4.083020210266113,9.799252242756745,5.80097457714146e-06,False
19,14,6.416666666666667,4.833333333333334,19,13,6.416666666666667,4.416666666666667,3.1251678466796875,7.500397109682381,1.0662403155947686e-06,False
20,14,6.833333333333334,4.833333333333334,21,14,7.25,4.833333333333334,4.323528289794922,10.376471853817693,3.7242173220874975e-06,False
20,14,6.833333333333334,4.833333333333334,19,14,6.416666666666667,4.833333333333334,3.4334304332733154,8.240226753061865,3.471426907708519e-06,False
20,14,6.833333333333334,4.833333333333334,20,15,6.833333333333334,5.25,4.323526859283447,10.376468420588845,5.436780156742316e-06,False
20,14,6.833333333333334,4.833333333333334,20,13,6.833333333333334,4.416666666666667,3.433431625366211,8.240229614082631,2.1324806311895372e-06,False
21,14,7.25,4.833333333333334,22,14,7.666666666666668,4.833333333333334,4.641469955444336,11.139532142460686,2.384185791015625e-06,False
21,14,7.25,4.833333333333334,20,14,6.833333333333334,4.833333333333334,3.6909947395324707,8.858390754085828,3.84438408218557e-06,False
21,14,7.25,4.833333333333334,21,15,7.25,5.25,4.586453437805176,11.007492449757557,3.84438408218557e-06,False
21,14,7.25,4.833333333333334,21,13,7.25,4.416666666666667,3.7591373920440674,9.02192285772487,2.1324806311895372e-06,False
22,14,7.666666666666668,4.833333333333334,23,14,8.083333333333334,4.833333333333334,4.971370220184326,11.93129307986949,1.9073486328125e-06,False
22,14,7.666666666666668,4.833333333333334,21,14,7.25,4.833333333333334,3.972324848175049,9.533583272393521,3.7242173220874975e-06,False
22,14,7.666666666666668,4.833333333333334,22,15,7.666666666666668,5.25,4.868177890777588,11.683631394817885,4.317944330978207e-06,False
22,14,7.666666666666668,4.833333333333334,22,13,7.666666666666668,4.416666666666667,4.098135948181152,9.835518771729452,4.79215395898791e-06,False
23,14,8.083333333333334,4.833333333333334,24,14,8.5,4.833333333333334,5.31099796295166,12.746385386363688,6.106495220592478e-06,False
23,14,8.083333333333334,4.833333333333334,22,14,7.666666666666668,4.833333333333334,4.2727251052856445,10.254544164483706,5.0688486226135865e-06,False
23,14,8.083333333333334,4.833333333333334,23,15,8.083333333333334,5.25,5.165621757507324,12.39749694728735,3.053247610296239e-06,False
23,14,8.083333333333334,4.833333333333334,23,13,8.083333333333334,4.416666666666667,4.44738245010376,10.673709736854754,1.719260808386025e-06,False
24,14,8.5,4.833333333333334,23,14,8.083333333333334,4.833333333333334,4.588453769683838,11.012280645537837,1.719260808386025e-06,False
24,14,8.5,4.833333333333334,24,15,8.5,5.25,5.4762282371521,13.142952782803643,4.046097274112981e-06,False
24,14,8.5,4.833333333333334,24,13,8.5,4.416666666666667,4.8046464920043945,11.531142783246779,3.0157830224197824e-06,False
0,15,-1.5,5.25,1,15,-1.0833333333333333,5.25,1.9096736907958984,4.583217294999819,5.278966455080081e-06,False
0,15,-1.5,5.25,0,16,-1.5,5.666666666666667,2.4048335552215576,5.771602734223455,1.9405865714361425e-06,False
0,15,-1.5,5.25,0,14,-1.5,4.833333333333334,2.740342140197754,6.576823645333727,0.00012116754805902019,False
1,15,-1.0833333333333333,5.25,2,15,-0.6666666666666666,5.25,1.5464880466461182,3.7115711349691805,1.719260808386025e-06,False
1,15,-1.0833333333333333,5.25,0,15,-1.5,5.25,2.732208728790283,6.557301574449689,8.107108442345634e-06,False
1,15,-1.0833333333333333,5.25,1,16,-1.0833333333333333,5.666666666666667,2.0046451091766357,4.811150097332038,1.7881393432617188e-06,False
1,15,-1.0833333333333333,5.25,1,14,-1.0833333333333333,4.833333333333334,2.4059464931488037,5.774273786267771,0.00038063173997215927,False
2,15,-0.6666666666666666,5.25,3,15,-0.25,5.25,1.2068216800689697,2.8963718940557532,1.9353160496393684e-06,False
2,15,-0.6666666666666666,5.25,1,15,-1.0833333333333333,5.25,2.348581314086914,5.636594885034805,4.0337858990824316e-06,False
2,15,-0.6666666666666666,5.25,2,16,-0.6666666666666666,5.666666666666667,1.6045900583267212,3.851017609030765,2.5344243113067932e-06,False
2,15,-0.6666666666666666,5.25,2,14,-0.6666666666666666,4.833333333333334,2.0900301933288574,5.016074377469779,0.0001310612860834226,False
3,15,-0.25,5.25,4,15,0.16666666666666674,5.25,0.9173834919929504,2.2017202757968772,4.023313522338867e-07,False
3,15,-0.25,5.25,2,15,-0.6666666666666666,5.25,1.9714206457138062,4.731409324101957,1.2516975402832031e-06,False
3,15,-0.25,5.25,3,16,-0.25,5.666666666666667,1.2048351764678955,2.891605526582919,1.5034673879199545e-06,False
3,15,-0.25,5.25,3,14,-0.25,4.833333333333334,1.8053169250488281,4.332762272934827,4.42271375504788e-05,False
4,15,0.16666666666666674,5.25,5,15,0.5833333333333335,5.25,0.739833652973175,1.775600936470121,9.610960205463925e-07,False
4,15,0.16666666666666674,5.25,3,15,-0.25,5.25,1.6054390668869019,3.8530535768006526,2.1883915906073526e-06,False
4,15,0.16666666666666674,5.25,4,16,0.16666666666666674,5.666666666666667,0.8058574795722961,1.93405868875835,1.116792077482387e-06,False
4,15,0.16666666666666674,5.25,4,14,0.16666666666666674,4.833333333333334,1.5700939893722534,3.768227011957936,1.6478743418701924e-05,False
5,15,0.5833333333333335,5.25,6,15,1.0,5.25,0.7574054002761841,1.8177728739846766,1.599360416548734e-06,False
5,15,0.5833333333333335,5.25,4,15,0.16666666666666674,5.25,1.2605148553848267,3.025235941432566,4.915124804938387e-07,False
5,15,0.5833333333333335,5.25,5,16,0.5833333333333335,5.666666666666667,0.4099634885787964,0.9839127479220382,5.960464477539063e-08,False
5,15,0.5833333333333335,5.25,5,14,0.5833333333333335,4.833333333333334,1.41009521484375,3.384229806606219,4.805479875358287e-06,False
6,15,1.0,5.25,7,15,1.416666666666667,5.25,0.959019660949707,2.3016474057814986,1.7881393432617188e-06,False
6,15,1.0,5.25,5,15,0.5833333333333335,5.25,0.9596865773200989,2.30324767574083,1.2672121556533966e-06,False
6,15,1.0,5.25,6,16,1.0,5.666666666666667,0.08719062805175781,0.2092575871496533,1.430511474609375e-06,False
6,15,1.0,5.25,6,14,1.0,4.833333333333334,1.3522968292236328,3.2455136282019152,4.35073070548242e-06,False
7,15,1.416666666666667,5.25,8,15,1.8333333333333335,5.25,1.2573882341384888,3.0177311863458276,7.152557373046875e-06,False
7,15,1.416666666666667,5.25,6,15,1.0,5.25,0.75727379322052,1.8174572770554807,1.450243644285365e-06,False
7,15,1.416666666666667,5.25,7,16,1.416666666666667,5.666666666666667,0.40959641337394714,0.9830317670943325,7.633119025740598e-07,False
7,15,1.416666666666667,5.25,7,14,1.416666666666667,4.833333333333334,1.4070900678634644,3.377017451102238,2.135144495696295e-05,False
8,15,1.8333333333333335,5.25,9,15,2.25,5.25,1.5920867919921875,3.821008665181033,0.000178146394318901,False
8,15,1.8333333333333335,5.25,7,15,1.416666666666667,5.25,0.7376848459243774,1.7704432925332465,2.9224515856185462e-06,False
8,15,1.8333333333333335,5.25,8,16,1.8333333333333335,5.666666666666667,0.8043990731239319,1.9305585119470643,2.457562459312612e-06,False
8,15,1.8333333333333335,5.25,8,14,1.8333333333333335,4.833333333333334,1.5515073537826538,3.7236190695263174,0.00041473362944088876,False
9,15,2.25,5.25,10,15,2.666666666666667,5.25,1.9112648963928223,4.587034876435303,0.0003755168290808797,False
9,15,2.25,5.25,8,15,1.8333333333333335,5.25,0.906191885471344,2.1748607325421077,5.333559965947643e-05,False
9,15,2.25,5.25,9,16,2.25,5.666666666666667,1.1986467838287354,2.8767533785832895,2.494751606718637e-05,False
9,15,2.25,5.25,9,14,2.25,4.833333333333334,1.7042783498764038,4.090269600017395,0.0014115367084741592,False
10,15,2.666666666666667,5.25,11,15,3.083333333333334,5.25,1.5523022413253784,3.7255268003565982,0.8077030181884766,False
10,15,2.666666666666667,5.25,9,15,2.25,5.25,1.1535564661026,2.7685349905900973,0.0005013465997762978,False
10,15,2.666666666666667,5.25,10,16,2.666666666666667,5.666666666666667,1.5758737325668335,3.782098400916443,0.00015826271555852145,False
10,15,2.666666666666667,5.25,10,14,2.666666666666667,4.833333333333334,1.011543869972229,2.4277062140297754,0.8940353393554688,False
11,15,3.083333333333334,5.25,12,15,3.5,5.25,2.4843404293060303,5.962415893093892,2.426676034927368,False
11,15,3.083333333333334,5.25,10,15,2.666666666666667,5.25,0.7669591903686523,1.8407027590571439,0.6635406017303467,False
11,15,3.083333333333334,5.25,11,16,3.083333333333334,5.666666666666667,1.6611769199371338,3.986826128702594,0.30384987592697144,False
11,15,3.083333333333334,5.25,11,14,3.083333333333334,4.833333333333334,2.104556083679199,5.050936527609454,2.638293504714966,False
12,15,3.5,5.25,13,15,3.916666666666667,5.25,2.0578813552856445,4.938914310662401,1.5046688318252563,False
12,15,3.5,5.25,11,15,3.083333333333334,5.25,1.1867350339889526,2.8481635383294033,1.126705288887024,False
12,15,3.5,5.25,12,16,3.5,5.666666666666667,2.0195820331573486,4.846998728560917,1.0892620086669922,False
12,15,3.5,5.25,12,14,3.5,4.833333333333334,1.2711474895477295,3.0507551386852794,1.7754158973693848,False
13,15,3.916666666666667,5.25,14,15,4.333333333333334,5.25,3.423816204071045,8.21715732247213,2.514007329940796,False
13,15,3.916666666666667,5.25,12,15,3.5,5.25,1.709031581878662,4.101675014176366,1.1578315496444702,False
13,15,3.916666666666667,5.25,13,16,3.916666666666667,5.666666666666667,2.8409430980682373,6.81826603632585,0.6443576216697693,False
13,15,3.916666666666667,5.25,13,14,3.916666666666667,4.833333333333334,2.6955974102020264,6.469436252378942,2.3703603744506836,False
14,15,4.333333333333334,5.25,15,15,4.75,5.25,3.2430646419525146,7.783358109801525,0.0004872337740380317,False
14,15,4.333333333333334,5.25,13,15,3.916666666666667,5.25,3.08478045463562,7.40347167902533,0.37654203176498413,False
14,15,4.333333333333334,5.25,14,16,4.333333333333334,5.666666666666667,3.7212307453155518,8.930957195647123,0.7978734374046326,False
14,15,4.333333333333334,5.25,14,14,4.333333333333334,4.833333333333334,2.4876677989959717,5.970404995119093,0.00019474871805869043,False
15,15,4.75,5.25,16,15,5.166666666666667,5.25,3.4013290405273438,8.163192811276554,6.639005005126819e-05,False
15,15,4.75,5.25,14,15,4.333333333333334,5.25,3.0831620693206787,7.399591789089885,0.00033866349258460104,False
15,15,4.75,5.25,15,16,4.75,5.666666666666667,3.771772861480713,9.052258320716218,0.001329432358033955,False
15,15,4.75,5.25,15,14,4.75,4.833333333333334,2.5888493061065674,6.213240704818994,3.862086668959819e-05,False
16,15,5.166666666666667,5.25,17,15,5.583333333333334,5.25,3.5829732418060303,8.59912921971953,4.317944330978207e-06,False
16,15,5.166666666666667,5.25,15,15,4.75,5.25,3.15427303314209,7.570258167365329,0.0001768114452715963,False
16,15,5.166666666666667,5.25,16,16,5.166666666666667,5.666666666666667,3.9119417667388916,9.38866382166436,0.00039491819916293025,False
16,15,5.166666666666667,5.25,16,14,5.166666666666667,4.833333333333334,2.7308785915374756,6.554111119884918,2.1324806311895372e-06,False
17,15,5.583333333333334,5.25,18,15,6.0,5.25,3.795903444290161,9.11017174155111,1.719260808386025e-06,False
17,15,5.583333333333334,5.25,16,15,5.166666666666667,5.25,3.2467172145843506,7.792115370090202,9.258503268938512e-06,False
17,15,5.583333333333334,5.25,17,16,5.583333333333334,5.666666666666667,4.052707195281982,9.726500979042427,1.7854352336144075e-05,False
17,15,5.583333333333334,5.25,17,14,5.583333333333334,4.833333333333334,2.9189212322235107,7.005413629689648,1.0662403155947686e-06,False
18,15,6.0,5.25,19,15,6.416666666666667,5.25,4.037004470825195,9.68881442596986,1.3486991292666062e-06,False
18,15,6.0,5.25,17,15,5.583333333333334,5.25,3.379612445831299,8.111072964123903,5.331201464287005e-06,False
18,15,6.0,5.25,18,16,6.0,5.666666666666667,4.221060752868652,10.130549671382779,3.471426907708519e-06,False
18,15,6.0,5.25,18,14,6.0,4.833333333333334,3.1465373039245605,7.551692410160984,2.5678466499812203e-06,False
19,15,6.416666666666667,5.25,20,15,6.833333333333334,5.25,4.3018717765808105,10.324484386837474,2.6973982585332124e-06,False
19,15,6.416666666666667,5.25,18,15,6.0,5.25,3.5519895553588867,8.52477818480613,3.7242173220874975e-06,False
19,15,6.416666666666667,5.25,19,16,6.416666666666667,5.666666666666667,4.418238162994385,10.603775636205915,3.053247610296239e-06,False
19,15,6.416666666666667,5.25,19,14,6.416666666666667,4.833333333333334,3.406121253967285,8.174694127919818,3.198720833097468e-06,False
20,15,6.833333333333334,5.25,21,15,7.25,5.25,4.586451530456543,11.007487872119091,3.471426907708519e-06,False
20,15,6.833333333333334,5.25,19,15,6.416666666666667,5.25,3.7591264247894287,9.02189653633382,5.245208740234375e-06,False
20,15,6.833333333333334,5.25,20,16,6.833333333333334,5.666666666666667,4.641454219818115,11.13949437694335,3.198720833097468e-06,False
20,15,6.833333333333334,5.25,20,14,6.833333333333334,4.833333333333334,3.690993547439575,8.858387893061789,1.9660499219753547e-06,False
21,15,7.25,5.25,22,15,7.666666666666668,5.25,4.887322425842285,11.72957829650051,4.2649612623790745e-06,False
21,15,7.25,5.25,20,15,6.833333333333334,5.25,3.9957618713378906,9.589832149441586,3.053247610296239e-06,False
21,15,7.25,5.25,21,16,7.25,5.666666666666667,4.8873209953308105,11.729574863271662,2.7804144338006154e-06,False
21,15,7.25,5.25,21,14,7.25,4.833333333333334,3.9957644939422607,9.589838443694475,5.436780156742316e-06,False
22,15,7.666666666666668,5.25,23,15,8.083333333333334,5.25,5.201651573181152,12.48396853789083,3.7242173220874975e-06,False
22,15,7.666666666666668,5.25,21,15,7.25,5.25,4.256998062133789,10.216799246520708,3.471426907708519e-06,False
22,15,7.666666666666668,5.25,22,16,7.666666666666668,5.666666666666667,5.152620315551758,12.36629347469081,1.5078915112098912e-06,False
22,15,7.666666666666668,5.25,22,14,7.666666666666668,4.833333333333334,4.316215515136719,10.358921187942958,3.84438408218557e-06,False
23,15,8.083333333333334,5.25,24,15,8.5,5.25,5.527148246765137,13.265145671733343,3.43852161677205e-06,False
23,15,8.083333333333334,5.25,22,15,7.666666666666668,5.25,4.538597106933594,10.892637211851964,4.909339168079896e-06,False
23,15,8.083333333333334,5.25,23,16,8.083333333333334,5.666666666666667,5.434521198272705,13.042855851309147,5.741879704146413e-06,False
23,15,8.083333333333334,5.25,23,14,8.083333333333334,4.833333333333334,4.649108409881592,11.157864440103317,3.932099843950709e-06,False
24,15,8.5,5.25,23,15,8.083333333333334,5.25,4.837002277374268,11.608796608889305,3.337860107421875e-06,False
24,15,8.5,5.25,24,16,8.5,5.666666666666667,5.7305707931518555,13.75337515006071,6.106495220592478e-06,False
24,15,8.5,5.25,24,14,8.5,4.833333333333334,4.9919586181640625,11.980705253870108,4.2649612623790745e-06,False
0,16,-1.5,5.666666666666667,1,16,-1.0833333333333333,5.666666666666667,1.7984672784805298,4.316321879989803,1.7357134538542596e-06,False
0,16,-1.5,5.666666666666667,0,17,-1.5,6.083333333333334,2.4237520694732666,5.817000528716638,1.2839233249906101e-06,False
0,16,-1.5,5.666666666666667,0,15,-1.5,5.25,2.585120677947998,6.204291993824766,3.312216676931712e-06,False
1,16,-1.0833333333333333,5.666666666666667,2,16,-0.6666666666666666,5.666666666666667,1.4061321020126343,3.3747168839112813,5.960464477539062e-07,False
1,16,-1.0833333333333333,5.666666666666667,0,16,-1.5,5.666666666666667,2.655912399291992,6.374190366190946,2.1981106783641735e-06,False
1,16,-1.0833333333333333,5.666666666666667,1,17,-1.0833333333333333,6.083333333333334,2.0272023677825928,4.8652819707626564,9.610960205463925e-07,False
1,16,-1.0833333333333333,5.666666666666667,1,15,-1.0833333333333333,5.25,2.217996120452881,5.323192719723785,2.5678466499812203e-06,False
2,16,-0.6666666666666666,5.666666666666667,3,16,-0.25,5.666666666666667,1.020202398300171,2.448485639167517,7.402743449347327e-07,False
2,16,-0.6666666666666666,5.666666666666667,1,16,-1.0833333333333333,5.666666666666667,2.2587990760803223,5.421117524093746,1.430511474609375e-06,False
2,16,-0.6666666666666666,5.666666666666667,2,17,-0.6666666666666666,6.083333333333334,1.632616639137268,3.918276944521374,1.4354699260366033e-06,False
2,16,-0.6666666666666666,5.666666666666667,2,15,-0.6666666666666666,5.25,1.8645033836364746,4.47480982773202,3.968075816374039e-06,False
3,16,-0.25,5.666666666666667,4,16,0.16666666666666674,5.666666666666667,0.6521599292755127,1.565183755627453,5.146836201674887e-07,False
3,16,-0.25,5.666666666666667,2,16,-0.6666666666666666,5.666666666666667,1.8631550073623657,4.471571804448518,5.960464477539062e-07,False
3,16,-0.25,5.666666666666667,3,17,-0.25,6.083333333333334,1.241868257522583,2.98048154412724,1.669994048825174e-06,False
3,16,-0.25,5.666666666666667,3,15,-0.25,5.25,1.5341901779174805,3.6820578315955474,1.9896258436347125e-06,False
4,16,0.16666666666666674,5.666666666666667,5,16,0.5833333333333335,5.666666666666667,0.36154699325561523,0.867712866565024,1.9073486328125e-06,False
4,16,0.16666666666666674,5.666666666666667,3,16,-0.25,5.666666666666667,1.4701744318008423,3.528418468073918,1.2814998626708984e-06,False
4,16,0.16666666666666674,5.666666666666667,4,17,0.16666666666666674,6.083333333333334,0.8602038621902466,2.0644876941774792,6.854534149169922e-07,False
4,16,0.16666666666666674,5.666666666666667,4,15,0.16666666666666674,5.25,1.2457044124603271,2.989691730381672,1.4354699260366033e-06,False
5,16,0.5833333333333335,5.666666666666667,6,16,1.0,5.666666666666667,0.39624714851379395,0.9509931110862202,1.1246181657043053e-06,False
5,16,0.5833333333333335,5.666666666666667,4,16,0.16666666666666674,5.666666666666667,1.082765817642212,2.5986382101667607,6.854534149169922e-07,False
5,16,0.5833333333333335,5.666666666666667,5,17,0.5833333333333335,6.083333333333334,0.5085082054138184,1.2204187618875413,4.76837158203125e-07,False
5,16,0.5833333333333335,5.666666666666667,5,15,0.5833333333333335,5.25,1.0346816778182983,2.4832369740436455,4.915124804938387e-07,False
6,16,1.0,5.666666666666667,7,16,1.416666666666667,5.666666666666667,0.7100065350532532,1.7040158466354225,1.0185245855609537e-06,False
6,16,1.0,5.666666666666667,5,16,0.5833333333333335,5.666666666666667,0.7101094126701355,1.7042625091427561,1.7530252307551564e-06,False
6,16,1.0,5.666666666666667,6,17,1.0,6.083333333333334,0.3132549226284027,0.7518112407217097,9.5367431640625e-07,False
6,16,1.0,5.666666666666667,6,15,1.0,5.25,0.9539400935173035,2.2894570978001014,4.76837158203125e-07,False
7,16,1.416666666666667,5.666666666666667,8,16,1.8333333333333335,5.666666666666667,1.082365870475769,2.597677593674165,1.6689300537109375e-06,False
7,16,1.416666666666667,5.666666666666667,6,16,1.0,5.666666666666667,0.3962474465370178,0.9509939623826945,6.336060778266983e-07,False
7,16,1.416666666666667,5.666666666666667,7,17,1.416666666666667,6.083333333333334,0.5085060596466064,1.2204136120501616,1.450243644285365e-06,False
7,16,1.416666666666667,5.666666666666667,7,15,1.416666666666667,5.25,1.0340839624404907,2.481802456589682,1.9983117454103194e-06,False
8,16,1.8333333333333335,5.666666666666667,9,16,2.25,5.666666666666667,1.4685354232788086,3.5244853519902564,4.76837158203125e-06,False
8,16,1.8333333333333335,5.666666666666667,7,16,1.416666666666667,5.666666666666667,0.3611851632595062,0.8668442264853999,5.331201577973843e-07,False
8,16,1.8333333333333335,5.666666666666667,8,17,1.8333333333333335,6.083333333333334,0.8601190447807312,2.0642841325499477,1.719260808386025e-06,False
8,16,1.8333333333333335,5.666666666666667,8,15,1.8333333333333335,5.25,1.2427386045455933,2.9825737886710315,5.9604644775390625e-06,False
9,16,2.25,5.666666666666667,10,16,2.666666666666667,5.666666666666667,1.856324315071106,4.455177506412982,5.9747999330284074e-05,False
9,16,2.25,5.666666666666667,8,16,1.8333333333333335,5.666666666666667,0.6506748199462891,1.5616197167987553,1.656108338465856e-06,False
9,16,2.25,5.666666666666667,9,17,2.25,6.083333333333334,1.2413599491119385,2.9792616048724327,1.1920928955078125e-06,False
9,16,2.25,5.666666666666667,9,15,2.25,5.25,1.5212962627410889,3.651112423367471,0.00013203675916884094,False
10,16,2.666666666666667,5.666666666666667,11,16,3.083333333333334,5.666666666666667,2.2290380001068115,5.349693241002366,0.00020814160234294832,False
10,16,2.666666666666667,5.666666666666667,9,16,2.25,5.666666666666667,1.0143882036209106,2.4345312243402053,1.578791852807626e-05,False
10,16,2.666666666666667,5.666666666666667,10,17,2.666666666666667,6.083333333333334,1.6300926208496094,3.9122193052526053,6.240011316549499e-06,False
10,16,2.666666666666667,5.666666666666667,10,15,2.666666666666667,5.25,1.8079767227172852,4.339145789774243,0.0007856864831410348,False
11,16,3.083333333333334,5.666666666666667,12,16,3.5,5.666666666666667,2.6220498085021973,6.292918340126354,2.0262348651885986,False
11,16,3.083333333333334,5.666666666666667,10,16,2.666666666666667,5.666666666666667,1.3818950653076172,3.3165494219014824,0.0006300926324911416,False
11,16,3.083333333333334,5.666666666666667,11,17,3.083333333333334,6.083333333333334,2.0150933265686035,4.836220294021382,0.0002966434112749994,False
11,16,3.083333333333334,5.666666666666667,11,15,3.083333333333334,5.25,2.123908519744873,5.0973823918847625,1.7380452156066895,False
12,16,3.5,5.666666666666667,13,16,3.916666666666667,5.666666666666667,2.3257088661193848,5.581700214061696,0.9637668132781982,False
12,16,3.5,5.666666666666667,11,16,3.083333333333334,5.666666666666667,1.719832420349121,4.127597021561237,0.10244312137365341,False
12,16,3.5,5.666666666666667,12,17,3.5,6.083333333333334,2.3566997051239014,5.6560749770546135,0.1500650942325592,False
12,16,3.5,5.666666666666667,12,15,3.5,5.25,1.4914238452911377,3.579418594138563,1.017882227897644,False
13,16,3.916666666666667,5.666666666666667,14,16,4.333333333333334,5.666666666666667,2.5777852535247803,6.186683428443255,1.4757044315338135,False
13,16,3.916666666666667,5.666666666666667,12,16,3.5,5.666666666666667,1.546156406402588,3.710774667592112,0.32686156034469604,False
13,16,3.916666666666667,5.666666666666667,13,17,3.916666666666667,6.083333333333334,2.443021059036255,5.863246068385263,1.9765018224716187,False
13,16,3.916666666666667,5.666666666666667,13,15,3.916666666666667,5.25,1.6720695495605469,4.012968449771289,1.0267903804779053,False
14,16,4.333333333333334,5.666666666666667,15,16,4.75,5.666666666666667,2.971727132797241,7.132147839411865,0.9038867354393005,False
14,16,4.333333333333334,5.666666666666667,13,16,3.916666666666667,5.666666666666667,2.635745048522949,6.325786909906976,1.6981960535049438,False
14,16,4.333333333333334,5.666666666666667,14,17,4.333333333333334,6.083333333333334,3.1836323738098145,7.640711867743021,1.56985342502594,False
14,16,4.333333333333334,5.666666666666667,14,15,4.333333333333334,5.25,2.0967986583709717,5.03231869976757,0.8871155381202698,False
15,16,4.75,5.666666666666667,16,16,5.166666666666667,5.666666666666667,3.7369883060455322,8.96877535582556,0.00418014544993639,False
15,16,4.75,5.666666666666667,14,16,4.333333333333334,5.666666666666667,2.7007429599761963,6.481785576547843,0.7732299566268921,False
15,16,4.75,5.666666666666667,15,17,4.75,6.083333333333334,3.381558895111084,8.11573515645206,1.119815468788147,False
15,16,4.75,5.666666666666667,15,15,4.75,5.25,2.9425458908081055,7.062112831921704,0.0008815768524073064,False
16,16,5.166666666666667,5.666666666666667,17,16,5.583333333333334,5.666666666666667,3.931654214859009,9.435962916593233,0.0002011337346630171,False
16,16,5.166666666666667,5.666666666666667,15,16,4.75,5.666666666666667,3.4931325912475586,8.383521417053764,0.006579875946044922,False
16,16,5.166666666666667,5.666666666666667,16,17,5.166666666666667,6.083333333333334,4.282967567443848,10.279114319523377,1.5114727020263672,False
16,16,5.166666666666667,5.666666666666667,16,15,5.166666666666667,5.25,3.095216989517212,7.428523608598178,0.00011138919944642112,False
17,16,5.583333333333334,5.666666666666667,18,16,6.0,5.666666666666667,4.130852222442627,9.91404911577191,7.088694019330433e-06,False
17,16,5.583333333333334,5.666666666666667,16,16,5.166666666666667,5.666666666666667,3.62349271774292,8.696375887774744,0.0005152741214260459,False
17,16,5.583333333333334,5.666666666666667,17,17,5.583333333333334,6.083333333333334,4.41295051574707,10.591073157445406,0.00012197528121760115,False
17,16,5.583333333333334,5.666666666666667,17,15,5.583333333333334,5.25,3.266430377960205,7.839435897611961,5.331201464287005e-06,False
18,16,6.0,5.666666666666667,19,16,6.416666666666667,5.666666666666667,4.3542304039001465,10.450156955778867,4.909339168079896e-06,False
18,16,6.0,5.666666666666667,17,16,5.583333333333334,5.666666666666667,3.7509653568267822,9.002320290496938,2.6450497898622416e-05,False
18,16,6.0,5.666666666666667,18,17,6.0,6.083333333333334,4.578685760498047,10.988837441377685,4.89356680191122e-05,False
18,16,6.0,5.666666666666667,18,15,6.0,5.25,3.4720845222473145,8.333006032183087,3.814697265625e-06,False
19,16,6.416666666666667,5.666666666666667,20,16,6.833333333333334,5.666666666666667,4.601017475128174,11.042433515599429,4.498472662817221e-06,False
19,16,6.416666666666667,5.666666666666667,18,16,6.0,5.666666666666667,3.908586263656616,9.380610611194843,5.1356932999624405e-06,False
19,16,6.416666666666667,5.666666666666667,19,17,6.416666666666667,6.083333333333334,4.763103485107422,11.431439642761504,3.932099843950709e-06,False
19,16,6.416666666666667,5.666666666666667,19,15,6.416666666666667,5.25,3.7090892791748047,8.901817665793482,4.1019084164872766e-06,False
20,16,6.833333333333334,5.666666666666667,21,16,7.25,5.666666666666667,4.868171691894531,11.683616517492872,3.337860107421875e-06,False
20,16,6.833333333333334,5.666666666666667,19,16,6.416666666666667,5.666666666666667,4.098048686981201,9.83530934500935,3.198720833097468e-06,False
20,16,6.833333333333334,5.666666666666667,20,17,6.833333333333334,6.083333333333334,4.971257209777832,11.931008200829925,6.485686753876507e-06,False
20,16,6.833333333333334,5.666666666666667,20,15,6.833333333333334,5.25,3.9723191261291504,9.533569539478126,4.2649612623790745e-06,False
21,16,7.25,5.666666666666667,22,16,7.666666666666668,5.666666666666667,5.152620315551758,12.36629347469081,1.9660499219753547e-06,False
21,16,7.25,5.666666666666667,20,16,6.833333333333334,5.666666666666667,4.316197395324707,10.35887770037754,2.6973982585332124e-06,False
21,16,7.25,5.666666666666667,21,17,7.25,6.083333333333334,5.201631546020508,12.48390618598466,2.7804144338006154e-06,False
21,16,7.25,5.666666666666667,21,15,7.25,5.25,4.256996154785156,10.216794668882244,1.0662403155947686e-06,False
22,16,7.666666666666668,5.666666666666667,23,16,8.083333333333334,5.666666666666667,5.451676368713379,13.084028276072798,6.624433353863424e-06,False
22,16,7.666666666666668,5.666666666666667,21,16,7.25,5.666666666666667,4.559122085571289,10.941897179373619,3.7242173220874975e-06,False
22,16,7.666666666666668,5.666666666666667,22,17,7.666666666666668,6.083333333333334,5.451672554016113,13.084004147335703,4.720447122963378e-06,False
22,16,7.666666666666668,5.666666666666667,22,15,7.666666666666668,5.25,4.559124946594238,10.941904045831317,6.743495646333031e-07,False
23,16,8.083333333333334,5.666666666666667,24,16,8.5,5.666666666666667,5.763068199157715,13.831353125493527,5.331201464287005e-06,False
23,16,8.083333333333334,5.666666666666667,22,16,7.666666666666668,5.666666666666667,4.823113918304443,11.575477819625023,3.84438408218557e-06,False
23,16,8.083333333333334,5.666666666666667,23,17,8.083333333333334,6.083333333333334,5.718852519989014,13.725235576449908,6.106495220592478e-06,False
23,16,8.083333333333334,5.666666666666667,23,15,8.083333333333334,5.25,4.875461101531982,11.701111107296413,2.1324806311895372e-06,False
24,16,8.5,5.666666666666667,23,16,8.083333333333334,5.666666666666667,5.104916572570801,12.251790426795633,1.0662403155947686e-06,False
24,16,8.5,5.666666666666667,24,17,8.5,6.083333333333334,6.000889778137207,14.402124479580323,4.074098342243815e-06,False
24,16,8.5,5.666666666666667,24,15,8.5,5.25,5.203414440155029,12.488199420242088,3.198720833097468e-06,False
0,17,-1.5,6.083333333333334,1,17,-1.0833333333333333,6.083333333333334,1.7715448141098022,4.251707959337994,5.960464477539062e-07,False
0,17,-1.5,6.083333333333334,0,18,-1.5,6.5,2.507187604904175,6.017252547169703,3.43852161677205e-06,False
0,17,-1.5,6.083333333333334,0,16,-1.5,5.666666666666667,2.466326951980591,5.919180168777337,1.5266238051481196e-06,False
1,17,-1.0833333333333333,6.083333333333334,2,17,-0.6666666666666666,6.083333333333334,1.371503233909607,3.291607604426975,2.159794576073182e-06,False
1,17,-1.0833333333333333,6.083333333333334,0,17,-1.5,6.083333333333334,2.637766122817993,6.330639298499994,4.76837158203125e-07,False
1,17,-1.0833333333333333,6.083333333333334,1,18,-1.0833333333333333,6.5,2.126254081726074,5.103011742787072,1.1920928955078125e-06,False
1,17,-1.0833333333333333,6.083333333333334,1,16,-1.0833333333333333,5.666666666666667,2.077932596206665,4.987034426090679,3.198720833097468e-06,False
2,17,-0.6666666666666666,6.083333333333334,3,17,-0.25,6.083333333333334,0.9718981385231018,2.3325554212305346,1.2672121556533966e-06,False
2,17,-0.6666666666666666,6.083333333333334,1,17,-1.0833333333333333,6.083333333333334,2.2374136447906494,5.369792491445899,2.2649765014648438e-06,False
2,17,-0.6666666666666666,6.083333333333334,2,18,-0.6666666666666666,6.5,1.7540934085845947,4.209825786524119,2.9802322387695312e-06,False
2,17,-0.6666666666666666,6.083333333333334,2,16,-0.6666666666666666,5.666666666666667,1.6952052116394043,4.06848940392349,1.228781229656306e-06,False
3,17,-0.25,6.083333333333334,4,17,0.16666666666666674,6.083333333333334,0.5736411809921265,1.3767387687330832,1.4367841458806652e-06,False
3,17,-0.25,6.083333333333334,2,17,-0.6666666666666666,6.083333333333334,1.8371559381484985,4.409174041310594,2.1324806311895372e-06,False
3,17,-0.25,6.083333333333334,3,18,-0.25,6.5,1.3977259397506714,3.3545435350584163,9.991558727051597e-07,False
3,17,-0.25,6.083333333333334,3,16,-0.25,5.666666666666667,1.3230807781219482,3.1753914448612632,1.157312908617314e-06,False
4,17,0.16666666666666674,6.083333333333334,5,17,0.5833333333333335,6.083333333333334,0.18562744557857513,0.4455059118753349,1.7881393432617188e-07,False
4,17,0.16666666666666674,6.083333333333334,3,17,-0.25,6.083333333333334,1.4370718002319336,3.4489721560968323,1.2814998626708984e-06,False
4,17,0.16666666666666674,6.083333333333334,4,18,0.16666666666666674,6.5,1.0730106830596924,2.5752266217142568,2.145974121958716e-06,False
4,17,0.16666666666666674,6.083333333333334,4,16,0.16666666666666674,5.666666666666667,0.9737897515296936,2.337093620610336,2.112866923198453e-06,False
5,17,0.5833333333333335,6.083333333333334,6,17,1.0,6.083333333333334,0.24650491774082184,0.5916117743677247,9.610960205463925e-07,False
5,17,0.5833333333333335,6.083333333333334,4,17,0.16666666666666674,6.083333333333334,1.03736412525177,2.489674138038076,6.051045602362137e-07,False
5,17,0.5833333333333335,6.083333333333334,5,18,0.5833333333333335,6.5,0.818524956703186,1.9644606454699118,2.4027399376791436e-06,False
5,17,0.5833333333333335,6.083333333333334,5,16,0.5833333333333335,5.666666666666667,0.6832981705665588,1.6399143582043776,4.172325134277344e-07,False
6,17,1.0,6.083333333333334,7,17,1.416666666666667,6.083333333333334,0.6387299299240112,1.5329519780113199,1.9405865714361425e-06,False
6,17,1.0,6.083333333333334,5,17,0.5833333333333335,6.083333333333334,0.6387404203414917,1.5329769357215435,1.9405865714361425e-06,False
6,17,1.0,6.083333333333334,6,18,1.0,6.5,0.7138081192970276,1.713140139823967,1.1920928955078125e-07,False
6,17,1.0,6.083333333333334,6,16,1.0,5.666666666666667,0.5535600781440735,1.3285431739477738,1.911070285132155e-06,False
7,17,1.416666666666667,6.083333333333334,8,17,1.8333333333333335,6.083333333333334,1.0373255014419556,2.4895807286108536,2.4805847260722658e-06,False
7,17,1.416666666666667,6.083333333333334,6,17,1.0,6.083333333333334,0.24651530385017395,0.5916367856632982,1.228781229656306e-06,False
7,17,1.416666666666667,6.083333333333334,7,18,1.416666666666667,6.5,0.8185260891914368,1.9644633634427504,9.830249609876773e-07,False
7,17,1.416666666666667,6.083333333333334,7,16,1.416666666666667,5.666666666666667,0.6832043528556824,1.6396891958700592,1.0185245855609537e-06,False
8,17,1.8333333333333335,6.083333333333334,9,17,2.25,6.083333333333334,1.436901330947876,3.4485635231555483,2.5678466499812203e-06,False
8,17,1.8333333333333335,6.083333333333334,7,17,1.416666666666667,6.083333333333334,0.18561692535877228,0.44548053589238434,1.5497207641601562e-06,False
8,17,1.8333333333333335,6.083333333333334,8,18,1.8333333333333335,6.5,1.0730160474777222,2.57523949632244,1.6214216884691268e-06,False
8,17,1.8333333333333335,6.083333333333334,8,16,1.8333333333333335,5.666666666666667,0.9733769297599792,2.33610284911892,1.4354699260366033e-06,False
9,17,2.25,6.083333333333334,10,17,2.666666666666667,6.083333333333334,1.8364030122756958,4.407366388823244,2.0230486370564904e-06,False
9,17,2.25,6.083333333333334,8,17,1.8333333333333335,6.083333333333334,0.5735271573066711,1.376465308805972,9.5367431640625e-07,False
9,17,2.25,6.083333333333334,9,18,2.25,6.5,1.3977049589157104,3.3544931810353016,2.384185791015625e-06,False
9,17,2.25,6.083333333333334,9,16,2.25,5.666666666666667,1.3214008808135986,3.1713596943972058,4.163801349932328e-06,False
10,17,2.666666666666667,6.083333333333334,11,17,3.083333333333334,6.083333333333334,2.2341203689575195,5.361890930897114,1.8257322153658606e-05,False
10,17,2.666666666666667,6.083333333333334,9,17,2.25,6.083333333333334,0.971360445022583,2.33126462340076,1.450243644285365e-06,False
10,17,2.666666666666667,6.083333333333334,10,18,2.666666666666667,6.5,1.7539094686508179,4.209384330514652,3.731841161425109e-06,False
10,17,2.666666666666667,6.083333333333334,10,16,2.666666666666667,5.666666666666667,1.6883172988891602,4.051958425935039,4.289480784791522e-05,False
11,17,3.083333333333334,6.083333333333334,12,17,3.5,6.083333333333334,2.6235108375549316,6.296424809184111,0.0005476493388414383,False
11,17,3.083333333333334,6.083333333333334,10,17,2.666666666666667,6.083333333333334,1.3691000938415527,3.285841478668777,4.046097274112981e-06,False
11,17,3.083333333333334,6.083333333333334,11,18,3.083333333333334,6.5,2.125199794769287,5.100481453125554,2.384185791015625e-06,False
11,17,3.083333333333334,6.083333333333334,11,16,3.083333333333334,5.666666666666667,2.048555850982666,4.9165302913434665,0.00011940463446080685,False
12,17,3.5,6.083333333333334,13,17,3.916666666666667,6.083333333333334,2.9683473110198975,7.124032187646448,0.009243822656571865,False
12,17,3.5,6.083333333333334,11,17,3.083333333333334,6.083333333333334,1.7608007192611694,4.225920920196358,0.0001772917457856238,False
12,17,3.5,6.083333333333334,12,18,3.5,6.5,2.5017738342285156,6.004259492591665,8.37948900880292e-05,False
12,17,3.5,6.083333333333334,12,16,3.5,5.666666666666667,2.2968051433563232,5.512328138482561,0.3103298544883728,False
13,17,3.916666666666667,6.083333333333334,14,17,4.333333333333334,6.083333333333334,3.0376319885253906,7.29031538194363,1.4504281282424927,False
13,17,3.916666666666667,6.083333333333334,12,17,3.5,6.083333333333334,2.1128923892974854,5.0709407671087705,0.005971432197839022,False
13,17,3.916666666666667,6.083333333333334,13,18,3.916666666666667,6.5,2.862591505050659,6.870222232903378,0.000825321942102164,False
13,17,3.916666666666667,6.083333333333334,13,16,3.916666666666667,5.666666666666667,2.180361270904541,5.232863057813219,0.7080853581428528,False
14,17,4.333333333333334,6.083333333333334,15,17,4.75,6.083333333333334,3.4437339305877686,8.264964586244425,2.252958297729492,False
14,17,4.333333333333334,6.083333333333334,13,17,3.916666666666667,6.083333333333334,2.323277473449707,5.575864872767473,2.499584913253784,False
14,17,4.333333333333334,6.083333333333334,14,18,4.333333333333334,6.5,3.1348602771759033,7.523667535273566,2.56180477142334,False
14,17,4.333333333333334,6.083333333333334,14,16,4.333333333333334,5.666666666666667,2.392634630203247,5.7423187314462805,1.6609972715377808,False
15,17,4.75,6.083333333333334,16,17,5.166666666666667,6.083333333333334,3.537163734436035,8.489196201017839,1.702075719833374,False
15,17,4.75,6.083333333333334,14,17,4.333333333333334,6.083333333333334,2.5283915996551514,6.068142153984891,1.0502431392669678,False
15,17,4.75,6.083333333333334,15,18,4.75,6.5,3.390932321548462,8.138240676208754,1.0031076669692993,False
15,17,4.75,6.083333333333334,15,16,4.75,5.666666666666667,3.0943539142608643,7.426443728299158,2.1808993816375732,False
16,17,5.166666666666667,6.083333333333334,17,17,5.583333333333334,6.083333333333334,4.261289119720459,10.227086084681638,0.06876039505004883,False
16,17,5.166666666666667,6.083333333333334,15,17,4.75,6.083333333333334,3.0607521533966064,7.345807970355214,1.0200945138931274,False
16,17,5.166666666666667,6.083333333333334,16,18,5.166666666666667,6.5,4.100572109222412,9.841376816321112,1.7290886640548706,False
16,17,5.166666666666667,6.083333333333334,16,16,5.166666666666667,5.666666666666667,3.0321712493896484,7.277205446468012,0.6474726796150208,False
17,17,5.583333333333334,6.083333333333334,18,17,6.0,6.083333333333334,4.4692063331604,10.726099291267124,0.0006390574853867292,False
17,17,5.583333333333334,6.083333333333334,16,17,5.166666666666667,6.083333333333334,3.5676980018615723,8.562468671822607,0.7641873359680176,False
17,17,5.583333333333334,6.083333333333334,17,18,5.583333333333334,6.5,4.483847618103027,10.76123838853393,1.350324034690857,False
17,17,5.583333333333334,6.083333333333334,17,16,5.583333333333334,5.666666666666667,3.617849349975586,8.68283181546645,0.0003528594970703125,False
18,17,6.0,6.083333333333334,19,17,6.416666666666667,6.083333333333334,4.682854175567627,11.238854308644985,2.4546694476157427e-05,False
18,17,6.0,6.083333333333334,17,17,5.583333333333334,6.083333333333334,4.113459587097168,9.87230677501937,0.00019846625218633562,False
18,17,6.0,6.083333333333334,18,18,6.0,6.5,4.92437744140625,11.818510367778918,0.0007332834647968411,False
18,17,6.0,6.083333333333334,18,16,6.0,5.666666666666667,3.81064772605896,9.145547565042445,1.3729267266171519e-05,False
19,17,6.416666666666667,6.083333333333334,20,17,6.833333333333334,6.083333333333334,4.914364814758301,11.794466556956056,5.974752639303915e-06,False
19,17,6.416666666666667,6.083333333333334,18,17,6.0,6.083333333333334,4.270252704620361,10.248610400623475,6.469012441812083e-05,False
19,17,6.416666666666667,6.083333333333334,19,18,6.416666666666667,6.5,5.112566947937012,12.270165355745451,0.00013484968803822994,False
19,17,6.416666666666667,6.083333333333334,19,16,6.416666666666667,5.666666666666667,4.028897285461426,9.66934610798179,5.436780156742316e-06,False
20,17,6.833333333333334,6.083333333333334,21,17,7.25,6.083333333333334,5.165561676025391,12.397352751675701,4.396221356728347e-06,False
20,17,6.833333333333334,6.083333333333334,19,17,6.416666666666667,6.083333333333334,4.446694374084473,10.67205835566837,3.43852161677205e-06,False
20,17,6.833333333333334,6.083333333333334,20,18,6.833333333333334,6.5,5.310098171234131,12.744240472503842,9.10996095626615e-06,False
20,17,6.833333333333334,6.083333333333334,20,16,6.833333333333334,5.666666666666667,4.272671222686768,10.25440311095954,9.5367431640625e-07,False
21,17,7.25,6.083333333333334,22,17,7.666666666666668,6.083333333333334,5.434510231018066,13.042829529887975,4.523674306255998e-06,False
21,17,7.25,6.083333333333334,20,17,6.833333333333334,6.083333333333334,4.648977756500244,11.157550871868466,2.0230486370564904e-06,False
21,17,7.25,6.083333333333334,21,18,7.25,6.5,5.526976585388184,13.264748865031763,6.41518772681593e-06,False
21,17,7.25,6.083333333333334,21,16,7.25,5.666666666666667,4.538588047027588,10.892603002469633,5.1577826525317505e-06,False
22,17,7.666666666666668,6.083333333333334,23,17,8.083333333333334,6.083333333333334,5.7188496589660645,13.72524441728379,5.820539172418648e-06,False
22,17,7.666666666666668,6.083333333333334,21,17,7.25,6.083333333333334,4.875436305999756,11.701051597996369,1.719260808386025e-06,False
22,17,7.666666666666668,6.083333333333334,22,18,7.666666666666668,6.5,5.763035297393799,13.831289989963528,8.12024427432334e-06,False
22,17,7.666666666666668,6.083333333333334,22,16,7.666666666666668,5.666666666666667,4.823113441467285,11.575463428143747,5.0688486226135865e-06,False
23,17,8.083333333333334,6.083333333333334,24,17,8.5,6.083333333333334,6.016434192657471,14.439431045966304,5.331201464287005e-06,False
23,17,8.083333333333334,6.083333333333334,22,17,7.666666666666668,6.083333333333334,5.12317419052124,12.295622747658824,5.560828867601231e-06,False
23,17,8.083333333333334,6.083333333333334,23,18,8.083333333333334,6.5,6.016427040100098,14.439430404445803,6.485686753876507e-06,False
23,17,8.083333333333334,6.083333333333334,23,16,8.083333333333334,5.666666666666667,5.123178482055664,12.295618976120776,4.046097274112981e-06,False
24,17,8.5,6.083333333333334,23,17,8.083333333333334,6.083333333333334,5.389312267303467,12.934339573410359,6.106495220592478e-06,False
24,17,8.5,6.083333333333334,24,18,8.5,6.5,6.285131454467773,15.084321244934557,7.262967301358003e-06,False
24,17,8.5,6.083333333333334,24,16,8.5,5.666666666666667,5.436209201812744,13.046892130361838,2.1324806311895372e-06,False
0,18,-1.5,6.5,1,18,-1.0833333333333333,6.5,1.8338520526885986,4.401245346188102,1.7881393432617188e-06,False
0,18,-1.5,6.5,0,19,-1.5,6.916666666666667,2.6492080688476562,6.358101790657726,2.34815070143668e-06,False
0,18,-1.5,6.5,0,17,-1.5,6.083333333333334,2.408292293548584,5.7799037093748895,3.5383277463552076e-06,False
1,18,-1.0833333333333333,6.5,2,18,-0.6666666666666666,6.5,1.451089859008789,3.482615495557046,5.623090828521526e-07,False
1,18,-1.0833333333333333,6.5,0,18,-1.5,6.5,2.680011034011841,6.432027095034322,1.3953089137430652e-06,False
1,18,-1.0833333333333333,6.5,1,19,-1.0833333333333333,6.916666666666667,2.292001962661743,5.500806808779453,9.5367431640625e-07,False
1,18,-1.0833333333333333,6.5,1,17,-1.0833333333333333,6.083333333333334,2.0086915493011475,4.820861557335494,1.5266238051481196e-06,False
2,18,-0.6666666666666666,6.5,3,18,-0.25,6.5,1.081307053565979,2.595136804812584,2.980232238769531e-07,False
2,18,-0.6666666666666666,6.5,1,18,-1.0833333333333333,6.5,2.2870635986328125,5.488952374985105,2.384185791015625e-06,False
2,18,-0.6666666666666666,6.5,2,19,-0.6666666666666666,6.916666666666667,1.9517059326171875,4.68409602512208,5.364418029785156e-07,False
2,18,-0.6666666666666666,6.5,2,17,-0.6666666666666666,6.083333333333334,1.6095733642578125,3.862977547827739,7.748603820800781e-07,False
3,18,-0.25,6.5,4,18,0.16666666666666674,6.5,0.7441132068634033,1.7858716113151736,4.851466428590356e-07,False
3,18,-0.25,6.5,2,18,-0.6666666666666666,6.5,1.8973089456558228,4.553541252444208,1.040950337483082e-06,False
3,18,-0.25,6.5,3,19,-0.25,6.916666666666667,1.638889193534851,3.933335564932085,1.2672121556533966e-06,False
3,18,-0.25,6.5,3,17,-0.25,6.083333333333334,1.211415410041809,2.9073980931846974,1.3072319688944845e-06,False
4,18,0.16666666666666674,6.5,5,18,0.5833333333333335,6.5,0.5090166926383972,1.2216401788368396,3.5762786865234375e-07,False
4,18,0.16666666666666674,6.5,3,18,-0.25,6.5,1.513213872909546,3.6317131218093337,1.25630128877674e-06,False
4,18,0.16666666666666674,6.5,4,19,0.16666666666666674,6.916666666666667,1.3724696636199951,3.293928449221973,6.14390614828153e-07,False
4,18,0.16666666666666674,6.5,4,17,0.16666666666666674,6.083333333333334,0.8156226873397827,1.9574951963406357,8.107108442345634e-07,False
5,18,0.5833333333333335,6.5,6,18,1.0,6.5,0.534231424331665,1.2821553572580644,7.633119025740598e-07,False
5,18,0.5833333333333335,6.5,4,18,0.16666666666666674,6.5,1.1405096054077148,2.737223314020473,1.53308258177276e-06,False
5,18,0.5833333333333335,6.5,5,19,0.5833333333333335,6.916666666666667,1.1841853857040405,2.8420460098442115,1.228781229656306e-06,False
5,18,0.5833333333333335,6.5,5,17,0.5833333333333335,6.083333333333334,0.4288003444671631,1.0291212192997816,1.9304914076201385e-06,False
6,18,1.0,6.5,7,18,1.416666666666667,6.5,0.7953776121139526,1.9089064511209919,2.614463937788969e-06,False
6,18,1.0,6.5,5,18,0.5833333333333335,6.5,0.7953770756721497,1.9089048905894808,1.228781229656306e-06,False
6,18,1.0,6.5,6,19,1.0,6.916666666666667,1.114377498626709,2.674507016947562,1.1920928955078125e-07,False
6,18,1.0,6.5,6,17,1.0,6.083333333333334,0.1530081182718277,0.367219623935556,2.387164158790256e-06,False
7,18,1.416666666666667,6.5,8,18,1.8333333333333335,6.5,1.140509009361267,2.7372211003835485,1.5497207641601562e-06,False
7,18,1.416666666666667,6.5,6,18,1.0,6.5,0.5342340469360352,1.2821618349229655,7.152557373046875e-07,False
7,18,1.416666666666667,6.5,7,19,1.416666666666667,6.916666666666667,1.1841881275177002,2.842052590199505,2.7210026019020006e-06,False
7,18,1.416666666666667,6.5,7,17,1.416666666666667,6.083333333333334,0.4287880063056946,1.029091607700961,1.2839233249906101e-06,False
8,18,1.8333333333333335,6.5,9,18,2.25,6.5,1.5131999254226685,3.6316801673584145,2.384185791015625e-06,False
8,18,1.8333333333333335,6.5,7,18,1.416666666666667,6.5,0.5090207457542419,1.2216495567990195,1.0185245855609537e-06,False
8,18,1.8333333333333335,6.5,8,19,1.8333333333333335,6.916666666666667,1.3724710941314697,3.293931882450822,9.5367431640625e-07,False
8,18,1.8333333333333335,6.5,8,17,1.8333333333333335,6.083333333333334,0.8155768513679504,1.9573851899662742,1.17407535071834e-06,False
9,18,2.25,6.5,10,18,2.666666666666667,6.5,1.8972375392913818,4.55336922581306,2.90048728857073e-06,False
9,18,2.25,6.5,8,18,1.8333333333333335,6.5,0.7441146969795227,1.7858754430652086,4.76837158203125e-07,False
9,18,2.25,6.5,9,19,2.25,6.916666666666667,1.638891577720642,3.9333412869801663,8.596304041930125e-07,False
9,18,2.25,6.5,9,17,2.25,6.083333333333334,1.2112268209457397,2.9069454791814726,2.384185791015625e-06,False
10,18,2.666666666666667,6.5,11,18,3.083333333333334,6.5,2.28672194480896,5.48813476109877,2.2492363314086106e-06,False
10,18,2.666666666666667,6.5,9,18,2.25,6.5,1.0812817811965942,2.595075779900402,1.719260808386025e-06,False
10,18,2.666666666666667,6.5,10,19,2.666666666666667,6.916666666666667,1.9517035484313965,4.684090303073999,2.5788913262658753e-06,False
10,18,2.666666666666667,6.5,10,17,2.666666666666667,6.083333333333334,1.6087826490402222,3.8610798305816005,3.198720833097468e-06,False
11,18,3.083333333333334,6.5,12,18,3.5,6.5,2.6784298419952393,6.428230394700929,6.240011316549499e-06,False
11,18,3.083333333333334,6.5,10,18,2.666666666666667,6.5,1.4509034156799316,3.482169525974093,1.2839233249906101e-06,False
11,18,3.083333333333334,6.5,11,19,3.083333333333334,6.916666666666667,2.291934013366699,5.500643730409138,1.1920928955078125e-06,False
11,18,3.083333333333334,6.5,11,17,3.083333333333334,6.083333333333334,2.00532603263855,4.812784314264036,1.3828277587890625e-05,False
12,18,3.5,6.5,13,18,3.916666666666667,6.5,3.0677871704101562,7.362687804663123,0.0001762440660968423,False
12,18,3.5,6.5,11,18,3.083333333333334,6.5,1.8328661918640137,4.398878021454235,3.0157830224197824e-06,False
12,18,3.5,6.5,12,19,3.5,6.916666666666667,2.6487560272216797,6.3570168903415265,4.978326160198776e-06,False
12,18,3.5,6.5,12,17,3.5,6.083333333333334,2.394002676010132,5.745608614200063,0.00040093017742037773,False
13,18,3.916666666666667,6.5,14,18,4.333333333333334,6.5,3.437028169631958,8.248866033770364,0.0003751035837922245,False
13,18,3.916666666666667,6.5,12,18,3.5,6.5,2.2181084156036377,5.323459182079471,5.2237613999750465e-05,False
13,18,3.916666666666667,6.5,13,19,3.916666666666667,6.916666666666667,3.014840841293335,7.235620779274284,2.3170801796368323e-05,False
13,18,3.916666666666667,6.5,13,17,3.916666666666667,6.083333333333334,2.74076509475708,6.577838736663336,0.0013971348525956273,False
14,18,4.333333333333334,6.5,15,18,4.75,6.5,3.442157506942749,8.261181168053119,0.8100479245185852,False
14,18,4.333333333333334,6.5,13,18,3.916666666666667,6.5,2.5909740924835205,6.218336635906861,0.0004997290088795125,False
14,18,4.333333333333334,6.5,14,19,4.333333333333334,6.916666666666667,3.3792829513549805,8.110282177079078,0.00015691420412622392,False
14,18,4.333333333333334,6.5,14,17,4.333333333333334,6.083333333333334,2.629420518875122,6.310611652607594,0.8939405083656311,False
15,18,4.75,6.5,16,18,5.166666666666667,6.5,4.111012935638428,9.866434809278415,2.4253695011138916,False
15,18,4.75,6.5,14,18,4.333333333333334,6.5,2.693140745162964,6.4635402540360465,0.6646867394447327,False
15,18,4.75,6.5,15,19,4.75,6.916666666666667,3.602783203125,8.646682985947795,0.3024216592311859,False
15,18,4.75,6.5,15,17,4.75,6.083333333333334,3.399492025375366,8.158783973229971,2.6074137687683105,False
16,18,5.166666666666667,6.5,17,18,5.583333333333334,6.5,4.031839847564697,9.676408251641654,1.5244269371032715,False
16,18,5.166666666666667,6.5,15,18,4.75,6.5,3.059262275695801,7.342232262509255,1.1273219585418701,False
16,18,5.166666666666667,6.5,16,19,5.166666666666667,6.916666666666667,3.947317123413086,9.473564710069546,1.0892574787139893,False
16,18,5.166666666666667,6.5,16,17,5.166666666666667,6.083333333333334,3.1737377643585205,7.6169735401052625,1.7751002311706543,False
17,18,5.583333333333334,6.5,18,18,6.0,6.5,5.001802921295166,12.004331590397488,2.5138003826141357,False
17,18,5.583333333333334,6.5,16,18,5.166666666666667,6.5,3.4872281551361084,8.369341187026071,1.1541696786880493,False
17,18,5.583333333333334,6.5,17,19,5.583333333333334,6.916666666666667,4.565267562866211,10.956646330507786,0.6503508687019348,False
17,18,5.583333333333334,6.5,17,17,5.583333333333334,6.083333333333334,4.124480724334717,9.898757514479643,2.3707826137542725,False
18,18,6.0,6.5,19,18,6.416666666666667,6.5,5.009584426879883,12.023007210924993,0.000488013174617663,False
18,18,6.0,6.5,17,18,5.583333333333334,6.5,4.475811004638672,10.741950508861736,0.3766099810600281,False
18,18,6.0,6.5,18,19,6.0,6.916666666666667,5.283791542053223,12.681104538385215,0.7972451448440552,False
18,18,6.0,6.5,18,17,6.0,6.083333333333334,4.148880958557129,9.957318098952522,0.00019436480943113565,False
19,18,6.416666666666667,6.5,20,18,6.833333333333334,6.5,5.237478733062744,12.569939369247917,6.679976650048047e-05,False
19,18,6.416666666666667,6.5,18,18,6.0,6.5,4.615907192230225,11.078181487343402,0.0003401804424356669,False
19,18,6.416666666666667,6.5,19,19,6.416666666666667,6.916666666666667,5.438817024230957,13.053165837541899,0.0013275201199576259,False
19,18,6.416666666666667,6.5,19,17,6.416666666666667,6.083333333333334,4.360106468200684,10.464259515479856,3.84438390028663e-05,False
20,18,6.833333333333334,6.5,21,18,7.25,6.5,5.4757184982299805,13.141729408923878,4.909339168079896e-06,False
20,18,6.833333333333334,6.5,19,18,6.416666666666667,6.5,4.799354553222656,11.518442139860428,0.00017688344814814627,False
20,18,6.833333333333334,6.5,20,19,6.833333333333334,6.916666666666667,5.651671886444092,13.564017701727945,0.00039412142359651625,False
20,18,6.833333333333334,6.5,20,17,6.833333333333334,6.083333333333334,4.588000297546387,11.011204914552655,3.43852161677205e-06,False
21,18,7.25,6.5,22,18,7.666666666666668,6.5,5.7304768562316895,13.753149701366311,7.68876816437114e-06,False
21,18,7.25,6.5,20,18,6.833333333333334,6.5,4.990912437438965,11.978194419172066,1.066240292857401e-05,False
21,18,7.25,6.5,21,19,7.25,6.916666666666667,5.860564231872559,14.065359522002991,2.02866049221484e-05,False
21,18,7.25,6.5,21,17,7.25,6.083333333333334,4.836921691894531,11.608616488882634,5.331201464287005e-06,False
22,18,7.666666666666668,6.5,23,18,8.083333333333334,6.5,6.000874996185303,14.402105484811967,3.7242173220874975e-06,False
22,18,7.666666666666668,6.5,21,18,7.25,6.5,5.203217029571533,12.487725634660963,6.827269317000173e-06,False
22,18,7.666666666666668,6.5,22,19,7.666666666666668,6.916666666666667,6.0846357345581055,14.60313133359197,6.827269317000173e-06,False
22,18,7.666666666666668,6.5,22,17,7.666666666666668,6.083333333333334,5.104905128479004,12.251776982031625,4.396221356728347e-06,False
23,18,8.083333333333334,6.5,24,18,8.5,6.5,6.28513240814209,15.084306271128638,3.84438408218557e-06,False
23,18,8.083333333333334,6.5,22,18,7.666666666666668,6.5,5.436173439025879,13.046821230629437,5.1356932999624405e-06,False
23,18,8.083333333333334,6.5,23,19,8.083333333333334,6.916666666666667,6.32534122467041,15.180824730234043,7.820711289241444e-06,False
23,18,8.083333333333334,6.5,23,17,8.083333333333334,6.083333333333334,5.389311790466309,12.934353231183332,2.384185791015625e-06,False
24,18,8.5,6.5,23,18,8.083333333333334,6.5,5.687709331512451,13.650491981130996,3.0157830224197824e-06,False
24,18,8.5,6.5,24,19,8.5,6.916666666666667,6.581479549407959,15.79555694410589,6.106495220592478e-06,False
24,18,8.5,6.5,24,17,8.5,6.083333333333334,5.687716007232666,13.650523624619913,5.1356932999624405e-06,False
0,19,-1.5,6.916666666666667,1,19,-1.0833333333333333,6.916666666666667,1.9770108461380005,4.744826483233116,1.0728836059570312e-06,False
0,19,-1.5,6.916666666666667,0,20,-1.5,7.333333333333334,2.8410468101501465,6.818507142252241,3.5762786865234375e-06,False
0,19,-1.5,6.916666666666667,0,18,-1.5,6.5,2.4161438941955566,5.7987475581159815,2.5484034722467186e-06,False
1,19,-1.0833333333333333,6.916666666666667,2,19,-0.6666666666666666,6.916666666666667,1.6282563209533691,3.907814983948947,2.0370491711219074e-06,False
1,19,-1.0833333333333333,6.916666666666667,0,19,-1.5,6.916666666666667,2.779930353164673,6.671833483870839,3.6334397464088397e-06,False
1,19,-1.0833333333333333,6.916666666666667,1,20,-1.0833333333333333,7.333333333333334,2.511277437210083,6.027061251021385,4.76837158203125e-07,False
1,19,-1.0833333333333333,6.916666666666667,1,18,-1.0833333333333333,6.5,2.0180985927581787,4.843438470244778,9.610960205463925e-07,False
2,19,-0.6666666666666666,6.916666666666667,3,19,-0.25,6.916666666666667,1.309496521949768,3.1427915028194664,1.4820476508248248e-06,False
2,19,-0.6666666666666666,6.916666666666667,1,19,-1.0833333333333333,6.916666666666667,2.4033761024475098,5.768102370829469,2.1981106783641735e-06,False
2,19,-0.6666666666666666,6.916666666666667,2,20,-0.6666666666666666,7.333333333333334,2.2050840854644775,5.292197767488275,9.991558727051597e-07,False
2,19,-0.6666666666666666,6.916666666666667,2,18,-0.6666666666666666,6.5,1.6212971210479736,3.8911145748575495,1.6214216884691268e-06,False
3,19,-0.25,6.916666666666667,4,19,0.16666666666666674,6.916666666666667,1.0484563112258911,2.5162950269558415,1.907581463456154e-06,False
3,19,-0.25,6.916666666666667,2,19,-0.6666666666666666,6.916666666666667,2.0360100269317627,4.886423831633385,1.0132789611816406e-06,False
3,19,-0.25,6.916666666666667,3,20,-0.25,7.333333333333334,1.9337003231048584,4.6408772347433205,4.172325134277344e-07,False
3,19,-0.25,6.916666666666667,3,18,-0.25,6.5,1.2269487380981445,2.9446780947410947,6.14390614828153e-07,False
4,19,0.16666666666666674,6.916666666666667,5,19,0.5833333333333335,6.916666666666667,0.8970248103141785,2.1528597500667335,9.702932857180713e-07,False
4,19,0.16666666666666674,6.916666666666667,3,19,-0.25,6.916666666666667,1.6838558912277222,4.041253946244528,1.9131605313305045e-06,False
4,19,0.16666666666666674,6.916666666666667,4,20,0.16666666666666674,7.333333333333334,1.7137415409088135,4.112976560229065,1.9493202216835925e-06,False
4,19,0.16666666666666674,6.916666666666667,4,18,0.16666666666666674,6.5,0.8385204672813416,2.012449889163929,9.610960205463925e-07,False
5,19,0.5833333333333335,6.916666666666667,6,19,1.0,6.916666666666667,0.9115697145462036,2.1877672105900188,1.5078915112098912e-06,False
5,19,0.5833333333333335,6.916666666666667,4,19,0.16666666666666674,6.916666666666667,1.3587932586669922,3.2611041318039065,2.4859941731847357e-06,False
5,19,0.5833333333333335,6.916666666666667,5,20,0.5833333333333335,7.333333333333334,1.5670148134231567,3.760832682927946,2.5069405182875926e-06,False
5,19,0.5833333333333335,6.916666666666667,5,18,0.5833333333333335,6.5,0.4708976745605469,1.1301548500651741,6.743495646333031e-07,False
6,19,1.0,6.916666666666667,7,19,1.416666666666667,6.916666666666667,1.0854417085647583,2.6050603489933346,1.9073486328125e-06,False
6,19,1.0,6.916666666666667,5,19,0.5833333333333335,6.916666666666667,1.085442066192627,2.605060834643324,3.6084200019104173e-06,False
6,19,1.0,6.916666666666667,6,20,1.0,7.333333333333334,1.5149526596069336,3.635883609097588,2.863505415007239e-06,False
6,19,1.0,6.916666666666667,6,18,1.0,6.5,0.2475639134645462,0.5941536189665294,1.430511474609375e-06,False
7,19,1.416666666666667,6.916666666666667,8,19,1.8333333333333335,6.916666666666667,1.3587942123413086,3.2611054876126313,2.4805847260722658e-06,False
7,19,1.416666666666667,6.916666666666667,6,19,1.0,6.916666666666667,0.9115711450576782,2.187770956780525,1.9304914076201385e-06,False
7,19,1.416666666666667,6.916666666666667,7,20,1.416666666666667,7.333333333333334,1.5670160055160522,3.760835543948712,3.4136346585000865e-06,False
7,19,1.416666666666667,6.916666666666667,7,18,1.416666666666667,6.5,0.47089800238609314,1.1301556368467853,6.743495646333031e-07,False
8,19,1.8333333333333335,6.916666666666667,9,19,2.25,6.916666666666667,1.6838548183441162,4.041251949429698,2.384185791015625e-06,False
8,19,1.8333333333333335,6.916666666666667,7,19,1.416666666666667,6.916666666666667,0.8970245122909546,2.152858418873135,5.960464477539062e-07,False
8,19,1.8333333333333335,6.916666666666667,8,20,1.8333333333333335,7.333333333333334,1.7137407064437866,4.112974557514528,1.1920928955078125e-06,False
8,19,1.8333333333333335,6.916666666666667,8,18,1.8333333333333335,6.5,0.8385173678398132,2.012442450501423,1.5266238051481196e-06,False
9,19,2.25,6.916666666666667,10,19,2.666666666666667,6.916666666666667,2.0360052585601807,4.886411688535368,9.830249609876773e-07,False
9,19,2.25,6.916666666666667,8,19,1.8333333333333335,6.916666666666667,1.0484576225280762,2.5162985340403115,0.0,False
9,19,2.25,6.916666666666667,9,20,2.25,7.333333333333334,1.9337007999420166,4.640878379151627,2.7804144338006154e-06,False
9,19,2.25,6.916666666666667,9,18,2.25,6.5,1.2269326448440552,2.944639470916546,1.0662403155947686e-06,False
10,19,2.666666666666667,6.916666666666667,11,19,3.083333333333334,6.916666666666667,2.4033446311950684,5.7680293151967295,1.1920928955078125e-06,False
10,19,2.666666666666667,6.916666666666667,9,19,2.25,6.916666666666667,1.3094983100891113,3.142795344773227,5.331201577973843e-07,False
10,19,2.666666666666667,6.916666666666667,10,20,2.666666666666667,7.333333333333334,2.2050857543945312,5.292201772917348,2.0370491711219074e-06,False
10,19,2.666666666666667,6.916666666666667,10,18,2.666666666666667,6.5,1.621217966079712,3.890924602861253,1.6689300537109375e-06,False
11,19,3.083333333333334,6.916666666666667,12,19,3.5,6.916666666666667,2.779771566390991,6.6714504868601825,2.9873763196519576e-06,False
11,19,3.083333333333334,6.916666666666667,10,19,2.666666666666667,6.916666666666667,1.6282496452331543,3.9078006392672116,2.396076979493955e-06,False
11,19,3.083333333333334,6.916666666666667,11,20,3.083333333333334,7.333333333333334,2.511277437210083,6.027061251021385,1.1920928955078125e-06,False
11,19,3.083333333333334,6.916666666666667,11,18,3.083333333333334,6.5,2.0177388191223145,4.842575013189321,1.922192041092785e-06,False
12,19,3.5,6.916666666666667,13,19,3.916666666666667,6.916666666666667,3.1616249084472656,7.587898332996686,2.910269586209324e-06,False
12,19,3.5,6.916666666666667,11,19,3.083333333333334,6.916666666666667,1.9769405126571655,4.744656325405821,4.76837158203125e-07,False
12,19,3.5,6.916666666666667,12,20,3.5,7.333333333333334,2.8410208225250244,6.818444771999533,1.0662403155947686e-06,False
12,19,3.5,6.916666666666667,12,18,3.5,6.5,2.4145326614379883,5.794880598022689,5.902966677240329e-06,False
13,19,3.916666666666667,6.916666666666667,14,19,4.333333333333334,6.916666666666667,3.545259952545166,8.508622263217495,5.750782656832598e-05,False
13,19,3.916666666666667,6.916666666666667,12,19,3.5,6.916666666666667,2.341979503631592,5.620749736642888,3.053247610296239e-06,False
13,19,3.916666666666667,6.916666666666667,13,20,3.916666666666667,7.333333333333334,3.1868832111358643,7.648513871373084,2.6973982585332124e-06,False
13,19,3.916666666666667,6.916666666666667,13,18,3.916666666666667,6.5,2.8077635765075684,6.7386351542034735,0.00012888922356069088,False
14,19,4.333333333333334,6.916666666666667,15,19,4.75,6.916666666666667,3.9211230278015137,9.410698856620352,0.00020948785822838545,False
14,19,4.333333333333334,6.916666666666667,13,19,3.916666666666667,6.916666666666667,2.7155368328094482,6.517287155668801,1.520654586784076e-05,False
14,19,4.333333333333334,6.916666666666667,14,20,4.333333333333334,7.333333333333334,3.5434608459472656,8.504299542007796,6.624433353863424e-06,False
14,19,4.333333333333334,6.916666666666667,14,18,4.333333333333334,6.5,3.181450366973877,7.635483793443219,0.000784302013926208,False
15,19,4.75,6.916666666666667,16,19,5.166666666666667,6.916666666666667,4.308765888214111,10.34104207650836,2.0262808799743652,False
15,19,4.75,6.916666666666667,14,19,4.333333333333334,6.916666666666667,3.088438034057617,7.412254109288829,0.0006297172512859106,False
15,19,4.75,6.916666666666667,15,20,4.75,7.333333333333334,3.9042506217956543,9.370194343418623,0.0002968965272884816,False
15,19,4.75,6.916666666666667,15,18,4.75,6.5,3.5563321113586426,8.535200323181275,1.738152265548706,False
16,19,5.166666666666667,6.916666666666667,17,19,5.583333333333334,6.916666666666667,4.2874579429626465,10.289891212546378,0.964250922203064,False
16,19,5.166666666666667,6.916666666666667,15,19,4.75,6.916666666666667,3.445335865020752,8.2688092303502,0.1024332046508789,False
16,19,5.166666666666667,6.916666666666667,16,20,5.166666666666667,7.333333333333334,4.245030879974365,10.188066339060715,0.14982472360134125,False
16,19,5.166666666666667,6.916666666666667,16,18,5.166666666666667,6.5,3.41146183013916,8.187511515621763,1.0216355323791504,False
17,19,5.583333333333334,6.916666666666667,18,19,6.0,6.916666666666667,4.571901321411133,10.972567357088987,1.4757734537124634,False
17,19,5.583333333333334,6.916666666666667,16,19,5.166666666666667,6.916666666666667,3.5477941036224365,8.51469935249378,0.32700881361961365,False
17,19,5.583333333333334,6.916666666666667,17,20,5.583333333333334,7.333333333333334,4.440521240234375,10.65724284573147,1.9764659404754639,False
17,19,5.583333333333334,6.916666666666667,17,18,5.583333333333334,6.5,3.6742780208587646,8.818270613964316,1.0268645286560059,False
18,19,6.0,6.916666666666667,19,19,6.416666666666667,6.916666666666667,4.934993267059326,11.843988359065383,0.913873016834259,False
18,19,6.0,6.916666666666667,17,19,5.583333333333334,6.916666666666667,4.286746978759766,10.288196673659009,1.6948792934417725,False
18,19,6.0,6.916666666666667,18,20,6.0,7.333333333333334,5.016622543334961,12.039884918300691,1.5696228742599487,False
18,19,6.0,6.916666666666667,18,18,6.0,6.5,4.047860622406006,9.71486919970291,0.8864148855209351,False
19,19,6.416666666666667,6.916666666666667,20,19,6.833333333333334,6.916666666666667,5.548871040344238,13.317280336547595,0.004178720060735941,False
19,19,6.416666666666667,6.916666666666667,18,19,6.0,6.916666666666667,4.476918697357178,10.744608972400274,0.7764549255371094,False
19,19,6.416666666666667,6.916666666666667,19,20,6.416666666666667,7.333333333333334,5.266965866088867,12.640708434518102,1.122939944267273,False
19,19,6.416666666666667,6.916666666666667,19,18,6.416666666666667,6.5,4.68291711807251,11.23900537071433,0.0008803458767943084,False
20,19,6.833333333333334,6.916666666666667,21,19,7.25,6.916666666666667,5.793660640716553,13.904790841976487,0.00020095221407245845,False
20,19,6.833333333333334,6.916666666666667,19,19,6.416666666666667,6.916666666666667,5.12338924407959,12.296124804592282,0.006576919928193092,False
20,19,6.833333333333334,6.916666666666667,20,20,6.833333333333334,7.333333333333334,5.995390892028809,14.388927162988919,1.5114569664001465,False
20,19,6.833333333333334,6.916666666666667,20,18,6.833333333333334,6.5,4.9127583503723145,11.790624538659873,0.00011320741032250226,False
21,19,7.25,6.916666666666667,22,19,7.666666666666668,6.916666666666667,6.037891387939453,14.49094485891146,7.703540177317336e-06,False
21,19,7.25,6.916666666666667,20,19,6.833333333333334,6.916666666666667,5.334835052490234,12.80360901016579,0.0005162387387827039,False
21,19,7.25,6.916666666666667,21,20,7.25,7.333333333333334,6.193436622619629,14.864236553774601,0.00012524852354545146,False
21,19,7.25,6.916666666666667,21,18,7.25,6.5,5.148592948913574,12.356627791072002,7.64428114052862e-06,False
22,19,7.666666666666668,6.916666666666667,23,19,8.083333333333334,6.916666666666667,6.295649528503418,15.109564632249691,2.86102294921875e-06,False
22,19,7.666666666666668,6.916666666666667,21,19,7.25,6.916666666666667,5.539328575134277,13.294393651730976,2.1563375412370078e-05,False
22,19,7.666666666666668,6.916666666666667,22,20,7.666666666666668,7.333333333333334,6.413466930389404,15.392308889534844,4.874013029620983e-05,False
22,19,7.666666666666668,6.916666666666667,22,18,7.666666666666668,6.5,5.401618480682373,12.963889298969,4.396221356728347e-06,False
23,19,8.083333333333334,6.916666666666667,24,19,8.5,6.916666666666667,6.567257404327393,15.761405745387462,1.3486991292666062e-06,False
23,19,8.083333333333334,6.916666666666667,22,19,7.666666666666668,6.916666666666667,5.7597856521606445,13.823490838428818,6.3618012973165605e-06,False
23,19,8.083333333333334,6.916666666666667,23,20,8.083333333333334,7.333333333333334,6.643717288970947,15.94490932852987,2.86102294921875e-06,False
23,19,8.083333333333334,6.916666666666667,23,18,8.083333333333334,6.5,5.671252250671387,13.611010593799817,7.448434644174995e-06,False
24,19,8.5,6.916666666666667,23,19,8.083333333333334,6.916666666666667,5.997977256774902,14.395134433643774,7.68876816437114e-06,False
24,19,8.5,6.916666666666667,24,20,8.5,7.333333333333334,6.888315677642822,16.531945013469684,5.80097457714146e-06,False
24,19,8.5,6.916666666666667,24,18,8.5,6.5,5.955562591552734,14.293355672209042,3.814697265625e-06,False
0,20,-1.5,7.333333333333334,1,20,-1.0833333333333333,7.333333333333334,2.1851863861083984,5.244447826809676,4.163801349932328e-06,False
0,20,-1.5,7.333333333333334,0,21,-1.5,7.75,3.0733840465545654,7.376124525499163,3.5443470096652163e-06,False
0,20,-1.5,7.333333333333334,0,19,-1.5,6.916666666666667,2.4892849922180176,5.974279423309766,1.1246181657043053e-06,False
1,20,-1.0833333333333333,7.333333333333334,2,20,-0.6666666666666666,7.333333333333334,1.8755508661270142,4.501321864065082,2.384185791015625e-07,False
1,20,-1.0833333333333333,7.333333333333334,0,20,-1.5,7.333333333333334,2.931635618209839,7.03592615470182,4.396221356728347e-06,False
1,20,-1.0833333333333333,7.333333333333334,1,21,-1.0833333333333333,7.75,2.7714009284973145,6.651364765687853,3.312216676931712e-06,False
1,20,-1.0833333333333333,7.333333333333334,1,19,-1.0833333333333333,6.916666666666667,2.1051156520843506,5.0522737104235,2.081900674966164e-06,False
2,20,-0.6666666666666666,7.333333333333334,3,20,-0.25,7.333333333333334,1.6066282987594604,3.8559077331586966,1.4675941883979249e-06,False
2,20,-0.6666666666666666,7.333333333333334,1,20,-1.0833333333333333,7.333333333333334,2.5773420333862305,6.185620585173579,2.109027718688594e-06,False
2,20,-0.6666666666666666,7.333333333333334,2,21,-0.6666666666666666,7.75,2.4973080158233643,5.993541524330721,2.6656007321435027e-06,False
2,20,-0.6666666666666666,7.333333333333334,2,19,-0.6666666666666666,6.916666666666667,1.7284083366394043,4.148176843126798,9.610960205463925e-07,False
3,20,-0.25,7.333333333333334,4,20,0.16666666666666674,7.333333333333334,1.402043104171753,3.3649032895611146,1.9261156012362335e-06,False
3,20,-0.25,7.333333333333334,2,20,-0.6666666666666666,7.333333333333334,2.238705635070801,5.372893267970406,2.0230486370564904e-06,False
3,20,-0.25,7.333333333333334,3,21,-0.25,7.75,2.2612686157226562,5.427046747988414,1.5497207641601562e-06,False
3,20,-0.25,7.333333333333334,3,19,-0.25,6.916666666666667,1.3653534650802612,3.276845816157672,3.5762786865234375e-07,False
4,20,0.16666666666666674,7.333333333333334,5,20,0.5833333333333335,7.333333333333334,1.2927186489105225,3.1025250532651,1.4354699260366033e-06,False
4,20,0.16666666666666674,7.333333333333334,3,20,-0.25,7.333333333333334,1.9240167140960693,4.617639893644338,3.122851012449246e-06,False
4,20,0.16666666666666674,7.333333333333334,4,21,0.16666666666666674,7.75,2.076307773590088,4.983140557533477,1.6268901390503743e-06,False
4,20,0.16666666666666674,7.333333333333334,4,19,0.16666666666666674,6.916666666666667,1.0304880142211914,2.47316934725239,1.0084464747706079e-06,False
5,20,0.5833333333333335,7.333333333333334,6,20,1.0,7.333333333333334,1.3028546571731567,3.1268510281157003,2.384185791015625e-07,False
5,20,0.5833333333333335,7.333333333333334,4,20,0.16666666666666674,7.333333333333334,1.64705491065979,3.9529321625644838,1.9734898160095327e-06,False
5,20,0.5833333333333335,7.333333333333334,5,21,0.5833333333333335,7.75,1.9569581747055054,4.696701410942616,2.431401981084491e-06,False
5,20,0.5833333333333335,7.333333333333334,5,19,0.5833333333333335,6.916666666666667,0.7619282007217407,1.8286262866010388,8.344650268554688e-07,False
6,20,1.0,7.333333333333334,7,20,1.416666666666667,7.333333333333334,1.4299123287200928,3.4317899162092127,2.410858769508195e-06,False
6,20,1.0,7.333333333333334,5,20,0.5833333333333335,7.333333333333334,1.4299122095108032,3.4317891391854696,5.960464477539062e-07,False
6,20,1.0,7.333333333333334,6,21,1.0,7.75,1.9155209064483643,4.597251929188511,4.805480102731963e-07,False
6,20,1.0,7.333333333333334,6,19,1.0,6.916666666666667,0.6481322050094604,1.5555161052580984,2.384185791015625e-07,False
7,20,1.416666666666667,7.333333333333334,8,20,1.8333333333333335,7.333333333333334,1.6470526456832886,3.9529255956791696,1.6214216884691268e-06,False
7,20,1.416666666666667,7.333333333333334,6,20,1.0,7.333333333333334,1.3028523921966553,3.1268460394712485,1.1324882507324219e-06,False
7,20,1.416666666666667,7.333333333333334,7,21,1.416666666666667,7.75,1.9569553136825562,4.696694544484918,4.76837158203125e-07,False
7,20,1.416666666666667,7.333333333333334,7,19,1.416666666666667,6.916666666666667,0.7619258165359497,1.8286205645595057,4.76837158203125e-07,False
8,20,1.8333333333333335,7.333333333333334,9,20,2.25,7.333333333333334,1.9240174293518066,4.6176422708170195,2.5344243113067932e-06,False
8,20,1.8333333333333335,7.333333333333334,7,20,1.416666666666667,7.333333333333334,1.2927197217941284,3.1025267405458945,1.5497207641601562e-06,False
8,20,1.8333333333333335,7.333333333333334,8,21,1.8333333333333335,7.75,2.0763087272644043,4.98314284635271,1.450243644285365e-06,False
8,20,1.8333333333333335,7.333333333333334,8,19,1.8333333333333335,6.916666666666667,1.0304887294769287,2.47317106386485,8.596304041930125e-07,False
9,20,2.25,7.333333333333334,10,20,2.666666666666667,7.333333333333334,2.23870587348938,5.372893071576486,1.1920928955078125e-06,False
9,20,2.25,7.333333333333334,8,20,1.8333333333333335,7.333333333333334,1.4020442962646484,3.3649066319376595,2.384185791015625e-07,False
9,20,2.25,7.333333333333334,9,21,2.25,7.75,2.2612695693969727,5.427049036807646,6.743495646333031e-07,False
9,20,2.25,7.333333333333334,9,19,2.25,6.916666666666667,1.3653531074523926,3.2768449578514423,2.8709398520732066e-06,False
10,20,2.666666666666667,7.333333333333334,11,20,3.083333333333334,7.333333333333334,2.5773377418518066,6.185612940068413,1.450243644285365e-06,False
10,20,2.666666666666667,7.333333333333334,9,20,2.25,7.333333333333334,1.606626272201538,3.85590231782869,8.596304041930125e-07,False
10,20,2.666666666666667,7.333333333333334,10,21,2.666666666666667,7.75,2.4973065853118896,5.993538091101872,2.7804144338006154e-06,False
10,20,2.666666666666667,7.333333333333334,10,19,2.666666666666667,6.916666666666667,1.7284009456634521,4.148159104798046,1.719260808386025e-06,False
11,20,3.083333333333334,7.333333333333334,12,20,3.5,7.333333333333334,2.9316210746765137,7.035889237234261,1.3486991292666062e-06,False
11,20,3.083333333333334,7.333333333333334,10,20,2.666666666666667,7.333333333333334,1.8755515813827515,4.501325512438016,8.596304041930125e-07,False
11,20,3.083333333333334,7.333333333333334,11,21,3.083333333333334,7.75,2.7714016437530518,6.651366482302278,2.0230486370564904e-06,False
11,20,3.083333333333334,7.333333333333334,11,19,3.083333333333334,6.916666666666667,2.1050820350646973,5.052193029637887,1.2839233249906101e-06,False
12,20,3.5,7.333333333333334,13,20,3.916666666666667,7.333333333333334,3.296469211578369,7.911524598784523,4.2649612623790745e-06,False
12,20,3.5,7.333333333333334,11,20,3.083333333333334,7.333333333333334,2.1851868629455566,5.244447470770365,3.4136346585000865e-06,False
12,20,3.5,7.333333333333334,12,21,3.5,7.75,3.0733866691589355,7.376130819752052,2.0230486370564904e-06,False
12,20,3.5,7.333333333333334,12,19,3.5,6.916666666666667,2.489121913909912,5.973888035668918,3.3717478800099343e-06,False
13,20,3.916666666666667,7.333333333333334,14,20,4.333333333333334,7.333333333333334,3.6685233116149902,8.804454268559596,3.814697265625e-06,False
13,20,3.916666666666667,7.333333333333334,12,20,3.5,7.333333333333334,2.5205516815185547,6.0493228818277585,2.9873763196519576e-06,False
13,20,3.916666666666667,7.333333333333334,13,21,3.916666666666667,7.75,3.3958189487457275,8.149968585956033,1.9660499219753547e-06,False
13,20,3.916666666666667,7.333333333333334,13,19,3.916666666666667,6.916666666666667,2.87715482711792,6.905166316859194,4.396221356728347e-06,False
14,20,4.333333333333334,7.333333333333334,15,20,4.75,7.333333333333334,4.044827461242676,9.707589610133976,2.024172317760531e-05,False
14,20,4.333333333333334,7.333333333333334,13,20,3.916666666666667,7.333333333333334,2.872530937194824,6.89407293432752,2.6656007321435027e-06,False
14,20,4.333333333333334,7.333333333333334,14,21,4.333333333333334,7.75,3.7333428859710693,8.960026344309366,4.046097274112981e-06,False
14,20,4.333333333333334,7.333333333333334,14,19,4.333333333333334,6.916666666666667,3.2658839225769043,7.838115434177068,4.530705700744875e-05,False
15,20,4.75,7.333333333333334,16,20,5.166666666666667,7.333333333333334,4.419933795928955,10.607845156801284,0.0005488528404384851,False
15,20,4.75,7.333333333333334,14,20,4.333333333333334,7.333333333333334,3.2351207733154297,7.7642928177996895,4.909339168079896e-06,False
15,20,4.75,7.333333333333334,15,21,4.75,7.75,4.081887722015381,9.796534269918164,3.84438408218557e-06,False
15,20,4.75,7.333333333333334,15,19,4.75,6.916666666666667,3.6463449001312256,8.751221083663113,0.00011848323629237711,False
16,20,5.166666666666667,7.333333333333334,17,20,5.583333333333334,7.333333333333334,4.769458770751953,11.44669231667151,0.009247493930161,False
16,20,5.166666666666667,7.333333333333334,15,20,4.75,7.333333333333334,3.602170467376709,8.64521241959092,0.00017671626119408756,False
16,20,5.166666666666667,7.333333333333334,16,21,5.166666666666667,7.75,4.437098979949951,10.649041614166876,8.321867062477395e-05,False
16,20,5.166666666666667,7.333333333333334,16,19,5.166666666666667,6.916666666666667,3.9570398330688477,9.496888353814427,0.31017789244651794,False
17,20,5.583333333333334,7.333333333333334,18,20,6.0,7.333333333333334,4.9444146156311035,11.866599604263154,1.4498637914657593,False
17,20,5.583333333333334,7.333333333333334,16,20,5.166666666666667,7.333333333333334,3.952620029449463,9.4862808332208,0.005974009167402983,False
17,20,5.583333333333334,7.333333333333334,17,21,5.583333333333334,7.75,4.786133289337158,11.486724276246749,0.000823803071398288,False
17,20,5.583333333333334,7.333333333333334,17,19,5.583333333333334,6.916666666666667,4.051992416381836,9.724774379902358,0.7104377746582031,False
18,20,6.0,7.333333333333334,19,20,6.416666666666667,7.333333333333334,5.329372882843018,12.790499798011703,2.272216320037842,False
18,20,6.0,7.333333333333334,17,20,5.583333333333334,7.333333333333334,4.22379732131958,10.13711743817041,2.4998135566711426,False
18,20,6.0,7.333333333333334,18,21,6.0,7.75,5.081687927246094,12.19605567781665,2.5617611408233643,False
18,20,6.0,7.333333333333334,18,19,6.0,6.916666666666667,4.316627025604248,10.359896957476076,1.6483134031295776,False
19,20,6.416666666666667,7.333333333333334,20,20,6.833333333333334,7.333333333333334,5.5043864250183105,13.21051734121907,1.701770544052124,False
19,20,6.416666666666667,7.333333333333334,18,20,6.0,7.333333333333334,4.484973907470703,10.763941484047502,1.0398999452590942,False
19,20,6.416666666666667,7.333333333333334,19,21,6.416666666666667,7.75,5.363979339599609,12.873555325910692,0.9886103272438049,False
19,20,6.416666666666667,7.333333333333334,19,19,6.416666666666667,6.916666666666667,4.880039215087891,11.712085180599075,2.1899800300598145,False
20,20,6.833333333333334,7.333333333333334,21,20,7.25,7.333333333333334,6.101638317108154,14.643937547278423,0.06872568279504776,False
20,20,6.833333333333334,7.333333333333334,19,20,6.416666666666667,7.333333333333334,4.937292098999023,11.849491997152713,1.0207489728927612,False
20,20,6.833333333333334,7.333333333333334,20,21,6.833333333333334,7.75,5.947932243347168,14.275042829529887,1.7290544509887695,False
20,20,6.833333333333334,7.333333333333334,20,19,6.833333333333334,6.916666666666667,4.971004962921143,11.930402808835748,0.647715151309967,False
21,20,7.25,7.333333333333334,22,20,7.666666666666668,7.333333333333334,6.35049295425415,15.241188904262124,0.0006408991175703704,False
21,20,7.25,7.333333333333334,20,20,6.833333333333334,7.333333333333334,5.387214660644531,12.929320117691084,0.7641606330871582,False
21,20,7.25,7.333333333333334,21,21,7.25,7.75,6.320387840270996,15.168936603140489,1.3477193117141724,False
21,20,7.25,7.333333333333334,21,19,7.25,6.916666666666667,5.467177867889404,13.121216872240545,0.0003550695546437055,False
22,20,7.666666666666668,7.333333333333334,23,20,8.083333333333334,7.333333333333334,6.6005859375,15.841412293019216,2.289314943482168e-05,False
22,20,7.666666666666668,7.333333333333334,21,20,7.25,7.333333333333334,5.873476982116699,14.09635013441091,0.00019836655701510608,False
22,20,7.666666666666668,7.333333333333334,22,21,7.666666666666668,7.75,6.736499786376953,16.167605654756795,0.0007357653230428696,False
22,20,7.666666666666668,7.333333333333334,22,19,7.666666666666668,6.916666666666667,5.710155963897705,13.704363857754625,1.2588861864060163e-05,False
23,20,8.083333333333334,7.333333333333334,24,20,8.5,7.333333333333334,6.860996723175049,16.46637957276949,8.203816832974553e-06,False
23,20,8.083333333333334,7.333333333333334,22,20,7.666666666666668,7.333333333333334,6.090640068054199,14.617541739479728,6.269819277804345e-05,False
23,20,8.083333333333334,7.333333333333334,23,21,8.083333333333334,7.75,6.967992305755615,16.723187913203397,0.00013542511442210525,False
23,20,8.083333333333334,7.333333333333334,23,19,8.083333333333334,6.916666666666667,5.966618061065674,14.319872421361984,4.2649612623790745e-06,False
24,20,8.5,7.333333333333334,23,20,8.083333333333334,7.333333333333334,6.318034648895264,15.163271588690499,5.581235654972261e-06,False
24,20,8.5,7.333333333333334,24,21,8.5,7.75,7.203843116760254,17.289230075542477,1.049041748046875e-05,False
24,20,8.5,7.333333333333334,24,19,8.5,6.916666666666667,6.2376179695129395,14.970271705420146,6.624433353863424e-06,False
0,21,-1.5,7.75,1,21,-1.0833333333333333,7.75,2.441807508468628,5.860338579210146,2.9802322387695312e-06,False
0,21,-1.5,7.75,0,22,-1.5,8.166666666666668,3.3377773761749268,8.010659591171576,3.7242173220874975e-06,False
0,21,-1.5,7.75,0,20,-1.5,7.333333333333334,2.622260093688965,6.29342662560525,1.430511474609375e-06,False
1,21,-1.0833333333333333,7.75,2,21,-0.6666666666666666,7.75,2.1691181659698486,5.205883350091774,4.172325134277344e-07,False
1,21,-1.0833333333333333,7.75,0,21,-1.5,7.75,3.1275980472564697,7.506236029265978,2.384185791015625e-06,False
1,21,-1.0833333333333333,7.75,1,22,-1.0833333333333333,8.166666666666668,3.061980962753296,7.348748703957593,3.996623490820639e-06,False
1,21,-1.0833333333333333,7.75,1,20,-1.0833333333333333,7.333333333333334,2.2607998847961426,5.425921793335645,2.4805847260722658e-06,False
2,21,-0.6666666666666666,7.75,3,21,-0.25,7.75,1.9412988424301147,4.659116999668265,2.0168929495412158e-06,False
2,21,-0.6666666666666666,7.75,1,21,-1.0833333333333333,7.75,2.7982277870178223,6.715746368611032,3.312216676931712e-06,False
2,21,-0.6666666666666666,7.75,2,22,-0.6666666666666666,8.166666666666668,2.8163130283355713,6.7591461111861335,3.904900495399488e-06,False
2,21,-0.6666666666666666,7.75,2,20,-0.6666666666666666,7.333333333333334,1.9149683713912964,4.595925844545687,2.6656007321435027e-06,False
3,21,-0.25,7.75,4,21,0.16666666666666674,7.75,1.7757010459899902,4.261682307163128,1.9094429717370076e-06,False
3,21,-0.25,7.75,2,21,-0.6666666666666666,7.75,2.4898176193237305,5.975562001439953,2.457562459312612e-06,False
3,21,-0.25,7.75,3,22,-0.25,8.166666666666668,2.609292984008789,6.2622983838665895,1.7881393432617188e-07,False
3,21,-0.25,7.75,3,20,-0.25,7.333333333333334,1.5949604511260986,3.827906542933099,1.981350123969605e-06,False
4,21,0.16666666666666674,7.75,5,21,0.5833333333333335,7.75,1.690711498260498,4.057707982798384,5.960464477539063e-08,False
4,21,0.16666666666666674,7.75,3,21,-0.25,7.75,2.2111589908599854,5.306781325016912,1.3486991292666062e-06,False
4,21,0.16666666666666674,7.75,4,22,0.16666666666666674,8.166666666666668,2.4507386684417725,5.881768316827151,1.043081283569336e-07,False
4,21,0.16666666666666674,7.75,4,20,0.16666666666666674,7.333333333333334,1.3197011947631836,3.167284075654631,4.172325134277344e-07,False
5,21,0.5833333333333335,7.75,6,21,1.0,7.75,1.698473572731018,4.076336380179578,1.5078915112098912e-06,False
5,21,0.5833333333333335,7.75,4,21,0.16666666666666674,7.75,1.9748849868774414,4.739724420521204,2.5734179871506058e-06,False
5,21,0.5833333333333335,7.75,5,22,0.5833333333333335,8.166666666666668,2.350478172302246,5.641143309674599,9.610960205463925e-07,False
5,21,0.5833333333333335,7.75,5,20,0.5833333333333335,7.333333333333334,1.1226035356521606,2.6942495133398108,4.76837158203125e-07,False
6,21,1.0,7.75,7,21,1.416666666666667,7.75,1.7977871894836426,4.314689666241614,2.5259996618842706e-06,False
6,21,1.0,7.75,5,21,0.5833333333333335,7.75,1.7977875471115112,4.314689907327179,1.0941957953036763e-06,False
6,21,1.0,7.75,6,22,1.0,8.166666666666668,2.3160951137542725,5.558624032116675,0.0,False
6,21,1.0,7.75,6,20,1.0,7.333333333333334,1.0487060546875,2.516895491369435,9.5367431640625e-07,False
7,21,1.416666666666667,7.75,8,21,1.8333333333333335,7.75,1.974886417388916,4.739726497702313,2.457562459312612e-06,False
7,21,1.416666666666667,7.75,6,21,1.0,7.75,1.6984755992889404,4.0763418270437075,1.5736077330075204e-06,False
7,21,1.416666666666667,7.75,7,22,1.416666666666667,8.166666666666668,2.3504798412323,5.641147315103672,3.860982815240277e-06,False
7,21,1.416666666666667,7.75,7,20,1.416666666666667,7.333333333333334,1.1226054430007935,2.6942540909782755,2.387164158790256e-06,False
8,21,1.8333333333333335,7.75,9,21,2.25,7.75,2.2111597061157227,5.306783800772076,2.5344243113067932e-06,False
8,21,1.8333333333333335,7.75,7,21,1.416666666666667,7.75,1.6907124519348145,4.057709110696962,2.384185791015625e-06,False
8,21,1.8333333333333335,7.75,8,22,1.8333333333333335,8.166666666666668,2.4507393836975098,5.881770033439611,3.84438408218557e-06,False
8,21,1.8333333333333335,7.75,8,20,1.8333333333333335,7.333333333333334,1.3197021484375,3.1672863644738634,1.4745374983249349e-06,False
9,21,2.25,7.75,10,21,2.666666666666667,7.75,2.489818811416626,5.975564007651518,4.891940079687629e-06,False
9,21,2.25,7.75,8,21,1.8333333333333335,7.75,1.7757024765014648,4.261686350029597,1.4745374983249349e-06,False
9,21,2.25,7.75,9,22,2.25,8.166666666666668,2.6092939376831055,6.262300672683202,4.915124918625224e-06,False
9,21,2.25,7.75,9,20,2.25,7.333333333333334,1.5949617624282837,3.8279096900595437,1.3486991292666062e-06,False
10,21,2.666666666666667,7.75,11,21,3.083333333333334,7.75,2.7982263565063477,6.715745817468955,3.6393016671354417e-06,False
10,21,2.666666666666667,7.75,9,21,2.25,7.75,1.9412972927093506,4.659112613847234,5.331201577973843e-07,False
10,21,2.666666666666667,7.75,10,22,2.666666666666667,8.166666666666668,2.8163115978240967,6.759142677961214,4.376783181214705e-06,False
10,21,2.666666666666667,7.75,10,20,2.666666666666667,7.333333333333334,1.9149668216705322,4.595922125214433,1.430511474609375e-06,False
11,21,3.083333333333334,7.75,12,21,3.5,7.75,3.1275973320007324,7.506232165101592,1.9660499219753547e-06,False
11,21,3.083333333333334,7.75,10,21,2.666666666666667,7.75,2.1691198348999023,5.205889589649044,2.384185791015625e-06,False
11,21,3.083333333333334,7.75,11,22,3.083333333333334,8.166666666666668,3.0619821548461914,7.348751564978359,4.163801349932328e-06,False
11,21,3.083333333333334,7.75,11,20,3.083333333333334,7.333333333333334,2.260798454284668,5.425918360106796,2.7804144338006154e-06,False
12,21,3.5,7.75,13,21,3.916666666666667,7.75,3.471966028213501,8.332716878372787,4.629251634469256e-06,False
12,21,3.5,7.75,11,21,3.083333333333334,7.75,2.441809892654419,5.860342624598956,1.719260808386025e-06,False
12,21,3.5,7.75,12,22,3.5,8.166666666666668,3.3377795219421387,8.010664741008956,5.922194759477861e-06,False
12,21,3.5,7.75,12,20,3.5,7.333333333333334,2.6222469806671143,6.293395154340803,2.8709398520732066e-06,False
13,21,3.916666666666667,7.75,14,21,4.333333333333334,7.75,3.827260732650757,9.185424006381224,1.0662403155947686e-06,False
13,21,3.916666666666667,7.75,12,21,3.5,7.75,2.746030569076538,6.590472108750895,2.7906178274861304e-06,False
13,21,3.916666666666667,7.75,13,22,3.916666666666667,8.166666666666668,3.6368534564971924,8.728441636320772,1.5266238051481196e-06,False
13,21,3.916666666666667,7.75,13,20,3.916666666666667,7.333333333333334,2.993614912033081,7.184678529616749,4.0810687096382026e-06,False
14,21,4.333333333333334,7.75,15,21,4.75,7.75,4.190606594085693,10.057459662422051,4.396221356728347e-06,False
14,21,4.333333333333334,7.75,13,21,3.916666666666667,7.75,3.072429895401001,7.37383034251588,2.5788913262658753e-06,False
14,21,4.333333333333334,7.75,14,22,4.333333333333334,8.166666666666668,3.9539291858673096,9.489422806226496,1.3486991292666062e-06,False
14,21,4.333333333333334,7.75,14,20,4.333333333333334,7.333333333333334,3.371424913406372,8.091422878808165,3.84438408218557e-06,False
15,21,4.75,7.75,16,21,5.166666666666667,7.75,4.559574127197266,10.94298207968982,6.777129328838782e-06,False
15,21,4.75,7.75,14,21,4.333333333333334,7.75,3.4145898818969727,8.195018842704332,4.76837158203125e-06,False
15,21,4.75,7.75,15,22,4.75,8.166666666666668,4.284977436065674,10.283938000535583,2.5678466499812203e-06,False
15,21,4.75,7.75,15,20,4.75,7.333333333333334,3.752774715423584,9.006662752785779,1.4851008927507792e-05,False
16,21,5.166666666666667,7.75,17,21,5.583333333333334,7.75,4.93058967590332,11.833406193995518,0.00017858172941487283,False
16,21,5.166666666666667,7.75,15,21,4.75,7.75,3.767937660217285,9.043053834172758,2.90048728857073e-06,False
16,21,5.166666666666667,7.75,16,22,5.166666666666667,8.166666666666668,4.626837253570557,11.104400936583758,8.529922524758149e-06,False
16,21,5.166666666666667,7.75,16,20,5.166666666666667,7.333333333333334,4.132418155670166,9.91780735695166,0.00040235844790004194,False
17,21,5.583333333333334,7.75,18,21,6.0,7.75,5.291146278381348,12.69875591230618,0.0003768190508708358,False
17,21,5.583333333333334,7.75,16,21,5.166666666666667,7.75,4.1281514167785645,9.907555841403319,5.405323099694215e-05,False
17,21,5.583333333333334,7.75,17,22,5.583333333333334,8.166666666666668,4.976410388946533,11.943375821399062,2.6377329049864784e-05,False
17,21,5.583333333333334,7.75,17,20,5.583333333333334,7.333333333333334,4.487883567810059,10.77092467152583,0.0013991381274536252,False
18,21,6.0,7.75,19,21,6.416666666666667,7.75,5.414175987243652,12.994027326212816,0.8107961416244507,False
18,21,6.0,7.75,17,21,5.583333333333334,7.75,4.485355854034424,10.764858156150115,0.0005000332603231072,False
18,21,6.0,7.75,18,22,6.0,8.166666666666668,5.327155113220215,12.785162517423617,0.00015742849791422486,False
18,21,6.0,7.75,18,20,6.0,7.333333333333334,4.563548564910889,10.952520733841222,0.8941192626953125,False
19,21,6.416666666666667,7.75,20,21,6.833333333333334,7.75,5.970849514007568,14.330027900674514,2.4250566959381104,False
19,21,6.416666666666667,7.75,18,21,6.0,7.75,4.684182643890381,11.242042633835844,0.6650213599205017,False
19,21,6.416666666666667,7.75,19,22,6.416666666666667,8.166666666666668,5.587684631347656,13.410432883886044,0.3044570982456207,False
19,21,6.416666666666667,7.75,19,20,6.416666666666667,7.333333333333334,5.172332286834717,12.413602223816767,2.60725736618042,False
20,21,6.833333333333334,7.75,21,21,7.25,7.75,6.02393913269043,14.457459433540128,1.5205986499786377,False
20,21,6.833333333333334,7.75,19,21,6.416666666666667,7.75,5.033035755157471,12.079276596621249,1.127243995666504,False
20,21,6.833333333333334,7.75,20,22,6.833333333333334,8.166666666666668,5.925184726715088,14.22043249478722,1.089227318763733,False
20,21,6.833333333333334,7.75,20,20,6.833333333333334,7.333333333333334,5.152941703796387,12.367064806772158,1.7750000953674316,False
21,21,7.25,7.75,22,21,7.666666666666668,7.75,6.807092666625977,16.33702863198419,2.5136477947235107,False
21,21,7.25,7.75,20,21,6.833333333333334,7.75,5.42194128036499,13.01266403681337,1.1648720502853394,False
21,21,7.25,7.75,21,22,7.25,8.166666666666668,6.452727317810059,15.486533747456553,0.6548770666122437,False
21,21,7.25,7.75,21,20,7.25,7.333333333333334,5.896661758422852,14.15199361877198,2.3703176975250244,False
22,21,7.666666666666668,7.75,23,21,8.083333333333334,7.75,6.906325817108154,16.575188283992112,0.00048734646406956017,False
22,21,7.666666666666668,7.75,21,21,7.25,7.75,6.210660457611084,14.905590784298242,0.3783121109008789,False
22,21,7.666666666666668,7.75,22,22,7.666666666666668,8.166666666666668,7.0719146728515625,16.972582265791118,0.7985877990722656,False
22,21,7.666666666666668,7.75,22,20,7.666666666666668,7.333333333333334,6.021697521209717,14.45207956393416,0.0001926799741340801,False
23,21,8.083333333333334,7.75,24,21,8.5,7.75,7.163531303405762,17.192462011366263,6.956594734219834e-05,False
23,21,8.083333333333334,7.75,22,21,7.666666666666668,7.75,6.413280487060547,15.391879040481202,0.00033931780490092933,False
23,21,8.083333333333334,7.75,23,22,8.083333333333334,8.166666666666668,7.277228832244873,17.465335872393897,0.00132942502386868,False
23,21,8.083333333333334,7.75,23,20,8.083333333333334,7.333333333333334,6.272300720214844,15.053527470980633,3.982946145697497e-05,False
24,21,8.5,7.75,23,21,8.083333333333334,7.75,6.643869400024414,15.945274394779666,0.0001742257591104135,False
24,21,8.5,7.75,24,22,8.5,8.166666666666668,7.5234551429748535,18.056278567292352,0.00039157940773293376,False
24,21,8.5,7.75,24,20,8.5,7.333333333333334,6.5318169593811035,15.67636668257396,3.053247610296239e-06,False
0,22,-1.5,8.166666666666668,1,22,-1.0833333333333333,8.166666666666668,2.7332615852355957,6.559828430159419,7.152557373046875e-07,False
0,22,-1.5,8.166666666666668,0,23,-1.5,8.583333333333334,3.6272196769714355,8.705340508026898,3.1291019695345312e-06,False
0,22,-1.5,8.166666666666668,0,21,-1.5,7.75,2.806574821472168,6.735774432545141,3.471426907708519e-06,False
1,22,-1.0833333333333333,8.166666666666668,2,22,-0.6666666666666666,8.166666666666668,2.492662191390991,5.982388974075843,2.876503003790276e-06,False
1,22,-1.0833333333333333,8.166666666666668,0,22,-1.5,8.166666666666668,3.3600833415985107,8.064200788898543,2.457562459312612e-06,False
1,22,-1.0833333333333333,8.166666666666668,1,23,-1.0833333333333333,8.583333333333334,3.375157594680786,8.100390587449017,2.0370491711219074e-06,False
1,22,-1.0833333333333333,8.166666666666668,1,21,-1.0833333333333333,7.75,2.4722113609313965,5.9333027394846045,2.7804144338006154e-06,False
2,22,-0.6666666666666666,8.166666666666668,3,22,-0.25,8.166666666666668,2.2971558570861816,5.513173794118224,1.174453473140602e-06,False
2,22,-0.6666666666666666,8.166666666666668,1,22,-1.0833333333333333,8.166666666666668,3.055873394012451,7.334095795912943,2.678895498320344e-06,False
2,22,-0.6666666666666666,8.166666666666668,2,23,-0.6666666666666666,8.583333333333334,3.1539769172668457,7.569556151666491,2.9490749966498697e-06,False
2,22,-0.6666666666666666,8.166666666666668,2,21,-0.6666666666666666,7.75,2.1604888439178467,5.185169269432626,2.2182218799571274e-06,False
3,22,-0.25,8.166666666666668,4,22,0.16666666666666674,8.166666666666668,2.159031867980957,5.18167623607272,1.924097205119324e-06,False
3,22,-0.25,8.166666666666668,2,22,-0.6666666666666666,8.166666666666668,2.776237726211548,6.662970225192536,2.0793395378859714e-06,False
3,22,-0.25,8.166666666666668,3,23,-0.25,8.583333333333334,2.9705870151519775,7.129419714995903,3.0770086141274078e-06,False
3,22,-0.25,8.166666666666668,3,21,-0.25,7.75,1.8826897144317627,4.518451867331033,2.384185791015625e-06,False
4,22,0.16666666666666674,8.166666666666668,5,22,0.5833333333333335,8.166666666666668,2.089688777923584,5.015253545308451,1.90827972801344e-06,False
4,22,0.16666666666666674,8.166666666666668,3,22,-0.25,8.166666666666668,2.5293314456939697,6.070395180206528,2.980232238769531e-07,False
4,22,0.16666666666666674,8.166666666666668,4,23,0.16666666666666674,8.583333333333334,2.8323285579681396,6.797598911436327,1.0350677257520147e-06,False
4,22,0.16666666666666674,8.166666666666668,4,21,0.16666666666666674,7.75,1.6559665203094482,3.97431661657973,1.0132789611816406e-06,False
5,22,0.5833333333333335,8.166666666666668,6,22,1.0,8.166666666666668,2.095975399017334,5.030340717776264,1.9660499219753547e-06,False
5,22,0.5833333333333335,8.166666666666668,4,22,0.16666666666666674,8.166666666666668,2.3256123065948486,5.581470068118102,4.157851435593329e-06,False
5,22,0.5833333333333335,8.166666666666668,5,23,0.5833333333333335,8.583333333333334,2.746037483215332,6.590500016021753,1.952450247699744e-06,False
5,22,0.5833333333333335,8.166666666666668,5,21,0.5833333333333335,7.75,1.5036147832870483,3.6086727266901195,1.4612257928092731e-06,False
6,22,1.0,8.166666666666668,7,22,1.416666666666667,8.166666666666668,2.1772289276123047,5.225349924597733,2.0370491711219074e-06,False
6,22,1.0,8.166666666666668,5,22,0.5833333333333335,8.166666666666668,2.1772289276123047,5.225349177105466,1.5266238051481196e-06,False
6,22,1.0,8.166666666666668,6,23,1.0,8.583333333333334,2.7166621685028076,6.519999153135915,1.9073486328125e-06,False
6,22,1.0,8.166666666666668,6,21,1.0,7.75,1.4492735862731934,3.478253953358495,0.0,False
7,22,1.416666666666667,8.166666666666668,8,22,1.8333333333333335,8.166666666666668,2.3256118297576904,5.58146732683805,1.1920928955078125e-06,False
7,22,1.416666666666667,8.166666666666668,6,22,1.0,8.166666666666668,2.0959746837615967,5.030339720758412,3.5762786865234375e-07,False
7,22,1.416666666666667,8.166666666666668,7,23,1.416666666666667,8.583333333333334,2.7460365295410156,6.590497727199901,1.9660499219753547e-06,False
7,22,1.416666666666667,8.166666666666668,7,21,1.416666666666667,7.75,1.5036139488220215,3.608670723975583,4.76837158203125e-07,False
8,22,1.8333333333333335,8.166666666666668,9,22,2.25,8.166666666666668,2.529331922531128,6.070397192992896,2.8709398520732066e-06,False
8,22,1.8333333333333335,8.166666666666668,7,22,1.416666666666667,8.166666666666668,2.0896899700164795,5.01525497145558,3.5762786865234375e-07,False
8,22,1.8333333333333335,8.166666666666668,8,23,1.8333333333333335,8.583333333333334,2.832329511642456,6.797601200258179,2.9490749966498697e-06,False
8,22,1.8333333333333335,8.166666666666668,8,21,1.8333333333333335,7.75,1.6559674739837646,3.974318905396343,1.5078915112098912e-06,False
9,22,2.25,8.166666666666668,10,22,2.666666666666667,8.166666666666668,2.7762370109558105,6.66296755543374,1.9660499219753547e-06,False
9,22,2.25,8.166666666666668,8,22,1.8333333333333335,8.166666666666668,2.1590304374694824,5.181673544089655,3.81655945602688e-06,False
9,22,2.25,8.166666666666668,9,23,2.25,8.583333333333334,2.970586061477661,7.129417426174051,1.1920928955078125e-06,False
9,22,2.25,8.166666666666668,9,21,2.25,7.75,1.8826887607574463,4.518449578514421,2.1324806311895372e-06,False
10,22,2.666666666666667,8.166666666666668,11,22,3.083333333333334,8.166666666666668,3.055875539779663,7.334104093209874,4.915124918625224e-06,False
10,22,2.666666666666667,8.166666666666668,9,22,2.25,8.166666666666668,2.2971584796905518,5.513179299701824,1.922192041092785e-06,False
10,22,2.666666666666667,8.166666666666668,10,23,2.666666666666667,8.583333333333334,3.153979539871216,7.569562445926584,4.074098342243815e-06,False
10,22,2.666666666666667,8.166666666666668,10,21,2.666666666666667,7.75,2.1604905128479004,5.1851732748616985,2.7804144338006154e-06,False
11,22,3.083333333333334,8.166666666666668,12,22,3.5,8.166666666666668,3.3600828647613525,8.06419733730367,2.8709398520732066e-06,False
11,22,3.083333333333334,8.166666666666668,10,22,2.666666666666667,8.166666666666668,2.4926624298095703,5.982392113644453,1.5266238051481196e-06,False
11,22,3.083333333333334,8.166666666666668,11,23,3.083333333333334,8.583333333333334,3.375157356262207,8.100390015243553,7.152557373046875e-07,False
11,22,3.083333333333334,8.166666666666668,11,21,3.083333333333334,7.75,2.472210645675659,5.933301022872144,2.5678466499812203e-06,False
12,22,3.5,8.166666666666668,13,22,3.916666666666667,8.166666666666668,3.6827809810638428,8.838672668710199,3.814697265625e-06,False
12,22,3.5,8.166666666666668,11,22,3.083333333333334,8.166666666666668,2.7332632541656494,6.559830558809174,1.1920928955078125e-06,False
12,22,3.5,8.166666666666668,12,23,3.5,8.583333333333334,3.6272213459014893,8.705344513465139,4.376783181214705e-06,False
12,22,3.5,8.166666666666668,12,21,3.5,7.75,2.806575298309326,6.735775576953448,3.7242173220874975e-06,False
13,22,3.916666666666667,8.166666666666668,14,22,4.333333333333334,8.166666666666668,4.01951265335083,9.646828528055472,4.862803962168982e-06,False
13,22,3.916666666666667,8.166666666666668,12,22,3.5,8.166666666666668,3.0081539154052734,7.219568019949337,2.384185791015625e-07,False
13,22,3.916666666666667,8.166666666666668,13,23,3.916666666666667,8.583333333333334,3.904186487197876,9.370061866854655,1.922192041092785e-06,False
13,22,3.916666666666667,8.166666666666668,13,21,3.916666666666667,7.75,3.1563849449157715,7.575318088288812,3.910355644620722e-06,False
14,22,4.333333333333334,8.166666666666668,15,22,4.75,8.166666666666668,4.3670220375061035,10.48085688814426,3.0157830224197824e-06,False
14,22,4.333333333333334,8.166666666666668,13,22,3.916666666666667,8.166666666666668,3.3088016510009766,7.94112244775344,2.86102294921875e-06,False
14,22,4.333333333333334,8.166666666666668,14,23,4.333333333333334,8.583333333333334,4.201134204864502,10.082737476711237,2.86102294921875e-06,False
14,22,4.333333333333334,8.166666666666668,14,21,4.333333333333334,7.75,3.5170185565948486,8.440838095979236,4.396221356728347e-06,False
15,22,4.75,8.166666666666668,16,22,5.166666666666667,8.166666666666668,4.722883224487305,11.334924062699914,5.581235654972261e-06,False
15,22,4.75,8.166666666666668,14,22,4.333333333333334,8.166666666666668,3.6288068294525146,8.70913971295918,3.0157830224197824e-06,False
15,22,4.75,8.166666666666668,15,23,4.75,8.583333333333334,4.514123916625977,10.833913931143083,1.0662403155947686e-06,False
15,22,4.75,8.166666666666668,15,21,4.75,7.75,3.885357618331909,9.32485116969973,3.814697265625e-06,False
16,22,5.166666666666667,8.166666666666668,17,22,5.583333333333334,8.166666666666668,5.085076808929443,12.204175030384041,6.485686753876507e-06,False
16,22,5.166666666666667,8.166666666666668,15,22,4.75,8.166666666666668,3.9634575843811035,9.512301831169827,5.1577826525317505e-06,False
16,22,5.166666666666667,8.166666666666668,16,23,5.166666666666667,8.583333333333334,4.840025901794434,11.616079889037916,8.203816832974553e-06,False
16,22,5.166666666666667,8.166666666666668,16,21,5.166666666666667,7.75,4.258913993835449,10.221385786906596,8.59630381455645e-06,False
17,22,5.583333333333334,8.166666666666668,18,22,6.0,8.166666666666668,5.451117038726807,13.082685883592942,5.7941109844250605e-05,False
17,22,5.583333333333334,8.166666666666668,16,22,5.166666666666667,8.166666666666668,4.309205055236816,10.342084242184264,4.76837158203125e-07,False
17,22,5.583333333333334,8.166666666666668,17,23,5.583333333333334,8.583333333333334,5.176326274871826,12.423202015994287,6.485686753876507e-06,False
17,22,5.583333333333334,8.166666666666668,17,21,5.583333333333334,7.75,4.634176731109619,11.122015669238534,0.00013188750017434359,False
18,22,6.0,8.166666666666668,19,22,6.416666666666667,8.166666666666668,5.8141770362854,13.95403021012505,0.0002110730274580419,False
18,22,6.0,8.166666666666668,17,22,5.583333333333334,8.166666666666668,4.662847995758057,11.190839458785804,1.812608570617158e-05,False
18,22,6.0,8.166666666666668,18,23,6.0,8.583333333333334,5.52067756652832,13.249646377023891,1.005889043881325e-05,False
18,22,6.0,8.166666666666668,18,21,6.0,7.75,4.99973201751709,11.999347687265253,0.000784494390245527,False
19,22,6.416666666666667,8.166666666666668,20,22,6.833333333333334,8.166666666666668,6.186967849731445,14.848711510687629,2.026292562484741,False
19,22,6.416666666666667,8.166666666666668,18,22,6.0,8.166666666666668,5.01897668838501,12.045548647136172,0.0006311811157502234,False
19,22,6.416666666666667,8.166666666666668,19,23,6.416666666666667,8.583333333333334,5.869292259216309,14.086322916142144,0.00029567748424597085,False
19,22,6.416666666666667,8.166666666666668,19,21,6.416666666666667,7.75,5.367199897766113,12.881269927009638,1.7380857467651367,False
20,22,6.833333333333334,8.166666666666668,21,22,7.25,8.166666666666668,6.275263786315918,15.06063883233598,0.9641799926757812,False
20,22,6.833333333333334,8.166666666666668,19,22,6.416666666666667,8.166666666666668,5.367086887359619,12.88099870224098,0.10244341194629669,False
20,22,6.833333333333334,8.166666666666668,20,23,6.833333333333334,8.583333333333334,6.205590724945068,14.893440465454812,0.14972296357154846,False
20,22,6.833333333333334,8.166666666666668,20,21,6.833333333333334,7.75,5.394042015075684,12.94569095940326,1.013161301612854,False
21,22,7.25,8.166666666666668,22,22,7.666666666666668,8.166666666666668,6.571421146392822,15.771416767660815,1.4757983684539795,False
21,22,7.25,8.166666666666668,20,22,6.833333333333334,8.166666666666668,5.550290584564209,13.320702484398836,0.3274780213832855,False
21,22,7.25,8.166666666666668,21,23,7.25,8.583333333333334,6.441354274749756,15.459273848379285,1.9764467477798462,False
21,22,7.25,8.166666666666668,21,21,7.25,7.75,5.676830768585205,13.624383450024833,1.0275837182998657,False
22,22,7.666666666666668,8.166666666666668,23,22,8.083333333333334,8.166666666666668,6.922085285186768,16.613011021809015,0.9155141711235046,False
22,22,7.666666666666668,8.166666666666668,21,22,7.25,8.166666666666668,6.157006740570068,14.77682181427834,1.696826696395874,False
22,22,7.666666666666668,8.166666666666668,22,23,7.666666666666668,8.583333333333334,6.945871353149414,16.670116684138005,1.5716956853866577,False
22,22,7.666666666666668,8.166666666666668,22,21,7.666666666666668,7.75,6.033168792724609,14.479594055485492,0.8842595219612122,False
23,22,8.083333333333334,8.166666666666668,24,22,8.5,8.166666666666668,7.459070205688477,17.9017548356973,0.004180722404271364,False
23,22,8.083333333333334,8.166666666666668,22,22,7.666666666666668,8.166666666666668,6.38412618637085,15.321908692134357,0.792404294013977,False
23,22,8.083333333333334,8.166666666666668,23,23,8.083333333333334,8.583333333333334,7.217840194702148,17.322842899845732,1.1184251308441162,False
23,22,8.083333333333334,8.166666666666668,23,21,8.083333333333334,7.75,6.5744733810424805,15.778724076290835,0.0008812106680124998,False
24,22,8.5,8.166666666666668,23,22,8.083333333333334,8.166666666666668,6.951194763183594,16.682854703632582,0.006576162297278643,False
24,22,8.5,8.166666666666668,24,23,8.5,8.583333333333334,7.846561908721924,18.83177731594439,1.511490821838379,False
24,22,8.5,8.166666666666668,24,21,8.5,7.75,6.834680080413818,16.403219678329712,0.00011322648788336664,False
0,23,-1.5,8.583333333333334,1,23,-1.0833333333333333,8.583333333333334,3.0495786666870117,7.3189894980420585,4.79215395898791e-06,False
0,23,-1.5,8.583333333333334,0,24,-1.5,9.0,3.9361939430236816,9.446858255875965,4.0337858990824316e-06,False
0,23,-1.5,8.583333333333334,0,22,-1.5,8.166666666666668,3.032886266708374,7.278938146878276,1.922192041092785e-06,False
1,23,-1.0833333333333333,8.583333333333334,2,23,-0.6666666666666666,8.583333333333334,2.8359451293945312,6.806267985998726,4.805479875358287e-06,False
1,23,-1.0833333333333333,8.583333333333334,0,23,-1.5,8.583333333333334,3.622068166732788,8.692964429184382,3.373854497112916e-06,False
1,23,-1.0833333333333333,8.583333333333334,1,24,-1.0833333333333333,9.0,3.705211877822876,8.8925017223345,1.2672121556533966e-06,False
1,23,-1.0833333333333333,8.583333333333334,1,22,-1.0833333333333333,8.166666666666668,2.7264211177825928,6.543420667145793,2.9490749966498697e-06,False
2,23,-0.6666666666666666,8.583333333333334,3,23,-0.25,8.583333333333334,2.6657371520996094,6.397768859969671,3.82214057026431e-06,False
2,23,-0.6666666666666666,8.583333333333334,1,23,-1.0833333333333333,8.583333333333334,3.341794490814209,8.02030639551609,3.43852161677205e-06,False
2,23,-0.6666666666666666,8.583333333333334,2,24,-0.6666666666666666,9.0,3.5049238204956055,8.411810751487158,3.0770086141274078e-06,False
2,23,-0.6666666666666666,8.583333333333334,2,22,-0.6666666666666666,8.166666666666668,2.4472968578338623,5.873521421083711,2.6973982585332124e-06,False
3,23,-0.25,8.583333333333334,4,23,0.16666666666666674,8.583333333333334,2.54767107963562,6.114410299567685,9.555351425660774e-07,False
3,23,-0.25,8.583333333333334,2,23,-0.6666666666666666,8.583333333333334,3.08815598487854,7.411574010297107,3.43852161677205e-06,False
3,23,-0.25,8.583333333333334,3,24,-0.25,9.0,3.340850830078125,8.018035874911595,3.865695362037513e-06,False
3,23,-0.25,8.583333333333334,3,22,-0.25,8.166666666666668,2.20591402053833,5.294201727602734,3.886776084982557e-06,False
4,23,0.16666666666666674,8.583333333333334,5,23,0.5833333333333335,8.583333333333334,2.4891788959503174,5.974029920008651,9.610960205463925e-07,False
4,23,0.16666666666666674,8.583333333333334,3,23,-0.25,8.583333333333334,2.868227481842041,6.883745628178328,1.90827972801344e-06,False
4,23,0.16666666666666674,8.583333333333334,4,24,0.16666666666666674,9.0,3.2185373306274414,7.724483700192489,3.827510681730928e-06,False
4,23,0.16666666666666674,8.583333333333334,4,22,0.16666666666666674,8.166666666666668,2.0158774852752686,4.838113347035747,1.257449639524566e-06,False
5,23,0.5833333333333335,8.583333333333334,6,23,1.0,8.583333333333334,2.4944610595703125,5.98670625750035,3.860982815240277e-06,False
5,23,0.5833333333333335,8.583333333333334,4,23,0.16666666666666674,8.583333333333334,2.6902966499328613,6.456712575598963,2.087918119286769e-06,False
5,23,0.5833333333333335,8.583333333333334,5,24,0.5833333333333335,9.0,3.1428704261779785,7.542883268063913,4.79215395898791e-06,False
5,23,0.5833333333333335,8.583333333333334,5,22,0.5833333333333335,8.166666666666668,1.8927240371704102,4.542544620582001,3.831424237432657e-06,False
6,23,1.0,8.583333333333334,7,23,1.416666666666667,8.583333333333334,2.5631115436553955,6.151468291422681,1.2672121556533966e-06,False
6,23,1.0,8.583333333333334,5,23,0.5833333333333335,8.583333333333334,2.5631115436553955,6.151467411448126,4.945389719068771e-06,False
6,23,1.0,8.583333333333334,6,24,1.0,9.0,3.1172351837158203,7.481358733094228,6.67572021484375e-06,False
6,23,1.0,8.583333333333334,6,22,1.0,8.166666666666668,1.8498467206954956,4.439638904020544,0.0,False
7,23,1.416666666666667,8.583333333333334,8,23,1.8333333333333335,8.583333333333334,2.690295696258545,6.4567084395011065,1.1246181657043053e-06,False
7,23,1.416666666666667,8.583333333333334,6,23,1.0,8.583333333333334,2.494460344314575,5.986705397291698,1.157312908617314e-06,False
7,23,1.416666666666667,8.583333333333334,7,24,1.416666666666667,9.0,3.142869710922241,7.542881551451453,2.8709398520732066e-06,False
7,23,1.416666666666667,8.583333333333334,7,22,1.416666666666667,8.166666666666668,1.8927230834960938,4.54254233176015,2.863505415007239e-06,False
8,23,1.8333333333333335,8.583333333333334,9,23,2.25,8.583333333333334,2.868227005004883,6.883745468496844,2.5678466499812203e-06,False
8,23,1.8333333333333335,8.583333333333334,7,23,1.416666666666667,8.583333333333334,2.489177942276001,5.974025922007385,1.9073486328125e-06,False
8,23,1.8333333333333335,8.583333333333334,8,24,1.8333333333333335,9.0,3.218536853790283,7.724482555784183,1.1246181657043053e-06,False
8,23,1.8333333333333335,8.583333333333334,8,22,1.8333333333333335,8.166666666666668,2.0158770084381104,4.838112202624821,2.1324806311895372e-06,False
9,23,2.25,8.583333333333334,10,23,2.666666666666667,8.583333333333334,3.0881564617156982,7.411574094472104,4.629251634469256e-06,False
9,23,2.25,8.583333333333334,8,23,1.8333333333333335,8.583333333333334,2.5476720333099365,6.114413463059756,1.3486991292666062e-06,False
9,23,2.25,8.583333333333334,9,24,2.25,9.0,3.3408515453338623,8.018037591524054,5.9604644775390625e-06,False
9,23,2.25,8.583333333333334,9,22,2.25,8.166666666666668,2.2059147357940674,5.294203444219122,1.1920928955078125e-06,False
10,23,2.666666666666667,8.583333333333334,11,23,3.083333333333334,8.583333333333334,3.3417928218841553,8.020305832025846,3.0994415283203125e-06,False
10,23,2.666666666666667,8.583333333333334,9,23,2.25,8.583333333333334,2.6657345294952393,6.397761650512381,9.5367431640625e-07,False
10,23,2.666666666666667,8.583333333333334,10,24,2.666666666666667,9.0,3.5049211978912354,8.411804457241473,7.152557373046875e-07,False
10,23,2.666666666666667,8.583333333333334,10,22,2.666666666666667,8.166666666666668,2.4472954273223877,5.873517987850934,1.1920928955078125e-06,False
11,23,3.083333333333334,8.583333333333334,12,23,3.5,8.583333333333334,3.6220717430114746,8.692970525174994,6.942853815417038e-06,False
11,23,3.083333333333334,8.583333333333334,10,23,2.666666666666667,8.583333333333334,2.835949659347534,6.806281778824531,4.79215395898791e-06,False
11,23,3.083333333333334,8.583333333333334,11,24,3.083333333333334,9.0,3.705216646194458,8.892513166417567,7.721965630480554e-06,False
11,23,3.083333333333334,8.583333333333334,11,22,3.083333333333334,8.166666666666668,2.7264249324798584,6.5434298224332,6.743495760019869e-06,False
12,23,3.5,8.583333333333334,13,23,3.916666666666667,8.583333333333334,3.9232771396636963,9.415863339259465,3.312216676931712e-06,False
12,23,3.5,8.583333333333334,11,23,3.083333333333334,8.583333333333334,3.049581527709961,7.3189942705165345,3.0157830224197824e-06,False
12,23,3.5,8.583333333333334,12,24,3.5,9.0,3.936196804046631,9.446865122325804,7.1723979999660514e-06,False
12,23,3.5,8.583333333333334,12,22,3.5,8.166666666666668,3.032888174057007,7.27894272452198,5.560828867601231e-06,False
13,23,3.916666666666667,8.583333333333334,14,23,4.333333333333334,8.583333333333334,4.2409563064575195,10.178293194142686,9.5367431640625e-07,False
13,23,3.916666666666667,8.583333333333334,12,23,3.5,8.583333333333334,3.2982113361358643,7.915705696925031,1.9073486328125e-06,False
13,23,3.916666666666667,8.583333333333334,13,24,3.916666666666667,9.0,4.192800045013428,10.062712430791908,1.922192041092785e-06,False
13,23,3.916666666666667,8.583333333333334,13,22,3.916666666666667,8.166666666666668,3.359218120574951,8.062135791222826,4.69630140287336e-06,False
14,23,4.333333333333334,8.583333333333334,15,23,4.75,8.583333333333334,4.571677207946777,10.972029484569353,3.814697265625e-06,False
14,23,4.333333333333334,8.583333333333334,13,23,3.916666666666667,8.583333333333334,3.5745460987091064,8.57890900060482,4.376783181214705e-06,False
14,23,4.333333333333334,8.583333333333334,14,24,4.333333333333334,9.0,4.470619201660156,10.729477898042376,5.0688486226135865e-06,False
14,23,4.333333333333334,8.583333333333334,14,22,4.333333333333334,8.166666666666668,3.700160264968872,8.880398186337565,3.43852161677205e-06,False
15,23,4.75,8.583333333333334,16,23,5.166666666666667,8.583333333333334,4.912801265716553,11.790727535525335,4.76837158203125e-06,False
15,23,4.75,8.583333333333334,14,23,4.333333333333334,8.583333333333334,3.8726589679718018,9.294385068658855,6.397441666194936e-06,False
15,23,4.75,8.583333333333334,15,24,4.75,9.0,4.765944957733154,11.438259171860373,3.053247610296239e-06,False
15,23,4.75,8.583333333333334,15,22,4.75,8.166666666666668,4.052016735076904,9.724855003135685,3.053247610296239e-06,False
16,23,5.166666666666667,8.583333333333334,17,23,5.583333333333334,8.583333333333334,5.262279510498047,12.629461189681098,7.4025033427460585e-06,False
16,23,5.166666666666667,8.583333333333334,15,23,4.75,8.583333333333334,4.187896251678467,10.050954838163314,4.76837158203125e-06,False
16,23,5.166666666666667,8.583333333333334,16,24,5.166666666666667,9.0,5.075717449188232,12.181712584142621,3.0157830224197824e-06,False
16,23,5.166666666666667,8.583333333333334,16,22,5.166666666666667,8.166666666666668,4.412126541137695,10.589119856445093,4.396221356728347e-06,False
17,23,5.583333333333334,8.583333333333334,18,23,6.0,8.583333333333334,5.618414402008057,13.484199708633312,3.0157830224197824e-06,False
17,23,5.583333333333334,8.583333333333334,16,23,5.166666666666667,8.583333333333334,4.516665458679199,10.839988830574928,1.9073486328125e-06,False
17,23,5.583333333333334,8.583333333333334,17,24,5.583333333333334,9.0,5.3974456787109375,12.95385974589558,1.3486991292666062e-06,False
17,23,5.583333333333334,8.583333333333334,17,22,5.583333333333334,8.166666666666668,4.778367519378662,11.46809954543998,4.76837158203125e-06,False
18,23,6.0,8.583333333333334,19,23,6.416666666666667,8.583333333333334,5.979368209838867,14.350489177890465,1.9567760318750516e-05,False
18,23,6.0,8.583333333333334,17,23,5.583333333333334,8.583333333333334,4.856151103973389,11.65476709547695,9.5367431640625e-07,False
18,23,6.0,8.583333333333334,18,24,6.0,9.0,5.7290802001953125,13.749781990217597,2.90048728857073e-06,False
18,23,6.0,8.583333333333334,18,22,6.0,8.166666666666668,5.148246765136719,12.355811089799637,4.3494241253938526e-05,False
19,23,6.416666666666667,8.583333333333334,20,23,6.833333333333334,8.583333333333334,6.341266632080078,15.219028305795055,0.0005479157553054392,False
19,23,6.416666666666667,8.583333333333334,18,23,6.0,8.583333333333334,5.203883171081543,12.489324374894858,6.485686753876507e-06,False
19,23,6.416666666666667,8.583333333333334,19,24,6.416666666666667,9.0,6.068769454956055,14.565035579654252,3.43852161677205e-06,False
19,23,6.416666666666667,8.583333333333334,19,22,6.416666666666667,8.166666666666668,5.5152435302734375,13.236604670112106,0.00012199299089843407,False
20,23,6.833333333333334,8.583333333333334,21,23,7.25,8.583333333333334,6.686347961425781,16.047241228958598,0.009241011925041676,False
20,23,6.833333333333334,8.583333333333334,19,23,6.416666666666667,8.583333333333334,5.556414604187012,13.335384875957583,0.00017620535800233483,False
20,23,6.833333333333334,8.583333333333334,20,24,6.833333333333334,9.0,6.414024353027344,15.393646702845228,8.492655615555122e-05,False
20,23,6.833333333333334,8.583333333333334,20,22,6.833333333333334,8.166666666666668,5.836434364318848,14.00746384805885,0.3102988302707672,False
21,23,7.25,8.583333333333334,22,23,7.666666666666668,8.583333333333334,6.90587854385376,16.574114827772075,1.451142430305481,False
21,23,7.25,8.583333333333334,20,23,6.833333333333334,8.583333333333334,5.899570465087891,14.158974517431075,0.005976676940917969,False
21,23,7.25,8.583333333333334,21,24,7.25,9.0,6.755928039550781,16.214214924457607,0.0008262634510174394,False
21,23,7.25,8.583333333333334,21,22,7.25,8.166666666666668,6.00920295715332,14.422109103560034,0.707386314868927,False
22,23,7.666666666666668,8.583333333333334,23,23,8.083333333333334,8.583333333333334,7.275257110595703,17.460623726129047,2.272484540939331,False
22,23,7.666666666666668,8.583333333333334,21,23,7.25,8.583333333333334,6.189157485961914,14.853983632653668,2.499661684036255,False
22,23,7.666666666666668,8.583333333333334,22,24,7.666666666666668,9.0,7.059972763061523,16.943921704161298,2.5620100498199463,False
22,23,7.666666666666668,8.583333333333334,22,22,7.666666666666668,8.166666666666668,6.295835018157959,15.110027099650726,1.6578725576400757,False
23,23,8.083333333333334,8.583333333333334,24,23,8.5,8.583333333333334,7.490361213684082,17.97685319759125,1.7007315158843994,False
23,23,8.083333333333334,8.583333333333334,22,23,7.666666666666668,8.583333333333334,6.471274375915527,15.531064426828166,1.0725834369659424,False
23,23,8.083333333333334,8.583333333333334,23,24,8.083333333333334,9.0,7.353486061096191,17.64835308200601,0.9850707650184631,False
23,23,8.083333333333334,8.583333333333334,23,22,8.083333333333334,8.166666666666668,6.787171840667725,16.289237273006094,2.1809194087982178,False
24,23,8.5,8.583333333333334,23,23,8.083333333333334,8.583333333333334,6.886877536773682,16.52849347801706,1.0100456476211548,False
24,23,8.5,8.583333333333334,24,24,8.5,9.0,7.87245512008667,18.893877873323156,1.7304316759109497,False
24,23,8.5,8.583333333333334,24,22,8.5,8.166666666666668,6.946409225463867,16.671407579662443,0.6472703814506531,False
0,24,-1.5,9.0,1,24,-1.0833333333333333,9.0,3.383795738220215,8.12111054621797,1.9983117454103194e-06,False
0,24,-1.5,9.0,0,23,-1.5,8.583333333333334,3.2925450801849365,7.902102163618345,1.9983117454103194e-06,False
1,24,-1.0833333333333333,9.0,2,24,-0.6666666666666666,9.0,3.1926045417785645,7.662250534903977,4.9299201236863155e-06,False
1,24,-1.0833333333333333,9.0,0,24,-1.5,9.0,3.907623052597046,9.378296220616933,8.344650268554688e-07,False
1,24,-1.0833333333333333,9.0,1,23,-1.0833333333333333,8.583333333333334,3.012610673904419,7.230260101119918,4.436443759914255e-06,False
2,24,-0.6666666666666666,9.0,3,24,-0.25,9.0,3.0424118041992188,7.301787981901742,9.652457038100692e-07,False
2,24,-0.6666666666666666,9.0,1,24,-1.0833333333333333,9.0,3.649343490600586,8.758423959807207,1.6689300537109375e-06,False
2,24,-0.6666666666666666,9.0,2,23,-0.6666666666666666,8.583333333333334,2.76255202293396,6.630119796661532,8.940696716308594e-07,False
3,24,-0.25,9.0,4,24,0.16666666666666674,9.0,2.9395127296447754,7.054830214746942,2.8624197057069978e-06,False
3,24,-0.25,9.0,2,24,-0.6666666666666666,9.0,3.418597936630249,8.20463465668513,1.5266238051481196e-06,False
3,24,-0.25,9.0,3,23,-0.25,8.583333333333334,2.5511727333068848,6.122809888603295,1.910198761834181e-06,False
4,24,0.16666666666666674,9.0,5,24,0.5833333333333335,9.0,2.8889687061309814,6.93352555594688,9.5367431640625e-07,False
4,24,0.16666666666666674,9.0,3,24,-0.25,9.0,3.221313238143921,7.731151402895383,9.610960205463925e-07,False
4,24,0.16666666666666674,9.0,4,23,0.16666666666666674,8.583333333333334,2.3887667655944824,5.733035863467512,3.030216248589568e-06,False
5,24,0.5833333333333335,9.0,6,24,1.0,9.0,2.893521785736084,6.944451954629328,3.81655945602688e-06,False
5,24,0.5833333333333335,9.0,4,24,0.16666666666666674,9.0,3.0639562606811523,7.353495726918767,1.924097205119324e-06,False
5,24,0.5833333333333335,9.0,5,23,0.5833333333333335,8.583333333333334,2.2857933044433594,5.485899745254711,3.84438408218557e-06,False
6,24,1.0,9.0,7,24,1.416666666666667,9.0,2.952911138534546,7.086987408350697,1.0185245855609537e-06,False
6,24,1.0,9.0,5,24,0.5833333333333335,9.0,2.952911138534546,7.086986394549065,6.556510925292969e-07,False
6,24,1.0,9.0,6,23,1.0,8.583333333333334,2.2504193782806396,5.401002387235727,2.86102294921875e-06,False
7,24,1.416666666666667,9.0,8,24,1.8333333333333335,9.0,3.063952922821045,7.353485612204435,1.1920928955078125e-06,False
7,24,1.416666666666667,9.0,6,24,1.0,9.0,2.8935184478759766,6.944444937176222,4.874843853031052e-06,False
7,24,1.416666666666667,9.0,7,23,1.416666666666667,8.583333333333334,2.285789728164673,5.485891162192412,1.9405865714361425e-06,False
8,24,1.8333333333333335,9.0,9,24,2.25,9.0,3.2213141918182373,7.731154797664146,1.0662403155947686e-06,False
8,24,1.8333333333333335,9.0,7,24,1.416666666666667,9.0,2.8889694213867188,6.933525288863127,1.1920928955078125e-07,False
8,24,1.8333333333333335,9.0,8,23,1.8333333333333335,8.583333333333334,2.3887674808502197,5.733037580079971,2.384185791015625e-06,False
9,24,2.25,9.0,10,24,2.666666666666667,9.0,3.4186007976531982,8.20464034945672,7.152557373046875e-07,False
9,24,2.25,9.0,8,24,1.8333333333333335,9.0,2.939516067504883,7.054839234813617,1.922192041092785e-06,False
9,24,2.25,9.0,9,23,2.25,8.583333333333334,2.551175832748413,6.122817327257288,1.0662403155947686e-06,False
10,24,2.666666666666667,9.0,11,24,3.083333333333334,9.0,3.6493444442749023,8.758430007335665,4.2649612623790745e-06,False
10,24,2.666666666666667,9.0,9,24,2.25,9.0,3.0424132347106934,7.301790370599676,3.996623490820639e-06,False
10,24,2.666666666666667,9.0,10,23,2.666666666666667,8.583333333333334,2.7625534534454346,6.630123229886451,3.996623490820639e-06,False
11,24,3.083333333333334,9.0,12,24,3.5,9.0,3.9076199531555176,9.378286098807125,3.2428433769382536e-06,False
11,24,3.083333333333334,9.0,10,24,2.666666666666667,9.0,3.192601442337036,7.66224638452392,4.76837158203125e-07,False
11,24,3.083333333333334,9.0,11,23,3.083333333333334,8.583333333333334,3.012608528137207,7.2302549512825385,3.84438408218557e-06,False
12,24,3.5,9.0,13,24,3.916666666666667,9.0,4.188342094421387,10.052019109340838,5.442005203804001e-06,False
12,24,3.5,9.0,11,24,3.083333333333334,9.0,3.3837924003601074,8.121100211887319,9.5367431640625e-07,False
12,24,3.5,9.0,12,23,3.5,8.583333333333334,3.2925422191619873,7.902095297168505,1.1920928955078125e-06,False
13,24,3.916666666666667,9.0,14,24,4.333333333333334,9.0,4.487298011779785,10.76951317414986,4.396221356728347e-06,False
13,24,3.916666666666667,9.0,12,24,3.5,9.0,3.609478235244751,8.662746112299708,1.430511474609375e-06,False
13,24,3.916666666666667,9.0,13,23,3.916666666666667,8.583333333333334,3.5953853130340576,8.62891816793963,3.6393016671354417e-06,False
14,24,4.333333333333334,9.0,15,24,4.75,9.0,4.801081657409668,11.522600373306418,1.3486991292666062e-06,False
14,24,4.333333333333334,9.0,13,24,3.916666666666667,9.0,3.863612651824951,9.272668595758706,3.82214057026431e-06,False
14,24,4.333333333333334,9.0,14,23,4.333333333333334,8.583333333333334,3.9158198833465576,9.397960549956856,2.90048728857073e-06,False
15,24,4.75,9.0,16,24,5.166666666666667,9.0,5.1269707679748535,12.304734537023368,5.1356932999624405e-06,False
15,24,4.75,9.0,14,24,4.333333333333334,9.0,4.140966415405273,9.938323188142085,1.0662403155947686e-06,False
15,24,4.75,9.0,15,23,4.75,8.583333333333334,4.249872207641602,10.199685516597354,4.76837158203125e-06,False
16,24,5.166666666666667,9.0,17,24,5.583333333333334,9.0,5.4628005027771,13.110711203986202,4.396221356728347e-06,False
16,24,5.166666666666667,9.0,15,24,4.75,9.0,4.437188148498535,10.649255618765114,3.471426907708519e-06,False
16,24,5.166666666666667,9.0,16,23,5.166666666666667,8.583333333333334,4.59456729888916,11.026953104436414,2.6973982585332124e-06,False
17,24,5.583333333333334,9.0,18,24,6.0,9.0,5.806825160980225,13.936385702661783,1.9073486328125e-06,False
17,24,5.583333333333334,9.0,16,24,5.166666666666667,9.0,4.748739719390869,11.396966631342597,4.978326160198776e-06,False
17,24,5.583333333333334,9.0,17,23,5.583333333333334,8.583333333333334,4.947651386260986,11.874354267613016,1.430511474609375e-06,False
18,24,6.0,9.0,19,24,6.416666666666667,9.0,6.157607078552246,14.778262625985194,1.1121657735202461e-05,False
18,24,6.0,9.0,17,24,5.583333333333334,9.0,5.0728020668029785,12.174729604617921,3.43852161677205e-06,False
18,24,6.0,9.0,18,23,6.0,8.583333333333334,5.3073248863220215,12.737570009178155,4.76837158203125e-06,False
19,24,6.416666666666667,9.0,20,24,6.833333333333334,9.0,6.513701915740967,15.632872670842994,7.152557373046875e-06,False
19,24,6.416666666666667,9.0,18,24,6.0,9.0,5.40708589553833,12.977011099628868,1.9073486328125e-06,False
19,24,6.416666666666667,9.0,19,23,6.416666666666667,8.583333333333334,5.671696662902832,13.612061605787959,1.624048854864668e-05,False
20,24,6.833333333333334,9.0,21,24,7.25,9.0,6.872623443603516,16.494302556725522,0.00017577708058524877,False
20,24,6.833333333333334,9.0,19,24,6.416666666666667,9.0,5.749624252319336,13.799087677698,5.331201464287005e-06,False
20,24,6.833333333333334,9.0,20,23,6.833333333333334,8.583333333333334,6.0370001792907715,14.488789376228809,0.00040103818173520267,False
21,24,7.25,9.0,22,24,7.666666666666668,9.0,7.2251057624816895,17.340260444740466,0.00037702263216488063,False
21,24,7.25,9.0,20,24,6.833333333333334,9.0,6.098043918609619,14.635310987591167,5.496879748534411e-05,False
21,24,7.25,9.0,21,23,7.25,8.583333333333334,6.386960506439209,15.32869352058905,0.0014007796999067068,False
22,24,7.666666666666668,9.0,23,24,8.083333333333334,9.0,7.402924060821533,17.767024523553665,0.8106507658958435,False
22,24,7.666666666666668,9.0,21,24,7.25,9.0,6.445662975311279,15.469597041930024,0.0004955850308761001,False
22,24,7.666666666666668,9.0,22,23,7.666666666666668,8.583333333333334,6.539251327514648,15.694191212317495,0.8941253423690796,False
23,24,8.083333333333334,9.0,24,24,8.5,9.0,7.900895595550537,18.962134962360413,2.4252092838287354,False
23,24,8.083333333333334,9.0,22,24,7.666666666666668,9.0,6.682321548461914,16.037577834159023,0.6649443507194519,False
23,24,8.083333333333334,9.0,23,23,8.083333333333334,8.583333333333334,7.068718433380127,16.964911296912156,2.601263999938965,False
24,24,8.5,9.0,23,24,8.083333333333334,9.0,7.023464679718018,16.85630237098513,1.1276108026504517,False
24,24,8.5,9.0,24,23,8.5,8.583333333333334,7.145354747772217,17.148838311127996,1.7751266956329346,False
