source_i,source_j,source_x1,source_x2,target_i,target_j,target_x1,target_x2,minimum_energy_control_energy,energy_per_distance,terminal_error,failed
0,0,1.0,1.5,1,0,1.3125,1.5,2.0345892906188965,6.510685729980469,3.147215466015041e-06,False
0,0,1.0,1.5,0,1,1.0,1.8125,2.1443707942962646,6.861986541748047,3.339988097650348e-06,False
1,0,1.3125,1.5,2,0,1.625,1.5,2.2533276081085205,7.2106483459472654,1.940623224072624e-05,False
1,0,1.3125,1.5,0,0,1.0,1.5,1.6419942378997803,5.254381561279297,1.7357134538542596e-06,False
1,0,1.3125,1.5,1,1,1.3125,1.8125,2.2930257320404053,7.3376823425292965,7.207973794720601e-06,False
2,0,1.625,1.5,3,0,1.9375,1.5,2.4772403240203857,7.9271690368652346,0.0004545382398646325,False
2,0,1.625,1.5,1,0,1.3125,1.5,1.8029305934906006,5.769377899169922,7.411137175949989e-06,False
2,0,1.625,1.5,2,1,1.625,1.8125,2.4629154205322266,7.881329345703125,0.00014506482693832368,False
3,0,1.9375,1.5,4,0,2.25,1.5,2.6529009342193604,8.489282989501953,0.0021559912711381912,False
3,0,1.9375,1.5,2,0,1.625,1.5,1.9877126216888428,6.360680389404297,0.00017731614934746176,False
3,0,1.9375,1.5,3,1,1.9375,1.8125,2.623908519744873,8.396507263183594,0.0008932969067245722,False
4,0,2.25,1.5,5,0,2.5625,1.5,2.915574073791504,9.329837036132812,1.9953416585922241,False
4,0,2.25,1.5,3,0,1.9375,1.5,2.147392749786377,6.871656799316407,0.0009565242216922343,False
4,0,2.25,1.5,4,1,2.25,1.8125,2.816483736038208,9.012747955322265,0.2760469317436218,False
5,0,2.5625,1.5,6,0,2.875,1.5,2.97165846824646,9.509307098388671,2.0171091556549072,False
5,0,2.5625,1.5,4,0,2.25,1.5,0.969327449798584,3.101847839355469,0.9355531930923462,False
5,0,2.5625,1.5,5,1,2.5625,1.8125,1.865668773651123,5.970140075683593,0.6363945007324219,False
6,0,2.875,1.5,7,0,3.1875,1.5,0.31100034713745117,0.9952011108398438,0.16322848200798035,False
6,0,2.875,1.5,5,0,2.5625,1.5,0.31414204835891724,1.0052545547485352,0.7871562838554382,False
6,0,2.875,1.5,6,1,2.875,1.8125,0.5305399298667908,1.6977277755737306,0.0302270594984293,False
7,0,3.1875,1.5,8,0,3.5,1.5,0.41167983412742615,1.3173754692077637,0.0002129286149283871,False
7,0,3.1875,1.5,6,0,2.875,1.5,0.9113646149635315,2.916366767883301,1.7760179042816162,False
7,0,3.1875,1.5,7,1,3.1875,1.8125,0.5255476236343384,1.6817523956298828,0.00037441126187331975,False
8,0,3.5,1.5,9,0,3.8125,1.5,0.4646835923194885,1.4869874954223632,9.985156793845817e-06,False
8,0,3.5,1.5,7,0,3.1875,1.5,0.851304292678833,2.724173736572266,0.000773930863942951,False
8,0,3.5,1.5,8,1,3.5,1.8125,0.4328617453575134,1.385157585144043,0.00015401844575535506,False
9,0,3.8125,1.5,10,0,4.125,1.5,0.5648016929626465,1.8073654174804688,1.4745374983249349e-06,False
9,0,3.8125,1.5,8,0,3.5,1.5,0.766558051109314,2.4529857635498047,0.0003199254279024899,False
9,0,3.8125,1.5,9,1,3.8125,1.8125,0.1693751960992813,0.5420006275177002,4.915124804938387e-07,False
10,0,4.125,1.5,11,0,4.4375,1.5,0.7660853266716003,2.451473045349121,1.9983117454103194e-06,False
10,0,4.125,1.5,9,0,3.8125,1.5,0.5879098176956177,1.8813114166259766,4.172325134277344e-06,False
10,0,4.125,1.5,10,1,4.125,1.8125,0.1227860152721405,0.3929152488708496,9.610960205463925e-07,False
11,0,4.4375,1.5,12,0,4.75,1.5,1.016954779624939,3.2542552947998047,1.450243644285365e-06,False
11,0,4.4375,1.5,10,0,4.125,1.5,0.4824008047580719,1.54368257522583,3.5762786865234375e-07,False
11,0,4.4375,1.5,11,1,4.4375,1.8125,0.42123112082481384,1.3479395866394044,1.5078915112098912e-06,False
12,0,4.75,1.5,13,0,5.0625,1.5,1.2893332242965698,4.125866317749024,1.1920928955078125e-06,False
12,0,4.75,1.5,11,0,4.4375,1.5,0.5398713946342468,1.7275884628295899,2.384185791015625e-07,False
12,0,4.75,1.5,12,1,4.75,1.8125,0.7211894392967224,2.307806205749512,5.331201577973843e-07,False
13,0,5.0625,1.5,14,0,5.375,1.5,1.5720397233963013,5.030527114868164,1.1920928955078125e-07,False
13,0,5.0625,1.5,12,0,4.75,1.5,0.7276354432106018,2.3284334182739257,7.633119025740598e-07,False
13,0,5.0625,1.5,13,1,5.0625,1.8125,1.0215040445327759,3.2688129425048826,4.915124804938387e-07,False
14,0,5.375,1.5,15,0,5.6875,1.5,1.8603342771530151,5.953069686889648,1.4745374983249349e-06,False
14,0,5.375,1.5,13,0,5.0625,1.5,0.973575234413147,3.1154407501220702,9.610960205463925e-07,False
14,0,5.375,1.5,14,1,5.375,1.8125,1.3219034671783447,4.230091094970703,1.4354699260366033e-06,False
15,0,5.6875,1.5,16,0,6.0,1.5,2.1519572734832764,6.886263275146485,2.0370491711219074e-06,False
15,0,5.6875,1.5,14,0,5.375,1.5,1.24369478225708,3.9798233032226564,1.450243644285365e-06,False
15,0,5.6875,1.5,15,1,5.6875,1.8125,1.622323989868164,5.191436767578125,5.331201577973843e-07,False
16,0,6.0,1.5,15,0,5.6875,1.5,1.525200366973877,4.880641174316406,5.331201577973843e-07,False
16,0,6.0,1.5,16,1,6.0,1.8125,1.9227499961853027,6.152799987792969,3.4136346585000865e-06,False
0,1,1.0,1.8125,1,1,1.3125,1.8125,2.256422519683838,7.220552062988281,5.546755801333347e-06,False
0,1,1.0,1.8125,0,2,1.0,2.125,2.416205883026123,7.731858825683593,2.384185791015625e-06,False
0,1,1.0,1.8125,0,0,1.0,1.5,1.5901607275009155,5.08851432800293,4.2981520209650625e-07,False
1,1,1.3125,1.8125,2,1,1.625,1.8125,2.451664447784424,7.845326232910156,9.286977729061618e-05,False
1,1,1.3125,1.8125,0,1,1.0,1.8125,1.9105719327926636,6.113830184936523,2.5344243113067932e-06,False
1,1,1.3125,1.8125,1,2,1.3125,2.125,2.5470807552337646,8.150658416748048,3.081992326769978e-05,False
1,1,1.3125,1.8125,1,0,1.3125,1.5,1.7861963510513306,5.715828323364258,5.013881036575185e-06,False
2,1,1.625,1.8125,3,1,1.9375,1.8125,2.6402032375335693,8.448650360107422,0.0003651352599263191,False
2,1,1.625,1.8125,1,1,1.3125,1.8125,2.047950029373169,6.553440093994141,3.563001882866956e-05,False
2,1,1.625,1.8125,2,2,1.625,2.125,2.692164897918701,8.614927673339844,0.0007239789119921625,False
2,1,1.625,1.8125,2,0,1.625,1.5,2.002196788787842,6.407029724121093,8.74850811669603e-05,False
3,1,1.9375,1.8125,4,1,2.25,1.8125,1.9234750270843506,6.155120086669922,0.8669851422309875,False
3,1,1.9375,1.8125,2,1,1.625,1.8125,2.1989247798919678,7.036559295654297,0.00012582341150846332,False
3,1,1.9375,1.8125,3,2,1.9375,2.125,2.81034779548645,8.993112945556641,0.12569715082645416,False
3,1,1.9375,1.8125,3,0,1.9375,1.5,2.208056926727295,7.065782165527343,0.0005436759674921632,False
4,1,2.25,1.8125,5,1,2.5625,1.8125,1.6387851238250732,5.244112396240235,0.9200412631034851,False
4,1,2.25,1.8125,3,1,1.9375,1.8125,2.337064504623413,7.478606414794922,0.10107675939798355,False
4,1,2.25,1.8125,4,2,2.25,2.125,2.150669813156128,6.88214340209961,1.438184380531311,False
4,1,2.25,1.8125,4,0,2.25,1.5,1.3259329795837402,4.242985534667969,0.7429481148719788,False
5,1,2.5625,1.8125,6,1,2.875,1.8125,1.76667058467865,5.6533458709716795,1.01943838596344,False
5,1,2.5625,1.8125,4,1,2.25,1.8125,1.7124483585357666,5.479834747314453,1.5215274095535278,False
5,1,2.5625,1.8125,5,2,2.5625,2.125,1.8107739686965942,5.794476699829102,1.0971770286560059,False
5,1,2.5625,1.8125,5,0,2.5625,1.5,1.1172164678573608,3.5750926971435546,1.273603916168213,False
6,1,2.875,1.8125,7,1,3.1875,1.8125,0.15678751468658447,0.5017200469970703,0.005502439569681883,False
6,1,2.875,1.8125,5,1,2.5625,1.8125,0.6593004465103149,2.109761428833008,1.4792256355285645,False
6,1,2.875,1.8125,6,2,2.875,2.125,0.7813946008682251,2.5004627227783205,1.1541813611984253,False
6,1,2.875,1.8125,6,0,2.875,1.5,0.36538538336753845,1.169233226776123,1.5364675521850586,False
7,1,3.1875,1.8125,8,1,3.5,1.8125,0.27272897958755493,0.8727327346801758,0.0002056245575658977,False
7,1,3.1875,1.8125,6,1,2.875,1.8125,0.8314831256866455,2.6607460021972655,0.008338745683431625,False
7,1,3.1875,1.8125,7,2,3.1875,2.125,0.7582410573959351,2.426371383666992,0.00016196414071600884,False
7,1,3.1875,1.8125,7,0,3.1875,1.5,0.7252265810966492,2.3207250595092774,0.0001822219928726554,False
8,1,3.5,1.8125,9,1,3.8125,1.8125,0.1726079285144806,0.5523453712463379,4.76837158203125e-07,False
8,1,3.5,1.8125,7,1,3.1875,1.8125,0.8768609166145325,2.805954933166504,0.00018888473277911544,False
8,1,3.5,1.8125,8,2,3.5,2.125,0.5509942770004272,1.7631816864013672,1.2178033102827612e-05,False
8,1,3.5,1.8125,8,0,3.5,1.5,0.7601099014282227,2.4323516845703126,0.0005655873101204634,False
9,1,3.8125,1.8125,10,1,4.125,1.8125,0.34793174266815186,1.113381576538086,9.830249609876773e-07,False
9,1,3.8125,1.8125,8,1,3.5,1.8125,0.657645583152771,2.104465866088867,4.0463961340719834e-05,False
9,1,3.8125,1.8125,9,2,3.8125,2.125,0.34527671337127686,1.1048854827880858,2.384185791015625e-07,False
9,1,3.8125,1.8125,9,0,3.8125,1.5,0.6707183718681335,2.1462987899780273,7.6079440987086855e-06,False
10,1,4.125,1.8125,11,1,4.4375,1.8125,0.6228346228599548,1.9930707931518554,1.430511474609375e-06,False
10,1,4.125,1.8125,9,1,3.8125,1.8125,0.39296117424964905,1.2574757575988769,1.244581540049694e-06,False
10,1,4.125,1.8125,10,2,4.125,2.125,0.31958895921707153,1.022684669494629,4.76837158203125e-07,False
10,1,4.125,1.8125,10,0,4.125,1.5,0.6655615568161011,2.1297969818115234,1.5497207641601562e-06,False
11,1,4.4375,1.8125,12,1,4.75,1.8125,0.9140073657035828,2.9248235702514647,1.4745374983249349e-06,False
11,1,4.4375,1.8125,10,1,4.125,1.8125,0.18752145767211914,0.6000686645507812,9.830249609876773e-07,False
11,1,4.4375,1.8125,11,2,4.4375,2.125,0.5140717029571533,1.6450294494628905,1.599360416548734e-06,False
11,1,4.4375,1.8125,11,0,4.4375,1.5,0.7789405584335327,2.4926097869873045,1.2672121556533966e-06,False
12,1,4.75,1.8125,13,1,5.0625,1.8125,1.2098476886749268,3.871512603759766,1.0662403155947686e-06,False
12,1,4.75,1.8125,11,1,4.4375,1.8125,0.3049089014530182,0.9757084846496582,9.610960205463925e-07,False
12,1,4.75,1.8125,12,2,4.75,2.125,0.7791244387626648,2.493198204040527,1.0662403155947686e-06,False
12,1,4.75,1.8125,12,0,4.75,1.5,0.9745375514030457,3.118520164489746,4.915124804938387e-07,False
13,1,5.0625,1.8125,14,1,5.375,1.8125,1.507555365562439,4.824177169799805,1.922192041092785e-06,False
13,1,5.0625,1.8125,12,1,4.75,1.8125,0.5752116441726685,1.840677261352539,1.450243644285365e-06,False
13,1,5.0625,1.8125,13,2,5.0625,2.125,1.0632249116897583,3.4023197174072264,2.431401981084491e-06,False
13,1,5.0625,1.8125,13,0,5.0625,1.5,1.2137324810028076,3.8839439392089843,1.656108338465856e-06,False
14,1,5.375,1.8125,15,1,5.6875,1.8125,1.8061769008636475,5.779766082763672,4.298151907278225e-06,False
14,1,5.375,1.8125,13,1,5.0625,1.8125,0.8656049370765686,2.7699357986450197,4.76837158203125e-07,False
14,1,5.375,1.8125,14,2,5.375,2.125,1.3544107675552368,4.334114456176758,1.9073486328125e-06,False
14,1,5.375,1.8125,14,0,5.375,1.5,1.4755058288574219,4.72161865234375,3.932099843950709e-06,False
15,1,5.6875,1.8125,16,1,6.0,1.8125,2.105316638946533,6.737013244628907,1.922192041092785e-06,False
15,1,5.6875,1.8125,14,1,5.375,1.8125,1.1611239910125732,3.7155967712402345,9.830249609876773e-07,False
15,1,5.6875,1.8125,15,2,5.6875,2.125,1.6489211320877075,5.276547622680664,2.5678466499812203e-06,False
15,1,5.6875,1.8125,15,0,5.6875,1.5,1.7497503757476807,5.599201202392578,2.6656007321435027e-06,False
16,1,6.0,1.8125,15,1,5.6875,1.8125,1.458653450012207,4.667691040039062,2.384185791015625e-07,False
16,1,6.0,1.8125,16,2,6.0,2.125,1.9452437162399292,6.224779891967773,9.830249609876773e-07,False
16,1,6.0,1.8125,16,0,6.0,1.5,2.0314176082611084,6.500536346435547,1.922192041092785e-06,False
0,2,1.0,2.125,1,2,1.3125,2.125,2.493584156036377,7.979469299316406,1.876704118330963e-05,False
0,2,1.0,2.125,0,3,1.0,2.4375,2.693527936935425,8.61928939819336,8.489843821735121e-06,False
0,2,1.0,2.125,0,1,1.0,1.8125,1.8380497694015503,5.881759262084961,1.3902072169003077e-06,False
1,2,1.3125,2.125,2,2,1.625,2.125,2.663958787918091,8.524668121337891,0.00045347202103585005,False
1,2,1.3125,2.125,0,2,1.0,2.125,2.186702013015747,6.997446441650391,8.966091627371497e-06,False
1,2,1.3125,2.125,1,3,1.3125,2.4375,2.807584285736084,8.984269714355468,0.00014555375673808157,False
1,2,1.3125,2.125,1,1,1.3125,1.8125,2.0081939697265625,6.426220703125,1.882186006696429e-05,False
2,2,1.625,2.125,3,2,1.9375,2.125,2.7959442138671875,8.947021484375,0.0021544452756643295,False
2,2,1.625,2.125,1,2,1.3125,2.125,2.3025176525115967,7.3680564880371096,0.00017743007629178464,False
2,2,1.625,2.125,2,3,1.625,2.4375,2.9190571308135986,9.340982818603516,0.0008967128815129399,False
2,2,1.625,2.125,2,1,1.625,1.8125,2.1941213607788086,7.021188354492187,0.00045576493721455336,False
3,2,1.9375,2.125,4,2,2.25,2.125,3.016547679901123,9.652952575683594,1.995645523071289,False
3,2,1.9375,2.125,2,2,1.625,2.125,2.4044430255889893,7.694217681884766,0.0009570575784891844,False
3,2,1.9375,2.125,3,3,1.9375,2.4375,3.0640194416046143,9.804862213134765,0.27609750628471375,False
3,2,1.9375,2.125,3,1,1.9375,1.8125,2.3778774738311768,7.6092079162597654,0.5157750844955444,False
4,2,2.25,2.125,5,2,2.5625,2.125,3.0412681102752686,9.73205795288086,2.0177383422851562,False
4,2,2.25,2.125,3,2,1.9375,2.125,1.388938546180725,4.444603347778321,0.9355385899543762,False
4,2,2.25,2.125,4,3,2.25,2.4375,2.180820941925049,6.978627014160156,0.6363404393196106,False
4,2,2.25,2.125,4,1,2.25,1.8125,1.1664419174194336,3.7326141357421876,0.912415623664856,False
5,2,2.5625,2.125,6,2,2.875,2.125,0.578477144241333,1.8511268615722656,0.16322848200798035,False
5,2,2.5625,2.125,4,2,2.25,2.125,0.9527392387390137,3.0487655639648437,0.7871389985084534,False
5,2,2.5625,2.125,5,3,2.5625,2.4375,1.1730408668518066,3.7537307739257812,0.030260540544986725,False
5,2,2.5625,2.125,5,1,2.5625,1.8125,0.4176740050315857,1.3365568161010741,0.6488821506500244,False
6,2,2.875,2.125,7,2,3.1875,2.125,0.4763247072696686,1.5242390632629395,0.0002150616201106459,False
6,2,2.875,2.125,5,2,2.5625,2.125,1.2079401016235352,3.8654083251953124,1.776013970375061,False
6,2,2.875,2.125,6,3,2.875,2.4375,1.0910009145736694,3.4912029266357423,0.0003760659019462764,False
6,2,2.875,2.125,6,1,2.875,1.8125,0.7796033024787903,2.494730567932129,1.5291322469711304,False
7,2,3.1875,2.125,8,2,3.5,2.125,0.30466827750205994,0.9749384880065918,9.610959750716574e-06,False
7,2,3.1875,2.125,6,2,2.875,2.125,1.0829339027404785,3.4653884887695314,0.0007751567172817886,False
7,2,3.1875,2.125,7,3,3.1875,2.4375,0.9596683382987976,3.0709386825561524,0.00015471767983399332,False
7,2,3.1875,2.125,7,1,3.1875,1.8125,0.7271848320960999,2.3269914627075194,0.0005735306767746806,False
8,2,3.5,2.125,9,2,3.8125,2.125,0.12401437014341354,0.39684598445892333,3.3717478231665154e-07,False
8,2,3.5,2.125,7,2,3.1875,2.125,0.9247320890426636,2.9591426849365234,0.0003206190885975957,False
8,2,3.5,2.125,8,3,3.5,2.4375,0.762740969657898,2.4407711029052734,4.76837158203125e-07,False
8,2,3.5,2.125,8,1,3.5,1.8125,0.5694040060043335,1.8220928192138672,6.850801582913846e-05,False
9,2,3.8125,2.125,10,2,4.125,2.125,0.3205457031726837,1.0257462501525878,1.1920928955078125e-06,False
9,2,3.8125,2.125,8,2,3.5,2.125,0.6577558517456055,2.1048187255859374,5.3789681260241196e-06,False
9,2,3.8125,2.125,9,3,3.8125,2.4375,0.6226150989532471,1.9923683166503907,1.5078915112098912e-06,False
9,2,3.8125,2.125,9,1,3.8125,1.8125,0.3928993046283722,1.257277774810791,1.8659205807125545e-06,False
10,2,4.125,2.125,11,2,4.4375,2.125,0.6079040765762329,1.9452930450439454,8.596304041930125e-07,False
10,2,4.125,2.125,9,2,3.8125,2.125,0.37309446930885315,1.1939023017883301,7.539457556049456e-07,False
10,2,4.125,2.125,10,3,4.125,2.4375,0.607860267162323,1.9451528549194337,2.5678466499812203e-06,False
10,2,4.125,2.125,10,1,4.125,1.8125,0.3746725022792816,1.1989520072937012,8.596304041930125e-07,False
11,2,4.4375,2.125,12,2,4.75,2.125,0.9040008783340454,2.8928028106689454,9.830249609876773e-07,False
11,2,4.4375,2.125,10,2,4.125,2.125,0.1320461630821228,0.422547721862793,1.0662403155947686e-06,False
11,2,4.4375,2.125,11,3,4.4375,2.4375,0.729150116443634,2.3332803726196287,1.0662403155947686e-06,False
11,2,4.4375,2.125,11,1,4.4375,1.8125,0.5505993962287903,1.761918067932129,4.76837158203125e-07,False
12,2,4.75,2.125,13,2,5.0625,2.125,1.2023440599441528,3.8475009918212892,2.384185791015625e-06,False
12,2,4.75,2.125,11,2,4.4375,2.125,0.2737044394016266,0.875854206085205,5.331201577973843e-07,False
12,2,4.75,2.125,12,3,4.75,2.4375,0.9351475834846497,2.992472267150879,0.0,False
12,2,4.75,2.125,12,1,4.75,1.8125,0.8037794232368469,2.5720941543579103,1.1246181657043053e-06,False
13,2,5.0625,2.125,14,2,5.375,2.125,1.5015486478805542,4.804955673217774,9.830249609876773e-07,False
13,2,5.0625,2.125,12,2,4.75,2.125,0.5592805743217468,1.7896978378295898,5.331201577973843e-07,False
13,2,5.0625,2.125,13,3,5.0625,2.4375,1.182347297668457,3.7835113525390627,9.830249609876773e-07,False
13,2,5.0625,2.125,13,1,5.0625,1.8125,1.0814329385757446,3.4605854034423826,1.1920928955078125e-07,False
14,2,5.375,2.125,15,2,5.6875,2.125,1.8011716604232788,5.763749313354492,2.396076979493955e-06,False
14,2,5.375,2.125,13,2,5.0625,2.125,0.8551086187362671,2.7363475799560546,1.430511474609375e-06,False
14,2,5.375,2.125,14,3,5.375,2.4375,1.449806571006775,4.639381027221679,2.0370491711219074e-06,False
14,2,5.375,2.125,14,1,5.375,1.8125,1.3687540292739868,4.380012893676758,2.384185791015625e-07,False
15,2,5.6875,2.125,16,2,6.0,2.125,2.1010215282440186,6.72326889038086,1.7357134538542596e-06,False
15,2,5.6875,2.125,14,2,5.375,2.125,1.1533194780349731,3.690622329711914,1.0662403155947686e-06,False
15,2,5.6875,2.125,15,3,5.6875,2.4375,1.7281337976455688,5.53002815246582,2.6656007321435027e-06,False
15,2,5.6875,2.125,15,1,5.6875,1.8125,1.6607195138931274,5.314302444458008,7.633119025740598e-07,False
16,2,6.0,2.125,15,2,5.6875,2.125,1.4524517059326172,4.647845458984375,6.743495646333031e-07,False
16,2,6.0,2.125,16,3,6.0,2.4375,2.012830972671509,6.441059112548828,3.0994415283203125e-06,False
16,2,6.0,2.125,16,1,6.0,1.8125,1.9552581310272217,6.256826019287109,1.1920928955078125e-07,False
0,3,1.0,2.4375,1,3,1.3125,2.4375,2.7408058643341064,8.770578765869141,9.447432239539921e-05,False
0,3,1.0,2.4375,0,4,1.0,2.75,2.9740591049194336,9.516989135742188,3.305882273707539e-05,False
0,3,1.0,2.4375,0,2,1.0,2.125,2.0991463661193848,6.717268371582032,4.199484465061687e-06,False
1,3,1.3125,2.4375,2,3,1.625,2.4375,2.879483938217163,9.214348602294923,0.00036433496279641986,False
1,3,1.3125,2.4375,0,3,1.0,2.4375,2.4670021533966064,7.89440689086914,3.588595791370608e-05,False
1,3,1.3125,2.4375,1,4,1.3125,2.75,3.069899320602417,9.823677825927735,0.0007324116886593401,False
1,3,1.3125,2.4375,1,2,1.3125,2.125,2.245924711227417,7.186959075927734,8.914687350625172e-05,False
2,3,1.625,2.4375,3,3,1.9375,2.4375,2.199688196182251,7.039002227783203,0.8672302961349487,False
2,3,1.625,2.4375,1,3,1.3125,2.4375,2.558645725250244,8.187666320800782,0.00012464851897675544,False
2,3,1.625,2.4375,2,4,1.625,2.75,3.1458349227905273,10.066671752929688,0.12986218929290771,False
2,3,1.625,2.4375,2,2,1.625,2.125,2.393815279006958,7.660208892822266,0.0005448493757285178,False
3,3,1.9375,2.4375,4,3,2.25,2.4375,1.9091379642486572,6.109241485595703,0.9204163551330566,False
3,3,1.9375,2.4375,2,3,1.625,2.4375,2.644394636154175,8.46206283569336,0.1011565700173378,False
3,3,1.9375,2.4375,3,4,1.9375,2.75,2.537716865539551,8.120693969726563,1.4381195306777954,False
3,3,1.9375,2.4375,3,2,1.9375,2.125,1.5587626695632935,4.988040542602539,0.7437096238136292,False
4,3,2.25,2.4375,5,3,2.5625,2.4375,1.9748947620391846,6.319663238525391,1.0194084644317627,False
4,3,2.25,2.4375,3,3,1.9375,2.4375,2.0693271160125732,6.621846771240234,1.5214728116989136,False
4,3,2.25,2.4375,4,4,2.25,2.75,2.2168166637420654,7.09381332397461,1.097166895866394,False
4,3,2.25,2.4375,4,2,2.25,2.125,1.3198837041854858,4.2236278533935545,1.27361261844635,False
5,3,2.5625,2.4375,6,3,2.875,2.4375,0.7896038293838501,2.52673225402832,0.0055136349983513355,False
5,3,2.5625,2.4375,4,3,2.25,2.4375,1.2666966915130615,4.053429412841797,1.4792073965072632,False
5,3,2.5625,2.4375,5,4,2.5625,2.75,1.4372771978378296,4.599287033081055,1.1542311906814575,False
5,3,2.5625,2.4375,5,2,2.5625,2.125,0.6684727072715759,2.139112663269043,1.536458134651184,False
6,3,2.875,2.4375,7,3,3.1875,2.4375,0.7019973397254944,2.246391487121582,0.0002057850651908666,False
6,3,2.875,2.4375,5,3,2.5625,2.4375,1.2964856624603271,4.148754119873047,0.0082290293648839,False
6,3,2.875,2.4375,6,4,2.875,2.75,1.3601102828979492,4.352352905273437,0.0001633522188058123,False
6,3,2.875,2.4375,6,2,2.875,2.125,0.811670184135437,2.5973445892333986,0.00018147460650652647,False
7,3,3.1875,2.4375,8,3,3.5,2.4375,0.5174070596694946,1.6557025909423828,0.0,False
7,3,3.1875,2.4375,6,3,2.875,2.4375,1.2561484575271606,4.019675064086914,0.00018872528744395822,False
7,3,3.1875,2.4375,7,4,3.1875,2.75,1.1824434995651245,3.7838191986083984,1.1740753507183399e-05,False
7,3,3.1875,2.4375,7,2,3.1875,2.125,0.7280896306037903,2.329886817932129,0.0005648941150866449,False
8,3,3.5,2.4375,9,3,3.8125,2.4375,0.4224490821361542,1.3518370628356933,1.0662403155947686e-06,False
8,3,3.5,2.4375,7,3,3.1875,2.4375,1.0300650596618652,3.2962081909179686,3.998756437795237e-05,False
8,3,3.5,2.4375,8,4,3.5,2.75,1.016522765159607,3.252872848510742,1.450243644285365e-06,False
8,3,3.5,2.4375,8,2,3.5,2.125,0.47085002064704895,1.5067200660705566,7.360148174484493e-06,False
9,3,3.8125,2.4375,10,3,4.125,2.4375,0.5146032571792603,1.6467304229736328,1.0662403155947686e-06,False
9,3,3.8125,2.4375,8,3,3.5,2.4375,0.7761759757995605,2.4837631225585937,1.2157009905422456e-06,False
9,3,3.8125,2.4375,9,4,3.8125,2.75,0.9141862988471985,2.9253961563110353,2.34815070143668e-06,False
9,3,3.8125,2.4375,9,2,3.8125,2.125,0.18519136309623718,0.592612361907959,0.0,False
10,3,4.125,2.4375,11,3,4.4375,2.4375,0.7292380332946777,2.3335617065429686,8.596304041930125e-07,False
10,3,4.125,2.4375,9,3,3.8125,2.4375,0.5501647591590881,1.7605272293090821,5.331201577973843e-07,False
10,3,4.125,2.4375,10,4,4.125,2.75,0.9040778875350952,2.8930492401123047,9.830249609876773e-07,False
10,3,4.125,2.4375,10,2,4.125,2.125,0.1325010061264038,0.42400321960449217,1.0662403155947686e-06,False
11,3,4.4375,2.4375,12,3,4.75,2.4375,0.9897451996803284,3.1671846389770506,8.596304041930125e-07,False
11,3,4.4375,2.4375,10,3,4.125,2.4375,0.4242331087589264,1.3575459480285645,1.0662403155947686e-06,False
11,3,4.4375,2.4375,11,4,4.4375,2.75,0.9897518157958984,3.167205810546875,1.922192041092785e-06,False
11,3,4.4375,2.4375,11,2,4.4375,2.125,0.4242851436138153,1.357712459564209,9.830249609876773e-07,False
12,3,4.75,2.4375,13,3,5.0625,2.4375,1.2680963277816772,4.057908248901367,9.830249609876773e-07,False
12,3,4.75,2.4375,11,3,4.4375,2.4375,0.4871911406517029,1.5590116500854492,2.384185791015625e-07,False
12,3,4.75,2.4375,12,4,4.75,2.75,1.1500012874603271,3.680004119873047,8.596304041930125e-07,False
12,3,4.75,2.4375,12,2,4.75,2.125,0.7231343388557434,2.314029884338379,7.152557373046875e-07,False
13,3,5.0625,2.4375,14,3,5.375,2.4375,1.5547058582305908,4.975058746337891,2.396076979493955e-06,False
13,3,5.0625,2.4375,12,3,4.75,2.4375,0.6893806457519531,2.20601806640625,8.596304041930125e-07,False
13,3,5.0625,2.4375,13,4,5.0625,2.75,1.3586649894714355,4.347727966308594,3.0994415283203125e-06,False
13,3,5.0625,2.4375,13,2,5.0625,2.125,1.0229283571243286,3.2733707427978516,5.331201577973843e-07,False
14,3,5.375,2.4375,15,3,5.6875,2.4375,1.8457175493240356,5.906296157836914,5.331201577973843e-07,False
14,3,5.375,2.4375,13,3,5.0625,2.4375,0.9453388452529907,3.02508430480957,2.384185791015625e-07,False
14,3,5.375,2.4375,14,4,5.375,2.75,1.596860647201538,5.109954071044922,8.596304041930125e-07,False
14,3,5.375,2.4375,14,2,5.375,2.125,1.3230164051055908,4.233652496337891,1.3486991292666062e-06,False
15,3,5.6875,2.4375,16,3,6.0,2.4375,2.139336585998535,6.845877075195313,2.1324806311895372e-06,False
15,3,5.6875,2.4375,14,3,5.375,2.4375,1.2217248678207397,3.909519577026367,1.1920928955078125e-06,False
15,3,5.6875,2.4375,15,4,5.6875,2.75,1.8532357215881348,5.930354309082031,1.1920928955078125e-06,False
15,3,5.6875,2.4375,15,2,5.6875,2.125,1.6232339143753052,5.194348526000977,2.86102294921875e-06,False
16,3,6.0,2.4375,15,3,5.6875,2.4375,1.5073412656784058,4.823492050170898,4.76837158203125e-07,False
16,3,6.0,2.4375,16,4,6.0,2.75,2.1212072372436523,6.787863159179688,2.0230486370564904e-06,False
16,3,6.0,2.4375,16,2,6.0,2.125,1.9235190153121948,6.155260848999023,8.596304041930125e-07,False
0,4,1.0,2.75,1,4,1.3125,2.75,2.992910861968994,9.577314758300782,0.000465542048914358,False
0,4,1.0,2.75,0,5,1.0,3.0625,3.2547154426574707,10.415089416503907,0.00016863121709320694,False
0,4,1.0,2.75,0,3,1.0,2.4375,2.3684258460998535,7.578962707519532,1.9667726519401185e-05,False
1,4,1.3125,2.75,2,4,1.625,2.75,3.0816283226013184,9.86121063232422,0.002220774767920375,False
1,4,1.3125,2.75,0,4,1.0,2.75,2.7483131885528564,8.794602203369141,0.00018192337302025408,False
1,4,1.3125,2.75,1,5,1.3125,3.0625,3.323624849319458,10.635599517822266,0.0009663174278102815,False
1,4,1.3125,2.75,1,3,1.3125,2.4375,2.4919981956481934,7.974394226074219,0.0004570982127916068,False
2,4,1.625,2.75,3,4,1.9375,2.75,3.256242275238037,10.419975280761719,2.011828660964966,False
2,4,1.625,2.75,1,4,1.3125,2.75,2.802001953125,8.96640625,0.000994388246908784,False
2,4,1.625,2.75,2,5,1.625,3.0625,3.427035331726074,10.966513061523438,0.27926740050315857,False
2,4,1.625,2.75,2,3,1.625,2.4375,2.6222984790802,8.39135513305664,0.590089738368988,False
3,4,1.9375,2.75,4,4,2.25,2.75,3.251648187637329,10.405274200439454,2.05533504486084,False
3,4,1.9375,2.75,2,4,1.625,2.75,1.954131841659546,6.253221893310547,0.9346479773521423,False
3,4,1.9375,2.75,3,5,1.9375,3.0625,2.6364622116088867,8.436679077148437,0.6298491358757019,False
3,4,1.9375,2.75,3,3,1.9375,2.4375,1.5478814840316772,4.9532207489013675,0.9120576977729797,False
4,4,2.25,2.75,5,4,2.5625,2.75,1.2141499519348145,3.8852798461914064,0.1632581353187561,False
4,4,2.25,2.75,3,4,1.9375,2.75,1.6172733306884766,5.175274658203125,0.786920428276062,False
4,4,2.25,2.75,4,5,2.25,3.0625,1.8346718549728394,5.870949935913086,0.030501384288072586,False
4,4,2.25,2.75,4,3,2.25,2.4375,1.0142956972122192,3.2457462310791017,0.6485666632652283,False
5,4,2.5625,2.75,6,4,2.875,2.75,1.0892598628997803,3.485631561279297,0.0002155969850718975,False
5,4,2.5625,2.75,4,4,2.25,2.75,1.7288089990615845,5.532188796997071,1.7760004997253418,False
5,4,2.5625,2.75,5,5,2.5625,3.0625,1.733203649520874,5.546251678466797,0.00036669219844043255,False
5,4,2.5625,2.75,5,3,2.5625,2.4375,1.1322274208068848,3.623127746582031,1.5291372537612915,False
6,4,2.875,2.75,7,4,3.1875,2.75,0.9339042901992798,2.988493728637695,9.596162271918729e-06,False
6,4,2.875,2.75,5,4,2.5625,2.75,1.5883104801177979,5.082593536376953,0.0007749435608275235,False
6,4,2.875,2.75,6,5,2.875,3.0625,1.5988178253173828,5.116217041015625,0.0001564180274726823,False
6,4,2.875,2.75,6,3,2.875,2.4375,1.0112419128417969,3.23597412109375,0.0005731041892431676,False
7,4,3.1875,2.75,8,4,3.5,2.75,0.7837737798690796,2.5080760955810546,5.331201577973843e-07,False
7,4,3.1875,2.75,6,4,2.875,2.75,1.4230351448059082,4.553712463378906,0.00031955676968209445,False
7,4,3.1875,2.75,7,5,3.1875,3.0625,1.4272925853729248,4.5673362731933596,2.5344243113067932e-06,False
7,4,3.1875,2.75,7,3,3.1875,2.4375,0.7984864115715027,2.5551565170288084,6.814477092120796e-05,False
8,4,3.5,2.75,9,4,3.8125,2.75,0.7219271659851074,2.310166931152344,1.719260808386025e-06,False
8,4,3.5,2.75,7,4,3.1875,2.75,1.1925442218780518,3.8161415100097655,4.586072918755235e-06,False
8,4,3.5,2.75,8,5,3.5,3.0625,1.2894634008407593,4.12628288269043,6.743495646333031e-07,False
8,4,3.5,2.75,8,3,3.5,2.4375,0.535939633846283,1.7150068283081055,9.830249609876773e-07,False
9,4,3.8125,2.75,10,4,4.125,2.75,0.7794020175933838,2.4940864562988283,9.5367431640625e-07,False
9,4,3.8125,2.75,8,4,3.5,2.75,0.9737797379493713,3.1160951614379884,1.5266238051481196e-06,False
9,4,3.8125,2.75,9,5,3.8125,3.0625,1.2100015878677368,3.872005081176758,2.6656007321435027e-06,False
9,4,3.8125,2.75,9,3,3.8125,2.4375,0.30451735854148865,0.9744555473327636,2.384185791015625e-07,False
10,4,4.125,2.75,11,4,4.4375,2.75,0.9352120161056519,2.9926784515380858,5.331201577973843e-07,False
10,4,4.125,2.75,9,4,3.8125,2.75,0.8037275075912476,2.571928024291992,7.152557373046875e-07,False
10,4,4.125,2.75,10,5,4.125,3.0625,1.202400803565979,3.847682571411133,2.384185791015625e-07,False
10,4,4.125,2.75,10,3,4.125,2.4375,0.27385538816452026,0.8763372421264648,9.830249609876773e-07,False
11,4,4.4375,2.75,12,4,4.75,2.75,1.1500107049942017,3.6800342559814454,2.0370491711219074e-06,False
11,4,4.4375,2.75,10,4,4.125,2.75,0.7231497764587402,2.3140792846679688,1.2839233249906101e-06,False
11,4,4.4375,2.75,11,5,4.4375,3.0625,1.2681095600128174,4.057950592041015,1.2839233249906101e-06,False
11,4,4.4375,2.75,11,3,4.4375,2.4375,0.48722177743911743,1.5591096878051758,5.331201577973843e-07,False
12,4,4.75,2.75,13,4,5.0625,2.75,1.396793246269226,4.469738388061524,1.450243644285365e-06,False
12,4,4.75,2.75,11,4,4.4375,2.75,0.7617834806442261,2.4377071380615236,2.0370491711219074e-06,False
12,4,4.75,2.75,12,5,4.75,3.0625,1.396794319152832,4.4697418212890625,1.1920928955078125e-06,False
12,4,4.75,2.75,12,3,4.75,2.4375,0.7617803812026978,2.4376972198486326,4.76837158203125e-07,False
13,4,5.0625,2.75,14,4,5.375,2.75,1.661348581314087,5.316315460205078,9.5367431640625e-07,False
13,4,5.0625,2.75,12,4,4.75,2.75,0.9045515060424805,2.8945648193359377,4.76837158203125e-07,False
13,4,5.0625,2.75,13,5,5.0625,3.0625,1.573058009147644,5.033785629272461,2.1324806311895372e-06,False
13,4,5.0625,2.75,13,3,5.0625,2.4375,1.0506093502044678,3.361949920654297,5.331201577973843e-07,False
14,4,5.375,2.75,15,4,5.6875,2.75,1.9364023208618164,6.1964874267578125,2.2492363314086106e-06,False
14,4,5.375,2.75,13,4,5.0625,2.75,1.112044334411621,3.5585418701171876,1.2839233249906101e-06,False
14,4,5.375,2.75,14,5,5.375,3.0625,1.782839298248291,5.705085754394531,1.922192041092785e-06,False
14,4,5.375,2.75,14,3,5.375,2.4375,1.344537615776062,4.302520370483398,1.9660499219753547e-06,False
15,4,5.6875,2.75,16,4,6.0,2.75,2.2180488109588623,7.097756195068359,1.1920928955078125e-06,False
15,4,5.6875,2.75,14,4,5.375,2.75,1.3548394441604614,4.335486221313476,1.5078915112098912e-06,False
15,4,5.6875,2.75,15,5,5.6875,3.0625,2.0156965255737305,6.450228881835938,6.743495646333031e-07,False
15,4,5.6875,2.75,15,3,5.6875,2.4375,1.6408226490020752,5.250632476806641,1.450243644285365e-06,False
16,4,6.0,2.75,15,4,5.6875,2.75,1.6171122789382935,5.174759292602539,4.76837158203125e-07,False
16,4,6.0,2.75,16,5,6.0,3.0625,2.26452374458313,7.2464759826660154,3.43852161677205e-06,False
16,4,6.0,2.75,16,3,6.0,2.4375,1.9383840560913086,6.202828979492187,1.922192041092785e-06,False
0,5,1.0,3.0625,1,5,1.3125,3.0625,3.239769458770752,10.367262268066407,0.0004313247627578676,False
0,5,1.0,3.0625,0,6,1.0,3.375,3.5223548412323,11.271535491943359,0.00020952911290805787,False
0,5,1.0,3.0625,0,4,1.0,2.75,2.6416118144989014,8.453157806396485,9.849955677054822e-05,False
1,5,1.3125,3.0625,2,5,1.625,3.0625,2.602243423461914,8.327178955078125,0.8835753798484802,False
1,5,1.3125,3.0625,0,5,1.0,3.0625,3.0238900184631348,9.67644805908203,0.00015557940059807152,False
1,5,1.3125,3.0625,1,6,1.3125,3.375,3.622263193130493,11.591242218017578,1.4830976724624634,False
1,5,1.3125,3.0625,1,4,1.3125,2.75,2.7351644039154053,8.752526092529298,0.0005809303256683052,False
2,5,1.625,3.0625,3,5,1.9375,3.0625,2.3312480449676514,7.459993743896485,0.9548067450523376,False
2,5,1.625,3.0625,1,5,1.3125,3.0625,3.06858229637146,9.819463348388672,0.10579191148281097,False
2,5,1.625,3.0625,2,6,1.625,3.375,2.9800808429718018,9.536258697509766,1.4077035188674927,False
2,5,1.625,3.0625,2,4,1.625,2.75,1.956550121307373,6.260960388183594,0.793612003326416,False
3,5,1.9375,3.0625,4,5,2.25,3.0625,2.3592171669006348,7.549494934082031,1.0184235572814941,False
3,5,1.9375,3.0625,2,5,1.625,3.0625,2.543616533279419,8.139572906494141,1.5190680027008057,False
3,5,1.9375,3.0625,3,6,1.9375,3.375,2.721247434616089,8.707991790771484,1.0986460447311401,False
3,5,1.9375,3.0625,3,4,1.9375,2.75,1.7690536975860596,5.660971832275391,1.2731528282165527,False
4,5,2.25,3.0625,5,5,2.5625,3.0625,1.455592155456543,4.657894897460937,0.005543068051338196,False
4,5,2.25,3.0625,3,5,1.9375,3.0625,1.9120464324951172,6.118548583984375,1.4786874055862427,False
4,5,2.25,3.0625,4,6,2.25,3.375,2.0939204692840576,6.7005455017089846,1.1612383127212524,False
4,5,2.25,3.0625,4,4,2.25,2.75,1.2880457639694214,4.121746444702149,1.5360050201416016,False
5,5,2.5625,3.0625,6,5,2.875,3.0625,1.3460237979888916,4.3072761535644535,0.00021068919159006327,False
5,5,2.5625,3.0625,4,5,2.25,3.0625,1.8879480361938477,6.041433715820313,0.006069253198802471,False
5,5,2.5625,3.0625,5,6,2.5625,3.375,2.003084897994995,6.409871673583984,0.00017070720787160099,False
5,5,2.5625,3.0625,5,4,2.5625,2.75,1.3010362386703491,4.163315963745117,0.0001881914067780599,False
6,5,2.875,3.0625,7,5,3.1875,3.0625,1.1864290237426758,3.7965728759765627,1.0662403155947686e-06,False
6,5,2.875,3.0625,5,5,2.5625,3.0625,1.812815546989441,5.801009750366211,0.0001900076458696276,False
6,5,2.875,3.0625,6,6,2.875,3.375,1.841402530670166,5.892488098144531,1.4745374755875673e-05,False
6,5,2.875,3.0625,6,4,2.875,2.75,1.1766836643218994,3.7653877258300783,0.0005657487781718373,False
7,5,3.1875,3.0625,8,5,3.5,3.0625,1.0669000148773193,3.414080047607422,1.922192041092785e-06,False
7,5,3.1875,3.0625,6,5,2.875,3.0625,1.6097108125686646,5.151074600219727,4.169872045167722e-05,False
7,5,3.1875,3.0625,7,6,3.1875,3.375,1.6877869367599487,5.400918197631836,1.0115243185282452e-06,False
7,5,3.1875,3.0625,7,4,3.1875,2.75,0.946563720703125,3.02900390625,7.262967301358003e-06,False
8,5,3.5,3.0625,9,5,3.8125,3.0625,1.0218788385391235,3.2700122833251952,1.7357134538542596e-06,False
8,5,3.5,3.0625,7,5,3.1875,3.0625,1.3974124193191528,4.471719741821289,2.0509542082436383e-06,False
8,5,3.5,3.0625,8,6,3.5,3.375,1.5721012353897095,5.030723953247071,2.8808226488763466e-06,False
8,5,3.5,3.0625,8,4,3.5,2.75,0.726744532585144,2.325582504272461,6.743495646333031e-07,False
9,5,3.8125,3.0625,10,5,4.125,3.0625,1.063355803489685,3.402738571166992,9.830249609876773e-07,False
9,5,3.8125,3.0625,8,5,3.5,3.0625,1.2135430574417114,3.8833377838134764,8.596304041930125e-07,False
9,5,3.8125,3.0625,9,6,3.8125,3.375,1.5076125860214233,4.824360275268555,7.539457556049456e-07,False
9,5,3.8125,3.0625,9,4,3.8125,2.75,0.575264036655426,1.8408449172973633,6.743495646333031e-07,False
10,5,4.125,3.0625,11,5,4.4375,3.0625,1.1823837757110596,3.7836280822753907,2.1324806311895372e-06,False
10,5,4.125,3.0625,9,5,3.8125,3.0625,1.0814458131790161,3.4606266021728516,1.5078915112098912e-06,False
10,5,4.125,3.0625,10,6,4.125,3.375,1.5015723705291748,4.805031585693359,8.596304041930125e-07,False
10,5,4.125,3.0625,10,4,4.125,2.75,0.5593602061271667,1.7899526596069335,5.331201577973843e-07,False
11,5,4.4375,3.0625,12,5,4.75,3.0625,1.358672022819519,4.347750473022461,2.396076979493955e-06,False
11,5,4.4375,3.0625,10,5,4.125,3.0625,1.0229414701461792,3.2734127044677734,1.430511474609375e-06,False
11,5,4.4375,3.0625,11,6,4.4375,3.375,1.554710030555725,4.9750720977783205,2.5344243113067932e-06,False
11,5,4.4375,3.0625,11,4,4.4375,2.75,0.6894016861915588,2.2060853958129885,1.3486991292666062e-06,False
12,5,4.75,3.0625,13,5,5.0625,3.0625,1.573058009147644,5.033785629272461,1.1920928955078125e-06,False
12,5,4.75,3.0625,11,5,4.4375,3.0625,1.050613284111023,3.3619625091552736,1.2839233249906101e-06,False
12,5,4.75,3.0625,12,6,4.75,3.375,1.6613490581512451,5.316316986083985,1.0662403155947686e-06,False
12,5,4.75,3.0625,12,4,4.75,2.75,0.9045534729957581,2.8945711135864256,1.5078915112098912e-06,False
13,5,5.0625,3.0625,14,5,5.375,3.0625,1.8120619058609009,5.798598098754883,1.430511474609375e-06,False
13,5,5.0625,3.0625,12,5,4.75,3.0625,1.1583170890808105,3.706614685058594,5.331201577973843e-07,False
13,5,5.0625,3.0625,13,6,5.0625,3.375,1.8120614290237427,5.798596572875977,1.6689300537109375e-06,False
13,5,5.0625,3.0625,13,4,5.0625,2.75,1.1583164930343628,3.706612777709961,1.450243644285365e-06,False
14,5,5.375,3.0625,15,5,5.6875,3.0625,2.0671567916870117,6.614901733398438,2.1324806311895372e-06,False
14,5,5.375,3.0625,13,5,5.0625,3.0625,1.326697826385498,4.245433044433594,1.1920928955078125e-06,False
14,5,5.375,3.0625,14,6,5.375,3.375,1.996889352798462,6.390045928955078,4.76837158203125e-07,False
14,5,5.375,3.0625,14,4,5.375,2.75,1.4302784204483032,4.57689094543457,2.0370491711219074e-06,False
15,5,5.6875,3.0625,16,5,6.0,3.0625,2.3330743312835693,7.465837860107422,1.922192041092785e-06,False
15,5,5.6875,3.0625,14,5,5.375,3.0625,1.5359305143356323,4.914977645874023,3.5762786865234375e-06,False
15,5,5.6875,3.0625,15,6,5.6875,3.375,2.2072830200195312,7.0633056640625,1.719260808386025e-06,False
15,5,5.6875,3.0625,15,4,5.6875,2.75,1.7117893695831299,5.477725982666016,1.450243644285365e-06,False
16,5,6.0,3.0625,15,5,5.6875,3.0625,1.7715933322906494,5.669098663330078,1.0662403155947686e-06,False
16,5,6.0,3.0625,16,6,6.0,3.375,2.4366214275360107,7.797188568115234,9.5367431640625e-07,False
16,5,6.0,3.0625,16,4,6.0,2.75,1.9988117218017578,6.396197509765625,1.0662403155947686e-06,False
0,6,1.0,3.375,1,6,1.3125,3.375,3.4533255100250244,11.050641632080078,0.038321226835250854,False
0,6,1.0,3.375,0,7,1.0,3.6875,2.775892734527588,8.882856750488282,0.8991022706031799,False
0,6,1.0,3.375,0,5,1.0,3.0625,2.9095449447631836,9.310543823242188,0.0007964750984683633,False
1,6,1.3125,3.375,2,6,1.625,3.375,3.0303659439086914,9.697171020507813,0.46913081407546997,False
1,6,1.3125,3.375,0,6,1.0,3.375,3.2721447944641113,10.470863342285156,0.05734146013855934,False
1,6,1.3125,3.375,1,7,1.3125,3.6875,3.85827898979187,12.346492767333984,0.7283868193626404,False
1,6,1.3125,3.375,1,5,1.3125,3.0625,3.3136510848999023,10.603683471679688,2.1185824871063232,False
2,6,1.625,3.375,3,6,1.9375,3.375,3.6254236698150635,11.601355743408202,2.200073480606079,False
2,6,1.625,3.375,1,6,1.3125,3.375,2.534694194793701,8.111021423339844,0.8634419441223145,False
2,6,1.625,3.375,2,7,1.625,3.6875,2.7438037395477295,8.780171966552734,1.2435649633407593,False
2,6,1.625,3.375,2,5,1.625,3.0625,2.081162452697754,6.659719848632813,0.8780684471130371,False
3,6,1.9375,3.375,4,6,2.25,3.375,1.8516472578048706,5.925271224975586,0.16433651745319366,False
3,6,1.9375,3.375,2,6,1.625,3.375,2.213487386703491,7.083159637451172,0.7525897026062012,False
3,6,1.9375,3.375,3,7,1.9375,3.6875,2.397510528564453,7.67203369140625,0.16092069447040558,False
3,6,1.9375,3.375,3,5,1.9375,3.0625,1.6523250341415405,5.2874401092529295,0.6262845396995544,False
4,6,2.25,3.375,5,6,2.5625,3.375,1.7361235618591309,5.555595397949219,0.00023810008133295923,False
4,6,2.25,3.375,3,6,1.9375,3.375,2.3040597438812256,7.3729911804199215,1.7785110473632812,False
4,6,2.25,3.375,4,7,2.25,3.6875,2.3388423919677734,7.484295654296875,0.0006382612627930939,False
4,6,2.25,3.375,4,5,2.25,3.0625,1.6840070486068726,5.388822555541992,1.5312409400939941,False
5,6,2.5625,3.375,6,6,2.875,3.375,1.594937801361084,5.103800964355469,2.1707877749577165e-05,False
5,6,2.5625,3.375,4,6,2.25,3.375,2.1734201908111572,6.954944610595703,0.0008110892376862466,False
5,6,2.5625,3.375,5,7,2.5625,3.6875,2.2408287525177,7.17065200805664,0.0005275317234918475,False
5,6,2.5625,3.375,5,5,2.5625,3.0625,1.5526825189590454,4.968584060668945,0.0005836646305397153,False
6,6,2.875,3.375,7,6,3.1875,3.375,1.4535294771194458,4.651294326782226,3.0157830224197824e-06,False
6,6,2.875,3.375,5,6,2.5625,3.375,2.0202577114105225,6.464824676513672,0.00036737549817189574,False
6,6,2.875,3.375,6,7,2.875,3.6875,2.0910804271698,6.691457366943359,3.9856571675045416e-05,False
6,6,2.875,3.375,6,5,2.875,3.0625,1.3605574369430542,4.353783798217774,7.073803135426715e-05,False
7,6,3.1875,3.375,8,6,3.5,3.375,1.3569409847259521,4.342211151123047,1.1920928955078125e-06,False
7,6,3.1875,3.375,6,6,2.875,3.375,1.8191554546356201,5.821297454833984,6.692728220514255e-06,False
7,6,3.1875,3.375,7,7,3.1875,3.6875,1.9579386711120605,6.265403747558594,4.163801349932328e-06,False
7,6,3.1875,3.375,7,5,3.1875,3.0625,1.1497691869735718,3.67926139831543,1.5266238051481196e-06,False
8,6,3.5,3.375,9,6,3.8125,3.375,1.3220077753067017,4.230424880981445,1.6689300537109375e-06,False
8,6,3.5,3.375,7,6,3.1875,3.375,1.630455732345581,5.217458343505859,1.8621086610437487e-06,False
8,6,3.5,3.375,8,7,3.5,3.6875,1.8599013090133667,5.951684188842774,2.90048728857073e-06,False
8,6,3.5,3.375,8,5,3.5,3.0625,0.9733743667602539,3.1147979736328124,1.3902072169003077e-06,False
9,6,3.8125,3.375,10,6,4.125,3.375,1.3544495105743408,4.334238433837891,1.9660499219753547e-06,False
9,6,3.8125,3.375,8,6,3.5,3.375,1.4753504991531372,4.721121597290039,2.1981106783641735e-06,False
9,6,3.8125,3.375,9,7,3.8125,3.6875,1.8060582876205444,5.779386520385742,3.2428433769382536e-06,False
9,6,3.8125,3.375,9,5,3.8125,3.0625,0.865652859210968,2.7700891494750977,1.3486991292666062e-06,False
10,6,4.125,3.375,11,6,4.4375,3.375,1.4498181343078613,4.639418029785157,6.743495646333031e-07,False
10,6,4.125,3.375,9,6,3.8125,3.375,1.3687305450439453,4.379937744140625,1.922192041092785e-06,False
10,6,4.125,3.375,10,7,4.125,3.6875,1.801137924194336,5.763641357421875,2.5678466499812203e-06,False
10,6,4.125,3.375,10,5,4.125,3.0625,0.8551417589187622,2.736453628540039,8.596304041930125e-07,False
11,6,4.4375,3.375,12,6,4.75,3.375,1.596864938735962,5.109967803955078,2.384185791015625e-06,False
11,6,4.4375,3.375,10,6,4.125,3.375,1.3230149745941162,4.2336479187011715,6.743495646333031e-07,False
11,6,4.4375,3.375,11,7,4.4375,3.6875,1.8457093238830566,5.906269836425781,2.384185791015625e-06,False
11,6,4.4375,3.375,11,5,4.4375,3.0625,0.9453507661819458,3.0251224517822264,1.430511474609375e-06,False
12,6,4.75,3.375,13,6,5.0625,3.375,1.7828396558761597,5.705086898803711,8.596304041930125e-07,False
12,6,4.75,3.375,11,6,4.4375,3.375,1.3445370197296143,4.302518463134765,1.9660499219753547e-06,False
12,6,4.75,3.375,12,7,4.75,3.6875,1.9363999366760254,6.196479797363281,2.7804144338006154e-06,False
12,6,4.75,3.375,12,5,4.75,3.0625,1.1120469570159912,3.558550262451172,9.5367431640625e-07,False
13,6,5.0625,3.375,14,6,5.375,3.375,1.996891736984253,6.390053558349609,1.8621086610437487e-06,False
13,6,5.0625,3.375,12,6,4.75,3.375,1.430280327796936,4.576897048950196,1.5078915112098912e-06,False
13,6,5.0625,3.375,13,7,5.0625,3.6875,2.067157745361328,6.61490478515625,1.0662403155947686e-06,False
13,6,5.0625,3.375,13,5,5.0625,3.0625,1.3266997337341309,4.245439147949218,1.8621086610437487e-06,False
14,6,5.375,3.375,15,6,5.6875,3.375,2.2309505939483643,7.139041900634766,1.3486991292666062e-06,False
14,6,5.375,3.375,13,6,5.0625,3.375,1.5697546005249023,5.023214721679688,2.0370491711219074e-06,False
14,6,5.375,3.375,14,7,5.375,3.6875,2.230950355529785,7.139041137695313,1.3486991292666062e-06,False
14,6,5.375,3.375,14,5,5.375,3.0625,1.5697550773620605,5.023216247558594,1.0662403155947686e-06,False
15,6,5.6875,3.375,16,6,6.0,3.375,2.4793612957000732,7.933956146240234,1.0662403155947686e-06,False
15,6,5.6875,3.375,14,6,5.375,3.375,1.7501674890518188,5.60053596496582,2.0370491711219074e-06,False
15,6,5.6875,3.375,15,7,5.6875,3.6875,2.421088218688965,7.7474822998046875,2.1981106783641735e-06,False
15,6,5.6875,3.375,15,5,5.6875,3.0625,1.8299329280853271,5.855785369873047,4.76837158203125e-07,False
16,6,6.0,3.375,15,6,5.6875,3.375,1.960241436958313,6.272772598266601,1.2839233249906101e-06,False
16,6,6.0,3.375,16,7,6.0,3.6875,2.6318624019622803,8.421959686279298,2.431401981084491e-06,False
16,6,6.0,3.375,16,5,6.0,3.0625,2.100877285003662,6.722807312011719,2.384185791015625e-07,False
0,7,1.0,3.6875,1,7,1.3125,3.6875,3.170484781265259,10.145551300048828,2.3882761001586914,False
0,7,1.0,3.6875,0,8,1.0,4.0,2.774818181991577,8.879418182373048,0.8252027034759521,False
0,7,1.0,3.6875,0,6,1.0,3.375,3.131072521209717,10.019432067871094,2.6318697929382324,False
1,7,1.3125,3.6875,2,7,1.625,3.6875,2.4173619747161865,7.735558319091797,1.0031691789627075,False
1,7,1.3125,3.6875,0,7,1.0,3.6875,2.2769126892089844,7.28612060546875,0.7810412645339966,False
1,7,1.3125,3.6875,1,8,1.3125,4.0,3.7759385108947754,12.08300323486328,2.583223342895508,False
1,7,1.3125,3.6875,1,6,1.3125,3.375,1.4570879936218262,4.662681579589844,1.1235584020614624,False
2,7,1.625,3.6875,3,7,1.9375,3.6875,1.6530109643936157,5.289635086059571,1.9823596477508545,False
2,7,1.625,3.6875,1,7,1.3125,3.6875,1.944908857345581,6.2237083435058596,1.7646032571792603,False
2,7,1.625,3.6875,2,8,1.625,4.0,2.212679862976074,7.080575561523437,1.622755765914917,False
2,7,1.625,3.6875,2,6,1.625,3.375,1.2803610563278198,4.097155380249023,1.190087080001831,False
3,7,1.9375,3.6875,4,7,2.25,3.6875,2.048785924911499,6.556114959716797,0.13057957589626312,False
3,7,1.9375,3.6875,2,7,1.625,3.6875,2.4751038551330566,7.920332336425782,1.284153938293457,False
3,7,1.9375,3.6875,3,8,1.9375,4.0,1.7219516038894653,5.510245132446289,1.6628851890563965,False
3,7,1.9375,3.6875,3,6,1.9375,3.375,2.128190279006958,6.810208892822265,2.534994602203369,False
4,7,2.25,3.6875,5,7,2.5625,3.6875,1.9600168466567993,6.272053909301758,0.0003371990751475096,False
4,7,2.25,3.6875,3,7,1.9375,3.6875,2.905280828475952,9.296898651123048,2.2314085960388184,False
4,7,2.25,3.6875,4,8,2.25,4.0,2.6053965091705322,8.337268829345703,0.35619065165519714,False
4,7,2.25,3.6875,4,6,2.25,3.375,1.8650709390640259,5.9682270050048825,0.0006716461502946913,False
5,7,2.5625,3.6875,6,7,2.875,3.6875,1.8434511423110962,5.8990436553955075,0.00024377585214097053,False
5,7,2.5625,3.6875,4,7,2.25,3.6875,2.3711233139038086,7.587594604492187,0.0007731865043751895,False
5,7,2.5625,3.6875,5,8,2.5625,4.0,2.427060127258301,7.766592407226563,0.0018516640411689878,False
5,7,2.5625,3.6875,5,6,2.5625,3.375,1.7607810497283936,5.634499359130859,0.0007683787844143808,False
6,7,2.875,3.6875,7,7,3.1875,3.6875,1.727768898010254,5.528860473632813,2.0961861082469113e-05,False
6,7,2.875,3.6875,5,7,2.5625,3.6875,2.223830223083496,7.1162567138671875,0.0005209491937421262,False
6,7,2.875,3.6875,6,8,2.875,4.0,2.336412191390991,7.476519012451172,0.0008880191016942263,False
6,7,2.875,3.6875,6,6,2.875,3.375,1.5685995817184448,5.019518661499023,2.2899357645655982e-05,False
7,7,3.1875,3.6875,8,7,3.5,3.6875,1.649738073348999,5.279161834716797,3.5443470096652163e-06,False
7,7,3.1875,3.6875,6,7,2.875,3.6875,2.044830560684204,6.543457794189453,4.822660412173718e-05,False
7,7,3.1875,3.6875,7,8,3.1875,4.0,2.230776786804199,7.138485717773437,7.926691614557058e-05,False
7,7,3.1875,3.6875,7,6,3.1875,3.375,1.3859851360321045,4.435152435302735,2.910269586209324e-06,False
8,7,3.5,3.6875,9,7,3.8125,3.6875,1.6220017671585083,5.190405654907226,7.539457556049456e-07,False
8,7,3.5,3.6875,7,7,3.1875,3.6875,1.8809266090393066,6.018965148925782,5.250624326436082e-06,False
8,7,3.5,3.6875,8,8,3.5,4.0,2.149609327316284,6.878749847412109,8.996945325634442e-06,False
8,7,3.5,3.6875,8,6,3.5,3.375,1.2433089017868042,3.9785884857177733,8.596304041930125e-07,False
9,7,3.8125,3.6875,10,7,4.125,3.6875,1.64883291721344,5.276265335083008,1.1920928955078125e-06,False
9,7,3.8125,3.6875,8,7,3.5,3.6875,1.74912428855896,5.597197723388672,2.489163080099388e-06,False
9,7,3.8125,3.6875,9,8,3.8125,4.0,2.104599952697754,6.734719848632812,3.337860107421875e-06,False
9,7,3.8125,3.6875,9,6,3.8125,3.375,1.1610431671142578,3.715338134765625,9.5367431640625e-07,False
10,7,4.125,3.6875,11,7,4.4375,3.6875,1.7281122207641602,5.529959106445313,1.1920928955078125e-06,False
10,7,4.125,3.6875,9,7,3.8125,3.6875,1.6605355739593506,5.313713836669922,1.450243644285365e-06,False
10,7,4.125,3.6875,10,8,4.125,4.0,2.1008107662200928,6.722594451904297,1.5078915112098912e-06,False
10,7,4.125,3.6875,10,6,4.125,3.375,1.153306007385254,3.6905792236328123,5.331201577973843e-07,False
11,7,4.4375,3.6875,12,7,4.75,3.6875,1.8532310724258423,5.930339431762695,1.5266238051481196e-06,False
11,7,4.4375,3.6875,10,7,4.125,3.6875,1.6231807470321655,5.1941783905029295,1.7357134538542596e-06,False
11,7,4.4375,3.6875,11,8,4.4375,4.0,2.1392760276794434,6.845683288574219,2.90048728857073e-06,False
11,7,4.4375,3.6875,11,6,4.4375,3.375,1.2217228412628174,3.9095130920410157,4.76837158203125e-07,False
12,7,4.75,3.6875,13,7,5.0625,3.6875,2.0156948566436768,6.450223541259765,1.5078915112098912e-06,False
12,7,4.75,3.6875,11,7,4.4375,3.6875,1.6408072710037231,5.250583267211914,2.1981106783641735e-06,False
12,7,4.75,3.6875,12,8,4.75,4.0,2.218032121658325,7.0977027893066404,1.0662403155947686e-06,False
12,7,4.75,3.6875,12,6,4.75,3.375,1.3548389673233032,4.3354846954345705,1.2839233249906101e-06,False
13,7,5.0625,3.6875,14,7,5.375,3.6875,2.2072842121124268,7.0633094787597654,2.7804144338006154e-06,False
13,7,5.0625,3.6875,12,7,4.75,3.6875,1.7117860317230225,5.477715301513672,3.3717478800099343e-06,False
13,7,5.0625,3.6875,13,8,5.0625,4.0,2.333070755004883,7.465826416015625,4.046097274112981e-06,False
13,7,5.0625,3.6875,13,6,5.0625,3.375,1.535932183265686,4.9149829864501955,2.1324806311895372e-06,False
14,7,5.375,3.6875,15,7,5.6875,3.6875,2.421088695526123,7.747483825683593,1.599360416548734e-06,False
14,7,5.375,3.6875,13,7,5.0625,3.6875,1.8299331665039062,5.8557861328125,2.384185791015625e-06,False
14,7,5.375,3.6875,14,8,5.375,4.0,2.4793620109558105,7.933958435058594,2.7804144338006154e-06,False
14,7,5.375,3.6875,14,6,5.375,3.375,1.7501682043075562,5.60053825378418,4.76837158203125e-07,False
15,7,5.6875,3.6875,16,7,6.0,3.6875,2.6517462730407715,8.485588073730469,2.8709398520732066e-06,False
15,7,5.6875,3.6875,14,7,5.375,3.6875,1.9868581295013428,6.3579460144042965,2.0230486370564904e-06,False
15,7,5.6875,3.6875,15,8,5.6875,4.0,2.6517460346221924,8.485587310791015,2.90048728857073e-06,False
15,7,5.6875,3.6875,15,6,5.6875,3.375,1.9868578910827637,6.357945251464844,2.0230486370564904e-06,False
16,7,6.0,3.6875,15,7,5.6875,3.6875,2.174182653427124,6.957384490966797,1.430511474609375e-06,False
16,7,6.0,3.6875,16,8,6.0,4.0,2.8454864025115967,9.10555648803711,1.5078915112098912e-06,False
16,7,6.0,3.6875,16,6,6.0,3.375,2.2388927936553955,7.164456939697265,1.1920928955078125e-06,False
0,8,1.0,4.0,1,8,1.3125,4.0,0.9545459747314453,3.054547119140625,1.4468153715133667,False
0,8,1.0,4.0,0,9,1.0,4.3125,0.7697115540504456,2.4630769729614257,1.3031610250473022,False
0,8,1.0,4.0,0,7,1.0,3.6875,0.5113420486450195,1.6362945556640625,1.5747300386428833,False
1,8,1.3125,4.0,2,8,1.625,4.0,0.812753438949585,2.600811004638672,2.433685541152954,False
1,8,1.3125,4.0,0,8,1.0,4.0,0.11117491126060486,0.3557597160339355,0.8874037265777588,False
1,8,1.3125,4.0,1,9,1.3125,4.3125,0.4699302613735199,1.5037768363952637,2.280655860900879,False
1,8,1.3125,4.0,1,7,1.3125,3.6875,0.48564761877059937,1.554072380065918,2.1564419269561768,False
2,8,1.625,4.0,3,8,1.9375,4.0,0.07172398269176483,0.22951674461364746,0.618461012840271,False
2,8,1.625,4.0,1,8,1.3125,4.0,0.056654300540685654,0.1812937617301941,0.5202808976173401,False
2,8,1.625,4.0,2,9,1.625,4.3125,0.055006854236125946,0.17602193355560303,1.4515215158462524,False
2,8,1.625,4.0,2,7,1.625,3.6875,0.17884445190429688,0.57230224609375,1.5276625156402588,False
3,8,1.9375,4.0,4,8,2.25,4.0,0.7075154185295105,2.2640493392944334,1.5617457628250122,False
3,8,1.9375,4.0,2,8,1.625,4.0,0.958830714225769,3.068258285522461,0.5099772810935974,False
3,8,1.9375,4.0,3,9,1.9375,4.3125,2.3204550743103027,7.425456237792969,1.8420330286026,False
3,8,1.9375,4.0,3,7,1.9375,3.6875,1.6822538375854492,5.383212280273438,2.1551578044891357,False
4,8,2.25,4.0,5,8,2.5625,4.0,1.2294142246246338,3.934125518798828,1.6453896760940552,False
4,8,2.25,4.0,3,8,1.9375,4.0,1.2557904720306396,4.0185295104980465,1.030667781829834,False
4,8,2.25,4.0,4,9,2.25,4.3125,1.5745420455932617,5.038534545898438,0.7748715281486511,False
4,8,2.25,4.0,4,7,2.25,3.6875,1.935755729675293,6.194418334960938,2.162335157394409,False
5,8,2.5625,4.0,6,8,2.875,4.0,2.050701379776001,6.562244415283203,0.00566893070936203,False
5,8,2.5625,4.0,4,8,2.25,4.0,2.5925159454345703,8.296051025390625,0.5093486309051514,False
5,8,2.5625,4.0,5,9,2.5625,4.3125,2.687786817550659,8.60091781616211,1.7758336067199707,False
5,8,2.5625,4.0,5,7,2.5625,3.6875,1.9285438060760498,6.1713401794433596,0.0008238157024607062,False
6,8,2.875,4.0,7,8,3.1875,4.0,1.996568202972412,6.389018249511719,0.0005651325336657465,False
6,8,2.875,4.0,5,8,2.5625,4.0,2.380920648574829,7.618946075439453,0.007595117203891277,False
6,8,2.875,4.0,6,9,2.875,4.3125,2.570848226547241,8.226714324951171,0.9612517952919006,False
6,8,2.875,4.0,6,7,2.875,3.6875,1.7878978252410889,5.721273040771484,0.0003590033738873899,False
7,8,3.1875,4.0,8,8,3.5,4.0,1.9409615993499756,6.211077117919922,4.853970312979072e-05,False
7,8,3.1875,4.0,6,8,2.875,4.0,2.26902437210083,7.260877990722657,0.00012240443902555853,False
7,8,3.1875,4.0,7,9,3.1875,4.3125,2.4875736236572266,7.960235595703125,0.0003109472745563835,False
7,8,3.1875,4.0,7,7,3.1875,3.6875,1.6389634609222412,5.244683074951172,3.0903498554835096e-05,False
8,8,3.5,4.0,9,8,3.8125,4.0,1.9209678173065186,6.14709701538086,4.604627520166105e-06,False
8,8,3.5,4.0,7,8,3.1875,4.0,2.1386334896087646,6.843627166748047,9.937451250152662e-05,False
8,8,3.5,4.0,8,9,3.5,4.3125,2.435340404510498,7.793089294433594,0.00017577967082615942,False
8,8,3.5,4.0,8,7,3.5,3.6875,1.523418664932251,4.874939727783203,4.2649612623790745e-06,False
9,8,3.8125,4.0,10,8,4.125,4.0,1.944726824760437,6.223125839233399,1.719260808386025e-06,False
9,8,3.8125,4.0,8,8,3.5,4.0,2.0286617279052734,6.491717529296875,1.0873560313484631e-05,False
9,8,3.8125,4.0,9,9,3.8125,4.3125,2.4015612602233887,7.684996032714844,1.8121379980584607e-05,False
9,8,3.8125,4.0,9,7,3.8125,3.6875,1.458123803138733,4.665996170043945,1.5078915112098912e-06,False
10,8,4.125,4.0,11,8,4.4375,4.0,2.0126864910125732,6.4405967712402346,1.9073486328125e-06,False
10,8,4.125,4.0,9,8,3.8125,4.0,1.954400658607483,6.254082107543946,2.1981106783641735e-06,False
10,8,4.125,4.0,10,9,4.125,4.3125,2.400050401687622,7.6801612854003904,2.1324806311895372e-06,False
10,8,4.125,4.0,10,7,4.125,3.6875,1.4523016214370728,4.6473651885986325,6.743495646333031e-07,False
11,8,4.4375,4.0,12,8,4.75,4.0,2.12117075920105,6.787746429443359,4.396221356728347e-06,False
11,8,4.4375,4.0,10,8,4.125,4.0,1.9232622385025024,6.154439163208008,2.431401981084491e-06,False
11,8,4.4375,4.0,11,9,4.4375,4.3125,2.4343347549438477,7.7898712158203125,2.5678466499812203e-06,False
11,8,4.4375,4.0,11,7,4.4375,3.6875,1.5073033571243286,4.823370742797851,2.34815070143668e-06,False
12,8,4.75,4.0,13,8,5.0625,4.0,2.2645134925842285,7.246443176269532,9.5367431640625e-07,False
12,8,4.75,4.0,11,8,4.4375,4.0,1.9383083581924438,6.20258674621582,1.3486991292666062e-06,False
12,8,4.75,4.0,12,9,4.75,4.3125,2.503983497619629,8.012747192382813,3.6314836506790016e-06,False
12,8,4.75,4.0,12,7,4.75,3.6875,1.6171026229858398,5.1747283935546875,0.0,False
13,8,5.0625,4.0,14,8,5.375,4.0,2.436619281768799,7.797181701660156,4.76837158203125e-07,False
13,8,5.0625,4.0,12,8,4.75,4.0,1.9987914562225342,6.3961326599121096,2.431401981084491e-06,False
13,8,5.0625,4.0,13,9,5.0625,4.3125,2.606475830078125,8.34072265625,2.90048728857073e-06,False
13,8,5.0625,4.0,13,7,5.0625,3.6875,1.771591067314148,5.669091415405274,9.830249609876773e-07,False
14,8,5.375,4.0,15,8,5.6875,4.0,2.6318624019622803,8.421959686279298,1.3486991292666062e-06,False
14,8,5.375,4.0,13,8,5.0625,4.0,2.10087251663208,6.722792053222657,1.9660499219753547e-06,False
14,8,5.375,4.0,14,9,5.375,4.3125,2.7382121086120605,8.762278747558593,1.430511474609375e-06,False
14,8,5.375,4.0,14,7,5.375,3.6875,1.9602417945861816,6.272773742675781,4.76837158203125e-07,False
15,8,5.6875,4.0,16,8,6.0,4.0,2.8454880714416504,9.105561828613281,3.7242173220874975e-06,False
15,8,5.6875,4.0,14,8,5.375,4.0,2.2388927936553955,7.164456939697265,3.43852161677205e-06,False
15,8,5.6875,4.0,15,9,5.6875,4.3125,2.8952314853668213,9.264740753173829,1.719260808386025e-06,False
15,8,5.6875,4.0,15,7,5.6875,3.6875,2.174184560775757,6.957390594482422,2.90048728857073e-06,False
16,8,6.0,4.0,15,8,5.6875,4.0,2.4066812992095947,7.7013801574707035,4.76837158203125e-06,False
16,8,6.0,4.0,16,9,6.0,4.3125,3.073664426803589,9.835726165771485,4.76837158203125e-06,False
16,8,6.0,4.0,16,7,6.0,3.6875,2.406681776046753,7.701381683349609,3.0157830224197824e-06,False
0,9,1.0,4.3125,1,9,1.3125,4.3125,1.6118098497390747,5.157791519165039,0.1567133218050003,False
0,9,1.0,4.3125,0,10,1.0,4.625,1.0786153078079224,3.4515689849853515,0.0005746287060901523,False
0,9,1.0,4.3125,0,8,1.0,4.0,0.7974850535392761,2.5519521713256834,0.9951309561729431,False
1,9,1.3125,4.3125,2,9,1.625,4.3125,1.6855000257492065,5.393600082397461,0.6174003481864929,False
1,9,1.3125,4.3125,0,9,1.0,4.3125,1.5545982122421265,4.974714279174805,0.15459488332271576,False
1,9,1.3125,4.3125,1,10,1.3125,4.625,1.1118286848068237,3.557851791381836,0.0006479971343651414,False
1,9,1.3125,4.3125,1,8,1.3125,4.0,0.9664207696914673,3.0925464630126953,0.9364033341407776,False
2,9,1.625,4.3125,3,9,1.9375,4.3125,0.754167914390564,2.4133373260498048,0.8357430696487427,False
2,9,1.625,4.3125,1,9,1.3125,4.3125,1.4820133447647095,4.74244270324707,2.7135860919952393,False
2,9,1.625,4.3125,2,10,1.625,4.625,1.1841648817062378,3.789327621459961,0.07321670651435852,False
2,9,1.625,4.3125,2,8,1.625,4.0,0.7122469544410706,2.279190254211426,0.9970751404762268,False
3,9,1.9375,4.3125,4,9,2.25,4.3125,0.5695492029190063,1.8225574493408203,1.4955956935882568,False
3,9,1.9375,4.3125,2,9,1.625,4.3125,1.2536572217941284,4.011703109741211,2.5092668533325195,False
3,9,1.9375,4.3125,3,10,1.9375,4.625,1.078815221786499,3.452208709716797,2.5834031105041504,False
3,9,1.9375,4.3125,3,8,1.9375,4.0,0.5919257998466492,1.8941625595092773,0.7594918012619019,False
4,9,2.25,4.3125,5,9,2.5625,4.3125,0.6969508528709412,2.2302427291870117,1.5827170610427856,False
4,9,2.25,4.3125,3,9,1.9375,4.3125,0.8218047618865967,2.6297752380371096,1.233810544013977,False
4,9,2.25,4.3125,4,10,2.25,4.625,0.7214362025260925,2.3085958480834963,1.1199766397476196,False
4,9,2.25,4.3125,4,8,2.25,4.0,0.5664687752723694,1.812700080871582,1.4533884525299072,False
5,9,2.5625,4.3125,6,9,2.875,4.3125,1.0675159692764282,3.4160511016845705,0.8692976832389832,False
5,9,2.5625,4.3125,4,9,2.25,4.3125,2.9334816932678223,9.38714141845703,2.065669059753418,False
5,9,2.5625,4.3125,5,10,2.5625,4.625,3.1592190265655518,10.109500885009766,2.0812978744506836,False
5,9,2.5625,4.3125,5,8,2.5625,4.0,0.8180608749389648,2.6177947998046873,0.8519895076751709,False
6,9,2.875,4.3125,7,9,3.1875,4.3125,1.552135944366455,4.966835021972656,0.5406281352043152,False
6,9,2.875,4.3125,5,9,2.5625,4.3125,1.8137118816375732,5.8038780212402346,1.7260544300079346,False
6,9,2.875,4.3125,6,10,2.875,4.625,1.9478497505187988,6.233119201660156,1.6715134382247925,False
6,9,2.875,4.3125,6,8,2.875,4.0,2.298490047454834,7.355168151855469,2.3460733890533447,False
7,9,3.1875,4.3125,8,9,3.5,4.3125,2.216005563735962,7.091217803955078,0.00021606420341413468,False
7,9,3.1875,4.3125,6,9,2.875,4.3125,2.220613718032837,7.105963897705078,1.665824294090271,False
7,9,3.1875,4.3125,7,10,3.1875,4.625,1.8812226057052612,6.019912338256836,0.8886436223983765,False
7,9,3.1875,4.3125,7,8,3.1875,4.0,1.8891477584838867,6.0452728271484375,0.0008659839513711631,False
8,9,3.5,4.3125,9,9,3.8125,4.3125,2.2152047157287598,7.088655090332031,0.00010676254896679893,False
8,9,3.5,4.3125,7,9,3.1875,4.3125,2.380772113800049,7.618470764160156,0.0004693986556958407,False
8,9,3.5,4.3125,8,10,3.5,4.625,2.6923604011535645,8.615553283691407,0.000338935962645337,False
8,9,3.5,4.3125,8,8,3.5,4.0,1.8049582242965698,5.775866317749023,6.73814065521583e-05,False
9,9,3.8125,4.3125,10,9,4.125,4.3125,2.2403106689453125,7.168994140625,9.4046990852803e-06,False
9,9,3.8125,4.3125,8,9,3.5,4.3125,2.3059394359588623,7.379006195068359,0.00021639004989992827,False
9,9,3.8125,4.3125,9,10,3.8125,4.625,2.6905364990234375,8.609716796875,0.0003917805734090507,False
9,9,3.8125,4.3125,9,8,3.8125,4.0,1.754791498184204,5.615332794189453,4.554980478133075e-06,False
10,9,4.125,4.3125,11,9,4.4375,4.3125,2.300854206085205,7.362733459472656,3.84438408218557e-06,False
10,9,4.125,4.3125,9,9,3.8125,4.3125,2.247627019882202,7.192406463623047,2.303301153006032e-05,False
10,9,4.125,4.3125,10,10,4.125,4.625,2.6968376636505127,8.62988052368164,3.719635424204171e-05,False
10,9,4.125,4.3125,10,8,4.125,4.0,1.751328945159912,5.604252624511719,3.3717478800099343e-06,False
11,9,4.4375,4.3125,12,9,4.75,4.3125,2.396698474884033,7.669435119628906,9.5367431640625e-07,False
11,9,4.4375,4.3125,10,9,4.125,4.3125,2.222705602645874,7.112657928466797,3.198720833097468e-06,False
11,9,4.4375,4.3125,11,10,4.4375,4.625,2.7297427654266357,8.735176849365235,5.974752639303915e-06,False
11,9,4.4375,4.3125,11,8,4.4375,4.0,1.7975963354110718,5.75230827331543,1.719260808386025e-06,False
12,9,4.75,4.3125,13,9,5.0625,4.3125,2.524553060531616,8.078569793701172,4.1019084164872766e-06,False
12,9,4.75,4.3125,11,9,4.4375,4.3125,2.2363765239715576,7.156404876708985,1.9660499219753547e-06,False
12,9,4.75,4.3125,12,10,4.75,4.625,2.792736530303955,8.936756896972657,3.198720833097468e-06,False
12,9,4.75,4.3125,12,8,4.75,4.0,1.8907254934310913,6.050321578979492,4.396221356728347e-06,False
13,9,5.0625,4.3125,14,9,5.375,4.3125,2.680039167404175,8.576125335693359,1.5078915112098912e-06,False
13,9,5.0625,4.3125,12,9,4.75,4.3125,2.2891838550567627,7.325388336181641,3.471426907708519e-06,False
13,9,5.0625,4.3125,13,10,5.0625,4.625,2.88519287109375,9.2326171875,1.0662403155947686e-06,False
13,9,5.0625,4.3125,13,8,5.0625,4.0,2.0244693756103516,6.478302001953125,2.7804144338006154e-06,False
14,9,5.375,4.3125,15,9,5.6875,4.3125,2.858713150024414,9.147882080078125,3.7242173220874975e-06,False
14,9,5.375,4.3125,13,9,5.0625,4.3125,2.378889560699463,7.612446594238281,1.3486991292666062e-06,False
14,9,5.375,4.3125,14,10,5.375,4.625,3.004794120788574,9.615341186523438,1.0662403155947686e-06,False
14,9,5.375,4.3125,14,8,5.375,4.0,2.1914658546447754,7.012690734863281,1.5078915112098912e-06,False
15,9,5.6875,4.3125,16,9,6.0,4.3125,3.0565245151519775,9.780878448486328,1.719260808386025e-06,False
15,9,5.6875,4.3125,14,9,5.375,4.3125,2.5016307830810547,8.005218505859375,2.1324806311895372e-06,False
15,9,5.6875,4.3125,15,10,5.6875,4.625,3.1485602855682373,10.075392913818359,2.384185791015625e-06,False
15,9,5.6875,4.3125,15,8,5.6875,4.0,2.384753942489624,7.631212615966797,2.6973982585332124e-06,False
16,9,6.0,4.3125,15,9,5.6875,4.3125,2.652857542037964,8.489144134521485,2.1324806311895372e-06,False
16,9,6.0,4.3125,16,10,6.0,4.625,3.3133833408355713,10.602826690673828,2.384185791015625e-06,False
16,9,6.0,4.3125,16,8,6.0,4.0,2.5984790325164795,8.315132904052735,1.5078915112098912e-06,False
0,10,1.0,4.625,1,10,1.3125,4.625,1.3833436965942383,4.426699829101563,0.00041205339948646724,False
0,10,1.0,4.625,0,11,1.0,4.9375,0.8395031690597534,2.686410140991211,1.8151547919842415e-05,False
0,10,1.0,4.625,0,9,1.0,4.3125,1.7077056169509888,5.464657974243164,0.002018459141254425,False
1,10,1.3125,4.625,2,10,1.625,4.625,1.4894733428955078,4.766314697265625,0.00021972910326439887,False
1,10,1.3125,4.625,0,10,1.0,4.625,1.3140003681182861,4.204801177978515,0.00035187482717446983,False
1,10,1.3125,4.625,1,11,1.3125,4.9375,0.8875560164451599,2.8401792526245115,3.815162926912308e-05,False
1,10,1.3125,4.625,1,9,1.3125,4.3125,1.7269526720046997,5.526248550415039,0.0009940246818587184,False
2,10,1.625,4.625,3,10,1.9375,4.625,1.578999638557434,5.052798843383789,0.021130386739969254,False
2,10,1.625,4.625,1,10,1.3125,4.625,1.2932153940200806,4.138289260864258,0.00010561115777818486,False
2,10,1.625,4.625,2,11,1.625,4.9375,1.01162850856781,3.237211227416992,0.00037572719156742096,False
2,10,1.625,4.625,2,9,1.625,4.3125,1.3677810430526733,4.376899337768554,0.5430120229721069,False
3,10,1.9375,4.625,4,10,2.25,4.625,1.276771068572998,4.085667419433594,1.5474014282226562,False
3,10,1.9375,4.625,2,10,1.625,4.625,1.281294584274292,4.1001426696777346,0.02148989960551262,False
3,10,1.9375,4.625,3,11,1.9375,4.9375,1.1457018852233887,3.666246032714844,0.0010816464200615883,False
3,10,1.9375,4.625,3,9,1.9375,4.3125,1.2833142280578613,4.106605529785156,1.512584924697876,False
4,10,2.25,4.625,5,10,2.5625,4.625,1.8180689811706543,5.817820739746094,2.598865270614624,False
4,10,2.25,4.625,3,10,1.9375,4.625,0.3905610740184784,1.2497954368591309,0.7433904409408569,False
4,10,2.25,4.625,4,11,2.25,4.9375,0.6152053475379944,1.9686571121215821,0.6429367661476135,False
4,10,2.25,4.625,4,9,2.25,4.3125,1.832432508468628,5.8637840270996096,2.423469066619873,False
5,10,2.5625,4.625,6,10,2.875,4.625,0.7888631820678711,2.5243621826171876,0.33328762650489807,False
5,10,2.5625,4.625,4,10,2.25,4.625,0.03568962588906288,0.11420680284500122,0.8454804420471191,False
5,10,2.5625,4.625,5,11,2.5625,4.9375,0.6958107948303223,2.2265945434570313,0.7866532206535339,False
5,10,2.5625,4.625,5,9,2.5625,4.3125,0.1279338151216507,0.40938820838928225,0.0701790377497673,False
6,10,2.875,4.625,7,10,3.1875,4.625,2.38736891746521,7.639580535888672,2.429771900177002,False
6,10,2.875,4.625,5,10,2.5625,4.625,2.600747585296631,8.32239227294922,2.6489436626434326,False
6,10,2.875,4.625,6,11,2.875,4.9375,2.849133014678955,9.117225646972656,2.5928096771240234,False
6,10,2.875,4.625,6,9,2.875,4.3125,1.9992951154708862,6.397744369506836,2.63061261177063,False
7,10,3.1875,4.625,8,10,3.5,4.625,2.466966390609741,7.8942924499511715,0.1463395208120346,False
7,10,3.1875,4.625,6,10,2.875,4.625,1.4841958284378052,4.749426651000976,1.0178712606430054,False
7,10,3.1875,4.625,7,11,3.1875,4.9375,1.7223306894302368,5.511458206176758,1.084206223487854,False
7,10,3.1875,4.625,7,9,3.1875,4.3125,2.126333713531494,6.804267883300781,0.07853003591299057,False
8,10,3.5,4.625,9,10,3.8125,4.625,2.4841830730438232,7.9493858337402346,0.00031805611797608435,False
8,10,3.5,4.625,7,10,3.1875,4.625,2.6599950790405273,8.511984252929688,1.9827563762664795,False
8,10,3.5,4.625,8,11,3.5,4.9375,2.9800028800964355,9.536009216308594,0.37493738532066345,False
8,10,3.5,4.625,8,9,3.5,4.3125,2.0667946338653564,6.613742828369141,0.0004876618040725589,False
9,10,3.8125,4.625,10,10,4.125,4.625,2.530308961868286,8.096988677978516,0.00024099719303194433,False
9,10,3.8125,4.625,8,10,3.5,4.625,2.5512309074401855,8.163938903808594,0.0006862165755592287,False
9,10,3.8125,4.625,9,11,3.8125,4.9375,2.9359612464904785,9.39507598876953,0.0018537044525146484,False
9,10,3.8125,4.625,9,9,3.8125,4.3125,2.045832395553589,6.546663665771485,0.00015268471906892955,False
10,10,4.125,4.625,11,10,4.4375,4.625,2.589841365814209,8.287492370605468,2.274868165841326e-05,False
10,10,4.125,4.625,9,10,3.8125,4.625,2.532496690750122,8.103989410400391,0.0004894754383713007,False
10,10,4.125,4.625,10,11,4.125,4.9375,2.982799530029297,9.54495849609375,0.0008887294097803533,False
10,10,4.125,4.625,10,9,4.125,4.3125,2.048773765563965,6.5560760498046875,1.415331098542083e-05,False
11,10,4.4375,4.625,12,10,4.75,4.625,2.677022695541382,8.566472625732422,4.074098342243815e-06,False
11,10,4.4375,4.625,10,10,4.125,4.625,2.5192456245422363,8.061585998535156,4.7117689973674715e-05,False
11,10,4.4375,4.625,11,11,4.4375,4.9375,3.0225517749786377,9.672165679931641,7.93787112343125e-05,False
11,10,4.4375,4.625,11,9,4.4375,4.3125,2.090178966522217,6.688572692871094,2.90048728857073e-06,False
12,10,4.75,4.625,13,10,5.0625,4.625,2.792546510696411,8.936148834228515,1.5078915112098912e-06,False
12,10,4.75,4.625,11,10,4.4375,4.625,2.5340476036071777,8.10895233154297,5.1577826525317505e-06,False
12,10,4.75,4.625,12,11,4.75,4.9375,3.0826408863067627,9.864450836181641,9.047348612511996e-06,False
12,10,4.75,4.625,12,9,4.75,4.3125,2.1712801456451416,6.948096466064453,2.7804144338006154e-06,False
13,10,5.0625,4.625,14,10,5.375,4.625,2.9339981079101562,9.3887939453125,2.7804144338006154e-06,False
13,10,5.0625,4.625,12,10,4.75,4.625,2.5815889835357666,8.261084747314452,1.0662403155947686e-06,False
13,10,5.0625,4.625,13,11,5.0625,4.9375,3.167562484741211,10.136199951171875,0.0,False
13,10,5.0625,4.625,13,9,5.0625,4.3125,2.2888236045837402,7.324235534667968,1.0662403155947686e-06,False
14,10,5.375,4.625,15,10,5.6875,4.625,3.0980989933013916,9.913916778564452,1.5078915112098912e-06,False
14,10,5.375,4.625,13,10,5.0625,4.625,2.661699056625366,8.517436981201172,1.430511474609375e-06,False
14,10,5.375,4.625,14,11,5.375,4.9375,3.277144432067871,10.486862182617188,4.1019084164872766e-06,False
14,10,5.375,4.625,14,9,5.375,4.3125,2.437816858291626,7.801013946533203,4.2649612623790745e-06,False
15,10,5.6875,4.625,16,10,6.0,4.625,3.281522035598755,10.500870513916016,1.5078915112098912e-06,False
15,10,5.6875,4.625,14,10,5.375,4.625,2.77201509475708,8.870448303222656,6.743495646333031e-07,False
15,10,5.6875,4.625,15,11,5.6875,4.9375,3.4095239639282227,10.910476684570312,2.384185791015625e-06,False
15,10,5.6875,4.625,15,9,5.6875,4.3125,2.612954616546631,8.36145477294922,2.431401981084491e-06,False
16,10,6.0,4.625,15,10,5.6875,4.625,2.9092397689819336,9.309567260742188,2.7804144338006154e-06,False
16,10,6.0,4.625,16,11,6.0,4.9375,3.5623154640197754,11.39940948486328,4.720447122963378e-06,False
16,10,6.0,4.625,16,9,6.0,4.3125,2.8093760013580322,8.990003204345703,1.719260808386025e-06,False
0,11,1.0,4.9375,1,11,1.3125,4.9375,1.122885823249817,3.593234634399414,5.500446150108473e-06,False
0,11,1.0,4.9375,0,12,1.0,5.25,0.5451428890228271,1.7444572448730469,5.960464477539062e-07,False
0,11,1.0,4.9375,0,10,1.0,4.625,1.4864319562911987,4.756582260131836,9.066961501957849e-05,False
1,11,1.3125,4.9375,2,11,1.625,4.9375,1.2738217115402222,4.076229476928711,4.8485366278328e-05,False
1,11,1.3125,4.9375,0,11,1.0,4.9375,1.0334128141403198,3.3069210052490234,5.278966455080081e-06,False
1,11,1.3125,4.9375,1,12,1.3125,5.25,0.6212185025215149,1.9878992080688476,8.344650268554688e-07,False
1,11,1.3125,4.9375,1,10,1.3125,4.625,1.5121209621429443,4.838787078857422,0.00016150988813024014,False
2,11,1.625,4.9375,3,11,1.9375,4.9375,1.4592721462249756,4.669670867919922,0.0005425196723081172,False
2,11,1.625,4.9375,1,11,1.3125,4.9375,1.0225046873092651,3.2720149993896483,2.093744114972651e-05,False
2,11,1.625,4.9375,2,12,1.625,5.25,0.8063850998878479,2.580432319641113,8.489843821735121e-06,False
2,11,1.625,4.9375,2,10,1.625,4.625,1.5778194665908813,5.04902229309082,0.00010348691284889355,False
3,11,1.9375,4.9375,4,11,2.25,4.9375,1.6364061832427979,5.236499786376953,0.0008640310261398554,False
3,11,1.9375,4.9375,2,11,1.625,4.9375,1.0867483615875244,3.477594757080078,0.00023972774215508252,False
3,11,1.9375,4.9375,3,12,1.9375,5.25,1.038092851638794,3.3218971252441407,0.00013089267304167151,False
3,11,1.9375,4.9375,3,10,1.9375,4.625,1.6368553638458252,5.237937164306641,0.002642654813826084,False
4,11,2.25,4.9375,5,11,2.5625,4.9375,1.8617632389068604,5.957642364501953,0.7644827961921692,False
4,11,2.25,4.9375,3,11,1.9375,4.9375,1.1844136714935303,3.7901237487792967,0.00036766930134035647,False
4,11,2.25,4.9375,4,12,2.25,5.25,1.2708280086517334,4.066649627685547,0.0005019211093895137,False
4,11,2.25,4.9375,4,10,2.25,4.625,0.7491447925567627,2.3972633361816404,0.8148070573806763,False
5,11,2.5625,4.9375,6,11,2.875,4.9375,1.1165151596069336,3.5728485107421877,0.9479390382766724,False
5,11,2.5625,4.9375,4,11,2.25,4.9375,1.339316487312317,4.285812759399414,2.426840305328369,False
5,11,2.5625,4.9375,5,12,2.5625,5.25,1.5177600383758545,4.856832122802734,2.433741569519043,False
5,11,2.5625,4.9375,5,10,2.5625,4.625,0.6973749399185181,2.231599807739258,0.935652494430542,False
6,11,2.875,4.9375,7,11,3.1875,4.9375,1.3107357025146484,4.194354248046875,1.3535964488983154,False
6,11,2.875,4.9375,5,11,2.5625,4.9375,0.8389431834220886,2.6846181869506838,2.1989409923553467,False
6,11,2.875,4.9375,6,12,2.875,5.25,1.2776966094970703,4.088629150390625,2.183297872543335,False
6,11,2.875,4.9375,6,10,2.875,4.625,1.140599250793457,3.6499176025390625,1.9192736148834229,False
7,11,3.1875,4.9375,8,11,3.5,4.9375,2.2230184078216553,7.113658905029297,2.2349748611450195,False
7,11,3.1875,4.9375,6,11,2.875,4.9375,0.897363007068634,2.871561622619629,0.9940370917320251,False
7,11,3.1875,4.9375,7,12,3.1875,5.25,2.184027910232544,6.98888931274414,2.0211946964263916,False
7,11,3.1875,4.9375,7,10,3.1875,4.625,1.6907241344451904,5.410317230224609,1.9182237386703491,False
8,11,3.5,4.9375,9,11,3.8125,4.9375,2.3951728343963623,7.66455307006836,2.0337345600128174,False
8,11,3.5,4.9375,7,11,3.1875,4.9375,1.4432518482208252,4.61840591430664,1.096376657485962,False
8,11,3.5,4.9375,8,12,3.5,5.25,1.940454363822937,6.209453964233399,1.1579667329788208,False
8,11,3.5,4.9375,8,10,3.5,4.625,2.721912384033203,8.71011962890625,2.5121681690216064,False
9,11,3.8125,4.9375,10,11,4.125,4.9375,2.783360481262207,8.906753540039062,0.005826377775520086,False
9,11,3.8125,4.9375,8,11,3.5,4.9375,2.8433477878570557,9.098712921142578,0.4000949561595917,False
9,11,3.8125,4.9375,9,12,3.8125,5.25,3.238156795501709,10.362101745605468,1.7791215181350708,False
9,11,3.8125,4.9375,9,10,3.8125,4.625,2.3012149333953857,7.363887786865234,0.0008179675787687302,False
10,11,4.125,4.9375,11,11,4.4375,4.9375,2.872305154800415,9.191376495361329,0.0005679138703271747,False
10,11,4.125,4.9375,9,11,3.8125,4.9375,2.7676002979278564,8.85632095336914,0.00774960545822978,False
10,11,4.125,4.9375,10,12,4.125,5.25,3.2544314861297607,10.414180755615234,0.9772508144378662,False
10,11,4.125,4.9375,10,10,4.125,4.625,2.3381407260894775,7.4820503234863285,0.0003574386646505445,False
11,11,4.4375,4.9375,12,11,4.75,4.9375,2.95871639251709,9.467892456054688,4.845003422815353e-05,False
11,11,4.4375,4.9375,10,11,4.125,4.9375,2.802208423614502,8.967066955566406,0.00012140727631049231,False
11,11,4.4375,4.9375,11,12,4.4375,5.25,3.2998709678649902,10.559587097167968,0.00031167062115855515,False
11,11,4.4375,4.9375,11,10,4.4375,4.625,2.382140874862671,7.622850799560547,3.0285729735624045e-05,False
12,11,4.75,4.9375,13,11,5.0625,4.9375,3.0658154487609863,9.810609436035156,6.198883056640625e-06,False
12,11,4.75,4.9375,11,11,4.4375,4.9375,2.8281588554382324,9.050108337402344,0.00010033541911980137,False
12,11,4.75,4.9375,12,12,4.75,5.25,3.3696303367614746,10.782817077636718,0.0001781636237865314,False
12,11,4.75,4.9375,12,10,4.75,4.625,2.4558000564575195,7.858560180664062,4.2649612623790745e-06,False
13,11,5.0625,4.9375,14,11,5.375,4.9375,3.1958179473876953,10.226617431640625,3.471426907708519e-06,False
13,11,5.0625,4.9375,12,11,4.75,4.9375,2.8744020462036133,9.198086547851563,9.17214583751047e-06,False
13,11,5.0625,4.9375,13,12,5.0625,5.25,3.4515514373779297,11.044964599609376,1.6135143596329726e-05,False
13,11,5.0625,4.9375,13,10,5.0625,4.625,2.5609383583068848,8.19500274658203,1.0662403155947686e-06,False
14,11,5.375,4.9375,15,11,5.6875,4.9375,3.347282886505127,10.711305236816406,1.3486991292666062e-06,False
14,11,5.375,4.9375,13,11,5.0625,4.9375,2.9476258754730225,9.432402801513671,2.90048728857073e-06,False
14,11,5.375,4.9375,14,12,5.375,5.25,3.553598403930664,11.371514892578125,4.978326160198776e-06,False
14,11,5.375,4.9375,14,10,5.375,4.625,2.6951022148132324,8.624327087402344,1.430511474609375e-06,False
15,11,5.6875,4.9375,16,11,6.0,4.9375,3.5177865028381348,11.256916809082032,2.7804144338006154e-06,False
15,11,5.6875,4.9375,14,11,5.375,4.9375,3.0479228496551514,9.753353118896484,3.198720833097468e-06,False
15,11,5.6875,4.9375,15,12,5.6875,5.25,3.6763932704925537,11.764458465576173,5.80097457714146e-06,False
15,11,5.6875,4.9375,15,10,5.6875,4.625,2.854545831680298,9.134546661376953,1.9073486328125e-06,False
16,11,6.0,4.9375,15,11,5.6875,4.9375,3.1733288764953613,10.154652404785157,1.9660499219753547e-06,False
16,11,6.0,4.9375,16,12,6.0,5.25,3.8186256885528564,12.21960220336914,5.820539172418648e-06,False
16,11,6.0,4.9375,16,10,6.0,4.625,3.035386323928833,9.713236236572266,6.106495220592478e-06,False
0,12,1.0,5.25,1,12,1.3125,5.25,0.8628396391868591,2.761086845397949,1.4354699260366033e-06,False
0,12,1.0,5.25,0,13,1.0,5.5625,0.24557901918888092,0.7858528614044189,4.805480102731963e-07,False
0,12,1.0,5.25,0,11,1.0,4.9375,1.1948237419128418,3.823435974121094,2.396076979493955e-06,False
1,12,1.3125,5.25,2,12,1.625,5.25,1.057137370109558,3.382839584350586,2.614463937788969e-06,False
1,12,1.3125,5.25,0,12,1.0,5.25,0.7414448857307434,2.372623634338379,2.4726948595343856e-06,False
1,12,1.3125,5.25,1,13,1.3125,5.5625,0.38770073652267456,1.2406423568725586,1.4745374983249349e-06,False
1,12,1.3125,5.25,1,11,1.3125,4.9375,1.2306557893753052,3.9380985260009767,5.18114893566235e-06,False
2,12,1.625,5.25,3,12,1.9375,5.25,1.2899737358093262,4.127915954589843,1.8572180124465376e-05,False
2,12,1.625,5.25,1,12,1.3125,5.25,0.7304200530052185,2.337344169616699,2.384185791015625e-07,False
2,12,1.625,5.25,2,13,1.625,5.5625,0.6480593681335449,2.0737899780273437,1.5078915112098912e-06,False
2,12,1.625,5.25,2,11,1.625,4.9375,1.3311353921890259,4.259633255004883,3.565633232938126e-05,False
3,12,1.9375,5.25,4,12,2.25,5.25,1.5386325120925903,4.923624038696289,0.00022631084721069783,False
3,12,1.9375,5.25,2,12,1.625,5.25,0.8328797221183777,2.6652151107788087,7.298101536434842e-06,False
3,12,1.9375,5.25,3,13,1.9375,5.5625,0.9311459064483643,2.979666900634766,4.474717115954263e-06,False
3,12,1.9375,5.25,3,11,1.9375,4.9375,1.4755558967590332,4.721778869628906,0.0004167142906226218,False
4,12,2.25,5.25,5,12,2.5625,5.25,1.7789840698242188,5.6927490234375,0.0005365848774090409,False
4,12,2.25,5.25,3,12,1.9375,5.25,1.009842038154602,3.2314945220947267,9.341414988739416e-05,False
4,12,2.25,5.25,4,13,2.25,5.5625,1.217882513999939,3.8972240447998048,5.2595485612982884e-05,False
4,12,2.25,5.25,4,11,2.25,4.9375,1.6245687007904053,5.198619842529297,0.00038032839074730873,False
5,12,2.5625,5.25,6,12,2.875,5.25,1.5784273147583008,5.050967407226563,0.6613065600395203,False
5,12,2.5625,5.25,4,12,2.25,5.25,1.2124179601669312,3.8797374725341798,0.00021882059809286147,False
5,12,2.5625,5.25,5,13,2.5625,5.5625,1.496199607849121,4.787838745117187,0.0008780017378740013,False
5,12,2.5625,5.25,5,11,2.5625,4.9375,1.8156485557556152,5.810075378417968,1.075482964515686,False
6,12,2.875,5.25,7,12,3.1875,5.25,1.6782153844833374,5.37028923034668,0.6442919373512268,False
6,12,2.875,5.25,5,12,2.5625,5.25,1.4176641702651978,4.5365253448486325,0.08233609050512314,False
6,12,2.875,5.25,6,13,2.875,5.5625,1.3680869340896606,4.377878189086914,0.6233417391777039,False
6,12,2.875,5.25,6,11,2.875,4.9375,1.083369255065918,3.4667816162109375,0.8803551197052002,False
7,12,3.1875,5.25,8,12,3.5,5.25,1.7464661598205566,5.588691711425781,1.6002140045166016,False
7,12,3.1875,5.25,6,12,2.875,5.25,1.4570581912994385,4.662586212158203,2.5952587127685547,False
7,12,3.1875,5.25,7,13,3.1875,5.5625,1.8813271522521973,6.020246887207032,2.5871500968933105,False
7,12,3.1875,5.25,7,11,3.1875,4.9375,1.0789215564727783,3.4525489807128906,1.135589599609375,False
8,12,3.5,5.25,9,12,3.8125,5.25,1.9550340175628662,6.2561088562011715,1.593889594078064,False
8,12,3.5,5.25,7,12,3.1875,5.25,1.3064249753952026,4.180559921264648,1.2019890546798706,False
8,12,3.5,5.25,8,13,3.5,5.5625,1.896142601966858,6.067656326293945,1.1273527145385742,False
8,12,3.5,5.25,8,11,3.5,4.9375,1.3023203611373901,4.167425155639648,1.4994533061981201,False
9,12,3.8125,5.25,10,12,4.125,5.25,2.2420477867126465,7.174552917480469,0.9642593264579773,False
9,12,3.8125,5.25,8,12,3.5,5.25,3.4475982189178467,11.03231430053711,2.379676580429077,False
9,12,3.8125,5.25,9,13,3.8125,5.5625,3.497917890548706,11.19333724975586,2.6450071334838867,False
9,12,3.8125,5.25,9,11,3.8125,4.9375,1.5754345655441284,5.041390609741211,1.0018028020858765,False
10,12,4.125,5.25,11,12,4.4375,5.25,2.676581859588623,8.565061950683594,0.5534908175468445,False
10,12,4.125,5.25,9,12,3.8125,5.25,2.9086687564849854,9.307740020751954,2.0370874404907227,False
10,12,4.125,5.25,10,13,4.125,5.5625,2.89306640625,9.2578125,1.6844215393066406,False
10,12,4.125,5.25,10,11,4.125,4.9375,2.8224873542785645,9.031959533691406,2.3316104412078857,False
11,12,4.4375,5.25,12,12,4.75,5.25,3.2309625148773193,10.339080047607421,0.00021582188492175192,False
11,12,4.4375,5.25,10,12,4.125,5.25,2.8568568229675293,9.141941833496094,1.6616758108139038,False
11,12,4.4375,5.25,11,13,4.4375,5.5625,2.9631948471069336,9.482223510742188,0.8888319134712219,False
11,12,4.4375,5.25,11,11,4.4375,4.9375,2.664306402206421,8.525780487060548,0.0008671760442666709,False
12,12,4.75,5.25,13,12,5.0625,5.25,3.3403401374816895,10.689088439941406,0.00010754342656582594,False
12,12,4.75,5.25,11,12,4.4375,5.25,3.1039106845855713,9.932514190673828,0.00046930782264098525,False
12,12,4.75,5.25,12,13,4.75,5.5625,3.6351003646850586,11.632321166992188,0.0003396131796762347,False
12,12,4.75,5.25,12,11,4.75,4.9375,2.740365505218506,8.76916961669922,6.746361032128334e-05,False
13,12,5.0625,5.25,14,12,5.375,5.25,3.462925434112549,11.081361389160156,1.0457855751155876e-05,False
13,12,5.0625,5.25,12,12,4.75,5.25,3.163170337677002,10.122145080566407,0.000219158420804888,False
13,12,5.0625,5.25,13,13,5.0625,5.5625,3.73179292678833,11.941737365722656,0.0003937811707146466,False
13,12,5.0625,5.25,13,11,5.0625,4.9375,2.8378078937530518,9.080985260009765,8.327602699864656e-06,False
14,12,5.375,5.25,15,12,5.6875,5.25,3.6040096282958984,11.532830810546875,5.436780156742316e-06,False
14,12,5.375,5.25,13,12,5.0625,5.25,3.23453426361084,10.350509643554688,2.3808455807738937e-05,False
14,12,5.375,5.25,14,13,5.375,5.5625,3.831751585006714,12.261605072021485,3.954299972974695e-05,False
14,12,5.375,5.25,14,11,5.375,4.9375,2.9602551460266113,9.472816467285156,2.86102294921875e-06,False
15,12,5.6875,5.25,16,12,6.0,5.25,3.7631351947784424,12.042032623291016,1.9073486328125e-06,False
15,12,5.6875,5.25,14,12,5.375,5.25,3.3275938034057617,10.648300170898438,4.291534423828125e-06,False
15,12,5.6875,5.25,15,13,5.6875,5.5625,3.9475245475769043,12.632078552246094,5.80097457714146e-06,False
15,12,5.6875,5.25,15,11,5.6875,4.9375,3.1063456535339355,9.940306091308594,5.0688486226135865e-06,False
16,12,6.0,5.25,15,12,5.6875,5.25,3.4432382583618164,11.018362426757813,2.431401981084491e-06,False
16,12,6.0,5.25,16,13,6.0,5.5625,4.0807952880859375,13.058544921875,4.76837158203125e-06,False
16,12,6.0,5.25,16,11,6.0,4.9375,3.2733662128448486,10.474771881103516,3.7242173220874975e-06,False
0,13,1.0,5.5625,1,13,1.3125,5.5625,0.634502649307251,2.030408477783203,1.17407535071834e-06,False
0,13,1.0,5.5625,0,14,1.0,5.875,0.0547051839530468,0.17505658864974977,5.331201577973843e-07,False
0,13,1.0,5.5625,0,12,1.0,5.25,0.895628809928894,2.866012191772461,1.4354699260366033e-06,False
1,13,1.3125,5.5625,2,13,1.625,5.5625,0.8819887638092041,2.8223640441894533,9.5367431640625e-07,False
1,13,1.3125,5.5625,0,13,1.0,5.5625,0.4554149806499481,1.457327938079834,7.177349630183016e-07,False
1,13,1.3125,5.5625,1,14,1.3125,5.875,0.305318683385849,0.9770197868347168,1.0185245855609537e-06,False
1,13,1.3125,5.5625,1,12,1.3125,5.25,0.9443077445030212,3.021784782409668,9.830249609876773e-07,False
2,13,1.625,5.5625,3,13,1.9375,5.5625,1.1542860269546509,3.693715286254883,2.0265579223632812e-06,False
2,13,1.625,5.5625,1,13,1.3125,5.5625,0.43860355019569397,1.4035313606262207,5.960464477539062e-07,False
2,13,1.625,5.5625,2,14,1.625,5.875,0.6031811237335205,1.9301795959472656,4.76837158203125e-07,False
2,13,1.625,5.5625,2,12,1.625,5.25,1.0769766569137573,3.4463253021240234,2.9490749966498697e-06,False
3,13,1.9375,5.5625,4,13,2.25,5.5625,1.4362056255340576,4.595858001708985,7.448434644174995e-06,False
3,13,1.9375,5.5625,2,13,1.625,5.5625,0.5976040959358215,1.912333106994629,1.0662403155947686e-06,False
3,13,1.9375,5.5625,3,14,1.9375,5.875,0.9024496674537659,2.887838935852051,2.384185791015625e-06,False
3,13,1.9375,5.5625,3,12,1.9375,5.25,1.2657090425491333,4.050268936157226,1.3345053048396949e-05,False
4,13,2.25,5.5625,5,13,2.5625,5.5625,1.7197892665863037,5.503325653076172,9.6611023764126e-05,False
4,13,2.25,5.5625,3,13,1.9375,5.5625,0.8365018963813782,2.6768060684204102,2.431401981084491e-06,False
4,13,2.25,5.5625,4,14,2.25,5.875,1.2014527320861816,3.844648742675781,1.430511474609375e-06,False
4,13,2.25,5.5625,4,12,2.25,5.25,1.4841890335083008,4.7494049072265625,0.00017543153080623597,False
5,13,2.5625,5.5625,6,13,2.875,5.5625,1.9941500425338745,6.381280136108399,0.00012917644926346838,False
5,13,2.5625,5.5625,4,13,2.25,5.5625,1.1014997959136963,3.524799346923828,3.8873928133398294e-05,False
5,13,2.5625,5.5625,5,14,2.5625,5.875,1.49855637550354,4.795380401611328,2.1154863134142943e-05,False
5,13,2.5625,5.5625,5,12,2.5625,5.25,1.7045868635177612,5.454677963256836,0.00033364302362315357,False
6,13,2.875,5.5625,7,13,3.1875,5.5625,2.2280373573303223,7.129719543457031,0.013181209564208984,False
6,13,2.875,5.5625,5,13,2.5625,5.5625,1.3687127828598022,4.379880905151367,0.0005803109961561859,False
6,13,2.875,5.5625,6,14,2.875,5.875,1.7892969846725464,5.725750350952149,0.00033011502819135785,False
6,13,2.875,5.5625,6,12,2.875,5.25,1.8913155794143677,6.052209854125977,1.0819796323776245,False
7,13,3.1875,5.5625,8,13,3.5,5.5625,2.1759142875671387,6.962925720214844,1.3716790676116943,False
7,13,3.1875,5.5625,6,13,2.875,5.5625,1.597576379776001,5.112244415283203,0.010992622002959251,False
7,13,3.1875,5.5625,7,14,3.1875,5.875,2.0524864196777344,6.56795654296875,0.0009458541753701866,False
7,13,3.1875,5.5625,7,12,3.1875,5.25,1.6972943544387817,5.431341934204101,1.52911376953125,False
8,13,3.5,5.5625,9,13,3.8125,5.5625,2.6816983222961426,8.581434631347657,2.5266284942626953,False
8,13,3.5,5.5625,7,13,3.1875,5.5625,1.333778977394104,4.2680927276611325,0.7425470948219299,False
8,13,3.5,5.5625,8,14,3.5,5.875,1.992887020111084,6.377238464355469,0.6648268103599548,False
8,13,3.5,5.5625,8,12,3.5,5.25,2.297994375228882,7.3535820007324215,2.425220489501953,False
9,13,3.8125,5.5625,10,13,4.125,5.5625,2.292118787765503,7.33478012084961,0.3484765291213989,False
9,13,3.8125,5.5625,8,13,3.5,5.5625,1.5307272672653198,4.898327255249024,0.9108958840370178,False
9,13,3.8125,5.5625,9,14,3.8125,5.875,2.1959030628204346,7.026889801025391,0.8628601431846619,False
9,13,3.8125,5.5625,9,12,3.8125,5.25,1.6253682374954224,5.201178359985351,0.0015155712608247995,False
10,13,4.125,5.5625,11,13,4.4375,5.5625,3.279172658920288,10.493352508544922,2.554462432861328,False
10,13,4.125,5.5625,9,13,3.8125,5.5625,2.528691053390503,8.091811370849609,1.6588636636734009,False
10,13,4.125,5.5625,10,14,4.125,5.875,2.744389533996582,8.782046508789062,1.486384630203247,False
10,13,4.125,5.5625,10,12,4.125,5.25,2.7389087677001953,8.764508056640626,2.5055594444274902,False
11,13,4.4375,5.5625,12,13,4.75,5.5625,3.4855988025665283,11.153916168212891,0.1523631066083908,False
11,13,4.4375,5.5625,10,13,4.125,5.5625,2.427515983581543,7.7680511474609375,0.7416971325874329,False
11,13,4.4375,5.5625,11,14,4.4375,5.875,2.9412682056427,9.412058258056641,1.1219682693481445,False
11,13,4.4375,5.5625,11,12,4.4375,5.25,2.929631471633911,9.374820709228516,0.07966212928295135,False
12,13,4.75,5.5625,13,13,5.0625,5.5625,3.6004841327667236,11.521549224853516,0.0003161487984471023,False
12,13,4.75,5.5625,11,13,4.4375,5.5625,3.403233766555786,10.890348052978515,1.9762638807296753,False
12,13,4.75,5.5625,12,14,4.75,5.875,3.9225757122039795,12.552242279052734,0.3765639364719391,False
12,13,4.75,5.5625,12,12,4.75,5.25,3.010803699493408,9.634571838378907,0.0004890483105555177,False
13,13,5.0625,5.5625,14,13,5.375,5.5625,3.730534315109253,11.93770980834961,0.00024138041771948338,False
13,13,5.0625,5.5625,12,13,4.75,5.5625,3.426166534423828,10.96373291015625,0.0006864555762149394,False
13,13,5.0625,5.5625,13,14,5.0625,5.875,3.981044054031372,12.73934097290039,0.0018574717687442899,False
13,13,5.0625,5.5625,13,12,5.0625,5.25,3.1146180629730225,9.966777801513672,0.00015404497389681637,False
14,13,5.375,5.5625,15,13,5.6875,5.5625,3.8657166957855225,12.370293426513673,2.1002497305744328e-05,False
14,13,5.375,5.5625,13,13,5.0625,5.5625,3.5164549350738525,11.252655792236329,0.000488568504806608,False
14,13,5.375,5.5625,14,14,5.375,5.875,4.10463285446167,13.134825134277344,0.0008906482253223658,False
14,13,5.375,5.5625,14,12,5.375,5.25,3.230320453643799,10.337025451660157,1.3248866707726847e-05,False
15,13,5.6875,5.5625,16,13,6.0,5.5625,4.015594959259033,12.849903869628907,4.317944330978207e-06,False
15,13,5.6875,5.5625,14,13,5.375,5.5625,3.608405113220215,11.546896362304688,4.5900374971097335e-05,False
15,13,5.6875,5.5625,15,14,5.6875,5.875,4.220048427581787,13.50415496826172,8.200074080377817e-05,False
15,13,5.6875,5.5625,15,12,5.6875,5.25,3.365770101547241,10.770464324951172,3.337860107421875e-06,False
16,13,6.0,5.5625,15,13,5.6875,5.5625,3.7171852588653564,11.89499282836914,5.761645297752693e-06,False
16,13,6.0,5.5625,16,14,6.0,5.875,4.347153186798096,13.910890197753906,1.066240292857401e-05,False
16,13,6.0,5.5625,16,12,6.0,5.25,3.5208096504211426,11.266590881347657,3.84438408218557e-06,False
0,14,1.0,5.875,1,14,1.3125,5.875,0.4902009963989258,1.5686431884765626,0.0,False
0,14,1.0,5.875,0,15,1.0,6.1875,0.3551073670387268,1.1363435745239259,9.610960205463925e-07,False
0,14,1.0,5.875,0,13,1.0,5.5625,0.5953963398933411,1.9052682876586915,4.76837158203125e-07,False
1,14,1.3125,5.875,2,14,1.625,5.875,0.7848794460296631,2.511614227294922,1.17407535071834e-06,False
1,14,1.3125,5.875,0,14,1.0,5.875,0.21215735375881195,0.6789035320281982,5.960464477539062e-07,False
1,14,1.3125,5.875,1,15,1.3125,6.1875,0.46514391899108887,1.4884605407714844,5.960464477539062e-07,False
1,14,1.3125,5.875,1,13,1.3125,5.5625,0.6668038368225098,2.133772277832031,1.4745374983249349e-06,False
2,14,1.625,5.875,3,14,1.9375,5.875,1.0826082229614258,3.4643463134765624,1.6689300537109375e-06,False
2,14,1.625,5.875,1,14,1.3125,5.875,0.17373479902744293,0.5559513568878174,1.0185245855609537e-06,False
2,14,1.625,5.875,2,15,1.625,6.1875,0.6979362368583679,2.2333959579467773,1.5497207641601562e-06,False
2,14,1.625,5.875,2,13,1.625,5.5625,0.8455268144607544,2.7056858062744142,4.76837158203125e-07,False
3,14,1.9375,5.875,4,14,2.25,5.875,1.3811848163604736,4.419791412353516,5.331201577973843e-07,False
3,14,1.9375,5.875,2,14,1.625,5.875,0.44244247674942017,1.4158159255981446,9.610960205463925e-07,False
3,14,1.9375,5.875,3,15,1.9375,6.1875,0.968660295009613,3.099712944030762,1.4354699260366033e-06,False
3,14,1.9375,5.875,3,13,1.9375,5.5625,1.0791038274765015,3.4531322479248048,2.489163080099388e-06,False
4,14,2.25,5.875,5,14,2.5625,5.875,1.679499864578247,5.374399566650391,4.70234954264015e-06,False
4,14,2.25,5.875,3,14,1.9375,5.875,0.7357833385467529,2.3545066833496096,7.152557373046875e-07,False
4,14,2.25,5.875,4,15,2.25,6.1875,1.252864956855774,4.009167861938477,1.719260808386025e-06,False
4,14,2.25,5.875,4,13,2.25,5.5625,1.337979793548584,4.281535339355469,6.106495220592478e-06,False
5,14,2.5625,5.875,6,14,2.875,5.875,1.9757808446884155,6.32249870300293,4.3044954509241506e-05,False
5,14,2.5625,5.875,4,14,2.25,5.875,1.0323660373687744,3.303571319580078,2.34815070143668e-06,False
5,14,2.5625,5.875,5,15,2.5625,6.1875,1.5428028106689453,4.936968994140625,2.90048728857073e-06,False
5,14,2.5625,5.875,5,13,2.5625,5.5625,1.6067944765090942,5.141742324829101,7.791729149175808e-05,False
6,14,2.875,5.875,7,14,3.1875,5.875,2.2654082775115967,7.249306488037109,0.0005287705571390688,False
6,14,2.875,5.875,5,14,2.5625,5.875,1.328322410583496,4.250631713867188,1.6607355064479634e-05,False
6,14,2.875,5.875,6,15,2.875,6.1875,1.8348032236099243,5.871370315551758,8.489843821735121e-06,False
6,14,2.875,5.875,6,13,2.875,5.5625,1.8724368810653687,5.991798019409179,0.0009778976673260331,False
7,14,3.1875,5.875,8,14,3.5,5.875,2.530268907546997,8.09686050415039,0.000852730474434793,False
7,14,3.1875,5.875,6,14,2.875,5.875,1.6190637350082397,5.1810039520263675,0.00023093506752047688,False
7,14,3.1875,5.875,7,15,3.1875,6.1875,2.1250548362731934,6.800175476074219,0.00013161482638679445,False
7,14,3.1875,5.875,7,13,3.1875,5.5625,2.1002728939056396,6.720873260498047,0.0023617269471287727,False
8,14,3.5,5.875,9,14,3.8125,5.875,2.8129141330718994,9.001325225830078,0.7566968202590942,False
8,14,3.5,5.875,7,14,3.1875,5.875,1.8881072998046875,6.041943359375,0.00036106116021983325,False
8,14,3.5,5.875,8,15,3.5,6.1875,2.4031741619110107,7.690157318115235,0.0005001228419132531,False
8,14,3.5,5.875,8,13,3.5,5.5625,1.7360963821411133,5.555508422851562,0.8108793497085571,False
9,14,3.8125,5.875,10,14,4.125,5.875,2.5328946113586426,8.105262756347656,0.9487852454185486,False
9,14,3.8125,5.875,8,14,3.5,5.875,2.1635823249816895,6.923463439941406,2.4297516345977783,False
9,14,3.8125,5.875,9,15,3.8125,6.1875,2.680712938308716,8.57828140258789,2.4336495399475098,False
9,14,3.8125,5.875,9,13,3.8125,5.5625,1.9106026887893677,6.113928604125976,0.9386648535728455,False
10,14,4.125,5.875,11,14,4.4375,5.875,2.756230354309082,8.819937133789063,1.2998988628387451,False
10,14,4.125,5.875,9,14,3.8125,5.875,2.075566291809082,6.641812133789062,2.1982476711273193,False
10,14,4.125,5.875,10,15,4.125,6.1875,2.6880006790161133,8.601602172851562,2.1739463806152344,False
10,14,4.125,5.875,10,13,4.125,5.5625,2.2641985416412354,7.245435333251953,1.8904898166656494,False
11,14,4.4375,5.875,12,14,4.75,5.875,3.3598313331604004,10.75146026611328,2.098026752471924,False
11,14,4.4375,5.875,10,14,4.125,5.875,2.2654855251312256,7.249553680419922,1.0074243545532227,False
11,14,4.4375,5.875,11,15,4.4375,6.1875,3.305864095687866,10.578765106201171,1.9761238098144531,False
11,14,4.4375,5.875,11,13,4.4375,5.5625,2.3392276763916016,7.485528564453125,1.3074716329574585,False
12,14,4.75,5.875,13,14,5.0625,5.875,3.619032859802246,11.580905151367187,2.0369467735290527,False
12,14,4.75,5.875,11,14,4.4375,5.875,2.651294231414795,8.484141540527343,1.1494195461273193,False
12,14,4.75,5.875,12,15,4.75,6.1875,3.2865045070648193,10.516814422607421,1.1647382974624634,False
12,14,4.75,5.875,12,13,4.75,5.5625,3.5692121982574463,11.421479034423829,2.5133047103881836,False
13,14,5.0625,5.875,14,14,5.375,5.875,3.975306987762451,12.720982360839844,0.005826473236083984,False
13,14,5.0625,5.875,12,14,4.75,5.875,3.722301483154297,11.91136474609375,0.4008570611476898,False
13,14,5.0625,5.875,13,15,5.0625,6.1875,4.272706985473633,13.672662353515625,1.7796030044555664,False
13,14,5.0625,5.875,13,13,5.0625,5.5625,3.3693559169769287,10.781938934326172,0.0008161565056070685,False
14,14,5.375,5.875,15,14,5.6875,5.875,4.126521110534668,13.204867553710937,0.0005651556421071291,False
14,14,5.375,5.875,13,14,5.0625,5.875,3.762058973312378,12.038588714599609,0.007752133067697287,False
14,14,5.375,5.875,14,15,5.375,6.1875,4.368493556976318,13.979179382324219,0.9769998788833618,False
14,14,5.375,5.875,14,13,5.375,5.5625,3.499422073364258,11.198150634765625,0.00035783794010058045,False
15,14,5.6875,5.875,16,14,6.0,5.875,4.272481918334961,13.671942138671875,4.8557853006059304e-05,False
15,14,5.6875,5.875,14,14,5.375,5.875,3.8817403316497803,12.421569061279296,0.00012477562995627522,False
15,14,5.6875,5.875,15,15,5.6875,6.1875,4.483712673187256,14.347880554199218,0.00030985355260781944,False
15,14,5.6875,5.875,15,13,5.6875,5.5625,3.629835605621338,11.61547393798828,2.949460395029746e-05,False
16,14,6.0,5.875,15,14,5.6875,5.875,3.992002248764038,12.774407196044923,9.861771832220256e-05,False
16,14,6.0,5.875,16,15,6.0,6.1875,4.614218235015869,14.76549835205078,0.00017529197793919593,False
16,14,6.0,5.875,16,13,6.0,5.5625,3.775463819503784,12.08148422241211,3.7242173220874975e-06,False
0,15,1.0,6.1875,1,15,1.3125,6.1875,0.5083044767379761,1.6265743255615235,1.3486991292666062e-06,False
0,15,1.0,6.1875,0,16,1.0,6.5,0.655531108379364,2.0976995468139648,2.384185791015625e-06,False
0,15,1.0,6.1875,0,14,1.0,5.875,0.2950027585029602,0.9440088272094727,1.4317527075036196e-06,False
1,15,1.3125,6.1875,2,15,1.625,6.1875,0.7963587045669556,2.5483478546142577,9.5367431640625e-07,False
1,15,1.3125,6.1875,0,15,1.0,6.1875,0.25113046169281006,0.8036174774169922,1.6268901390503743e-06,False
1,15,1.3125,6.1875,1,16,1.3125,6.5,0.7210965752601624,2.3075090408325196,3.3906608223333023e-06,False
1,15,1.3125,6.1875,1,14,1.3125,5.875,0.4210265874862671,1.3472850799560547,5.960464477539062e-07,False
2,15,1.625,6.1875,3,15,1.9375,6.1875,1.0910876989364624,3.4914806365966795,1.3486991292666062e-06,False
2,15,1.625,6.1875,1,15,1.3125,6.1875,0.21969854831695557,0.7030353546142578,2.384185791015625e-07,False
2,15,1.625,6.1875,2,16,1.625,6.5,0.8892422914505005,2.8455753326416016,1.450243644285365e-06,False
2,15,1.625,6.1875,2,14,1.625,5.875,0.6692923307418823,2.1417354583740233,1.1920928955078125e-07,False
3,15,1.9375,6.1875,4,15,2.25,6.1875,1.3882043361663818,4.442253875732422,1.0662403155947686e-06,False
3,15,1.9375,6.1875,2,15,1.625,6.1875,0.462566614151001,1.4802131652832031,3.5762786865234375e-07,False
3,15,1.9375,6.1875,3,16,1.9375,6.5,1.1144640445709229,3.566284942626953,2.6656007321435027e-06,False
3,15,1.9375,6.1875,3,14,1.9375,5.875,0.9481157064437866,3.033970260620117,6.743495646333031e-07,False
4,15,2.25,6.1875,5,15,2.5625,6.1875,1.6863218545913696,5.396229934692383,2.34815070143668e-06,False
4,15,2.25,6.1875,3,15,1.9375,6.1875,0.7484058141708374,2.39489860534668,3.5762786865234375e-07,False
4,15,2.25,6.1875,4,16,2.25,6.5,1.3688589334487915,4.380348587036133,1.2839233249906101e-06,False
4,15,2.25,6.1875,4,14,2.25,5.875,1.23676335811615,3.95764274597168,1.450243644285365e-06,False
5,15,2.5625,6.1875,6,15,2.875,6.1875,1.9846203327178955,6.3507850646972654,4.163801349932328e-06,False
5,15,2.5625,6.1875,4,15,2.25,6.1875,1.0423403978347778,3.335489273071289,6.743495646333031e-07,False
5,15,2.5625,6.1875,5,16,2.5625,6.5,1.63884699344635,5.24431037902832,5.331201577973843e-07,False
5,15,2.5625,6.1875,5,14,2.5625,5.875,1.5290133953094482,4.892842864990234,3.207593863407965e-06,False
6,15,2.875,6.1875,7,15,3.1875,6.1875,2.281935691833496,7.302194213867187,1.774096926965285e-05,False
6,15,2.875,6.1875,5,15,2.5625,6.1875,1.3387422561645508,4.283975219726562,8.596304041930125e-07,False
6,15,2.875,6.1875,6,16,2.875,6.5,1.9176926612854004,6.136616516113281,2.384185791015625e-06,False
6,15,2.875,6.1875,6,14,2.875,5.875,1.8212395906448364,5.827966690063477,3.522790939314291e-05,False
7,15,3.1875,6.1875,8,15,3.5,6.1875,2.575385808944702,8.241234588623048,0.00022483074280899018,False
7,15,3.1875,6.1875,6,15,2.875,6.1875,1.6353613138198853,5.233156204223633,7.25121799405315e-06,False
7,15,3.1875,6.1875,7,16,3.1875,6.5,2.201509475708008,7.044830322265625,4.046097274112981e-06,False
7,15,3.1875,6.1875,7,14,3.1875,5.875,2.108081579208374,6.745861053466797,0.0004138482909183949,False
8,15,3.5,6.1875,9,15,3.8125,6.1875,2.855180501937866,9.136577606201172,0.0005378256319090724,False
8,15,3.5,6.1875,7,15,3.1875,6.1875,1.9293841123580933,6.174029159545898,9.498638974037021e-05,False
8,15,3.5,6.1875,8,16,3.5,6.5,2.4869465827941895,7.958229064941406,5.3552972531178966e-05,False
8,15,3.5,6.1875,8,14,3.5,5.875,2.3723106384277344,7.59139404296875,0.00037632000748999417,False
9,15,3.8125,6.1875,10,15,4.125,6.1875,2.863750696182251,9.164002227783204,0.6613299250602722,False
9,15,3.8125,6.1875,8,15,3.5,6.1875,2.212405204772949,7.0796966552734375,0.00021896380349062383,False
9,15,3.8125,6.1875,9,16,3.8125,6.5,2.7680933475494385,8.857898712158203,0.0008794314926490188,False
9,15,3.8125,6.1875,9,14,3.8125,5.875,2.647083282470703,8.47066650390625,1.0761303901672363,False
10,15,4.125,6.1875,11,15,4.4375,6.1875,3.0409281253814697,9.730970001220703,0.6455057263374329,False
10,15,4.125,6.1875,9,15,3.8125,6.1875,2.4812428951263428,7.9399772644042965,0.0823206901550293,False
10,15,4.125,6.1875,10,16,4.125,6.5,2.831622838973999,9.061193084716797,0.6233471035957336,False
10,15,4.125,6.1875,10,14,4.125,5.875,2.367650270462036,7.576480865478516,0.880559504032135,False
11,15,4.4375,6.1875,12,15,4.75,6.1875,3.1930572986602783,10.217783355712891,1.5918469429016113,False
11,15,4.4375,6.1875,10,15,4.125,6.1875,2.643414258956909,8.45892562866211,2.59354829788208,False
11,15,4.4375,6.1875,11,16,4.4375,6.5,3.2260031700134277,10.323210144042969,2.587125301361084,False
11,15,4.4375,6.1875,11,14,4.4375,5.875,2.5121445655822754,8.038862609863282,1.060171127319336,False
12,15,4.75,6.1875,13,15,5.0625,6.1875,3.4204676151275635,10.945496368408204,1.5964980125427246,False
12,15,4.75,6.1875,11,15,4.4375,6.1875,2.7018470764160156,8.64591064453125,1.2030292749404907,False
12,15,4.75,6.1875,12,16,4.75,6.5,3.3443353176116943,10.701873016357421,1.1273822784423828,False
12,15,4.75,6.1875,12,14,4.75,5.875,2.7550039291381836,8.816012573242187,1.5346125364303589,False
13,15,5.0625,6.1875,14,15,5.375,6.1875,3.699000835418701,11.836802673339843,0.9346979856491089,False
13,15,5.0625,6.1875,12,15,4.75,6.1875,4.278100967407227,13.689923095703126,2.365614414215088,False
13,15,5.0625,6.1875,13,16,5.0625,6.5,4.533217430114746,14.506295776367187,2.6446120738983154,False
13,15,5.0625,6.1875,13,14,5.0625,5.875,3.012181520462036,9.638980865478516,1.005990982055664,False
14,15,5.375,6.1875,15,15,5.6875,6.1875,4.060052871704102,12.992169189453126,0.5533629655838013,False
14,15,5.375,6.1875,13,15,5.0625,6.1875,3.9341647624969482,12.589327239990235,2.035520076751709,False
14,15,5.375,6.1875,14,16,5.375,6.5,4.17080545425415,13.346577453613282,1.6826212406158447,False
14,15,5.375,6.1875,14,14,5.375,5.875,3.909752368927002,12.511207580566406,2.331509590148926,False
15,15,5.6875,6.1875,16,15,6.0,6.1875,4.525568962097168,14.481820678710937,0.0002162386808777228,False
15,15,5.6875,6.1875,14,15,5.375,6.1875,3.989841938018799,12.767494201660156,1.6617236137390137,False
15,15,5.6875,6.1875,15,16,5.6875,6.5,4.305423736572266,13.77735595703125,0.8888177275657654,False
15,15,5.6875,6.1875,15,14,5.6875,5.875,3.8911683559417725,12.451738739013672,0.0008686116198077798,False
16,15,6.0,6.1875,15,15,5.6875,6.1875,4.255984783172607,13.619151306152343,0.0004704568418674171,False
16,15,6.0,6.1875,16,16,6.0,6.5,4.867451190948486,15.575843811035156,0.0003420235589146614,False
16,15,6.0,6.1875,16,14,6.0,5.875,4.034143924713135,12.909260559082032,6.864136958029121e-05,False
0,16,1.0,6.5,1,16,1.3125,6.5,0.6759730577468872,2.1631137847900392,1.5497207641601562e-06,False
0,16,1.0,6.5,0,15,1.0,6.1875,0.005414361599832773,0.017325957119464875,1.450243644285365e-06,False
1,16,1.3125,6.5,2,16,1.625,6.5,0.9125608801841736,2.9201948165893556,1.5266238051481196e-06,False
1,16,1.3125,6.5,0,16,1.0,6.5,0.5114980340003967,1.6367937088012696,7.633119025740598e-07,False
1,16,1.3125,6.5,1,15,1.3125,6.1875,0.30047309398651123,0.961513900756836,5.331201577973843e-07,False
2,16,1.625,6.5,3,16,1.9375,6.5,1.1786009073257446,3.7715229034423827,2.4805847260722658e-06,False
2,16,1.625,6.5,1,16,1.3125,6.5,0.49682238698005676,1.5898316383361817,9.610960205463925e-07,False
2,16,1.625,6.5,2,15,1.625,6.1875,0.6008687615394592,1.9227800369262695,1.1920928955078125e-06,False
3,16,1.9375,6.5,4,16,2.25,6.5,1.4580543041229248,4.66577377319336,2.6973982585332124e-06,False
3,16,1.9375,6.5,2,16,1.625,6.5,0.6423013806343079,2.055364418029785,9.610960205463925e-07,False
3,16,1.9375,6.5,3,15,1.9375,6.1875,0.9012636542320251,2.8840436935424805,5.331201577973843e-07,False
4,16,2.25,6.5,5,16,2.5625,6.5,1.744463562965393,5.582283401489258,1.719260808386025e-06,False
4,16,2.25,6.5,3,16,1.9375,6.5,0.8710758686065674,2.7874427795410157,7.633119025740598e-07,False
4,16,2.25,6.5,4,15,2.25,6.1875,1.201613426208496,3.8451629638671876,2.5344243113067932e-06,False
5,16,2.5625,6.5,6,16,2.875,6.5,2.0348267555236816,6.511445617675781,2.384185791015625e-06,False
5,16,2.5625,6.5,4,16,2.25,6.5,1.1337846517562866,3.628110885620117,1.1920928955078125e-06,False
5,16,2.5625,6.5,5,15,2.5625,6.1875,1.501813292503357,4.805802536010742,1.922192041092785e-06,False
6,16,2.875,6.5,7,16,3.1875,6.5,2.327455520629883,7.447857666015625,7.152557373046875e-07,False
6,16,2.875,6.5,5,16,2.5625,6.5,1.4115564823150635,4.516980743408203,1.9660499219753547e-06,False
6,16,2.875,6.5,6,15,2.875,6.1875,1.8015620708465576,5.7649986267089846,2.1981106783641735e-06,False
7,16,3.1875,6.5,8,16,3.5,6.5,2.6209568977355957,8.387062072753906,8.792442713456694e-06,False
7,16,3.1875,6.5,6,16,2.875,6.5,1.696851134300232,5.429923629760742,1.5078915112098912e-06,False
7,16,3.1875,6.5,7,15,3.1875,6.1875,2.0999526977539062,6.7198486328125,1.501279984950088e-05,False
8,16,3.5,6.5,9,16,3.8125,6.5,2.9131534099578857,9.322090911865235,9.800859697861597e-05,False
8,16,3.5,6.5,7,16,3.1875,6.5,1.9859422445297241,6.3550151824951175,2.6973982585332124e-06,False
8,16,3.5,6.5,8,15,3.5,6.1875,2.394294023513794,7.66174087524414,0.00017671626119408756,False
9,16,3.8125,6.5,10,16,4.125,6.5,3.1980443000793457,10.233741760253906,0.00012898247223347425,False
9,16,3.8125,6.5,8,16,3.5,6.5,2.275871515274048,7.282788848876953,3.889366416842677e-05,False
9,16,3.8125,6.5,9,15,3.8125,6.1875,2.675348997116089,8.561116790771484,0.00033240587799809873,False
10,16,4.125,6.5,11,16,4.4375,6.5,3.4550039768218994,11.056012725830078,0.013183975592255592,False
10,16,4.125,6.5,9,16,3.8125,6.5,2.561584949493408,8.197071838378907,0.0005796433542855084,False
10,16,4.125,6.5,10,15,4.125,6.1875,2.92421555519104,9.357489776611327,1.0821071863174438,False
11,16,4.4375,6.5,12,16,4.75,6.5,3.525563955307007,11.281804656982422,1.3715171813964844,False
11,16,4.4375,6.5,10,16,4.125,6.5,2.821816921234131,9.029814147949219,0.010989761911332607,False
11,16,4.4375,6.5,11,15,4.4375,6.1875,2.928633689880371,9.371627807617188,1.5291458368301392,False
12,16,4.75,6.5,13,16,5.0625,6.5,3.9507594108581543,12.642430114746094,2.5266566276550293,False
12,16,4.75,6.5,11,16,4.4375,6.5,2.812748670578003,9.00079574584961,0.7425295114517212,False
12,16,4.75,6.5,12,15,4.75,6.1875,3.4203450679779053,10.945104217529297,2.4253010749816895,False
13,16,5.0625,6.5,14,16,5.375,6.5,3.793588876724243,12.139484405517578,0.36076825857162476,False
13,16,5.0625,6.5,12,16,4.75,6.5,3.0325772762298584,9.704247283935548,0.9103553295135498,False
13,16,5.0625,6.5,13,15,5.0625,6.1875,3.1270751953125,10.006640625,0.02398088574409485,False
14,16,5.375,6.5,15,16,5.6875,6.5,4.539508819580078,14.52642822265625,2.558516025543213,False
14,16,5.375,6.5,13,16,5.0625,6.5,3.8146581649780273,12.206906127929688,1.6945102214813232,False
14,16,5.375,6.5,14,15,5.375,6.1875,3.9197745323181152,12.54327850341797,2.5049073696136475,False
15,16,5.6875,6.5,16,16,6.0,6.5,4.767901420593262,15.257284545898438,0.15206222236156464,False
15,16,5.6875,6.5,14,16,5.375,6.5,3.768950939178467,12.060643005371094,0.7069180607795715,False
15,16,5.6875,6.5,15,15,5.6875,6.1875,4.14328670501709,13.258517456054687,0.0796782523393631,False
16,16,6.0,6.5,15,16,5.6875,6.5,4.539022922515869,14.524873352050781,1.9764783382415771,False
16,16,6.0,6.5,16,15,6.0,6.1875,4.286164283752441,13.715725708007813,0.0004870468401350081,False
